 
****************************************
check_design summary:
Version:     X-2025.06-SP4
Date:        Tue Apr 21 13:58:38 2026
****************************************

                   Name                                            Total
--------------------------------------------------------------------------------
Inputs/Outputs                                                   3249
    Unconnected ports (LINT-28)                                   768
    Feedthrough (LINT-29)                                        1258
    Shorted outputs (LINT-31)                                     978
    Constant outputs (LINT-52)                                    245

Cells                                                             238
    Cells do not drive (LINT-1)                                    70
    Connected to power or ground (LINT-32)                        166
    Nets connected to multiple pins on same cell (LINT-33)          2

Nets                                                               26
    Unloaded nets (LINT-2)                                         26
--------------------------------------------------------------------------------

Warning: In design 'icache', cell 'B_33' does not drive any nets. (LINT-1)
Warning: In design 'icache', cell 'B_34' does not drive any nets. (LINT-1)
Warning: In design 'icache', cell 'C682' does not drive any nets. (LINT-1)
Warning: In design 'icache', cell 'C697' does not drive any nets. (LINT-1)
Warning: In design 'uart_lite', cell 'C1450' does not drive any nets. (LINT-1)
Warning: In design 'uart_lite', cell 'C1475' does not drive any nets. (LINT-1)
Warning: In design 'uart_lite', cell 'C1500' does not drive any nets. (LINT-1)
Warning: In design 'uart_lite', cell 'C1520' does not drive any nets. (LINT-1)
Warning: In design 'timer', cell 'C1253' does not drive any nets. (LINT-1)
Warning: In design 'timer', cell 'C1263' does not drive any nets. (LINT-1)
Warning: In design 'axi4_lite_tap', cell 'B_44' does not drive any nets. (LINT-1)
Warning: In design 'axi4_lite_tap', cell 'B_45' does not drive any nets. (LINT-1)
Warning: In design 'axi4_lite_tap', cell 'B_46' does not drive any nets. (LINT-1)
Warning: In design 'axi4_lite_tap', cell 'B_47' does not drive any nets. (LINT-1)
Warning: In design 'spi_lite', cell 'C1677' does not drive any nets. (LINT-1)
Warning: In design 'spi_lite', cell 'C1733' does not drive any nets. (LINT-1)
Warning: In design 'dport_bridge_fifo_WIDTH69_DEPTH4_ADDR_W2', cell 'C1201' does not drive any nets. (LINT-1)
Warning: In design 'dport_bridge_fifo_WIDTH69_DEPTH4_ADDR_W2', cell 'C1203' does not drive any nets. (LINT-1)
Warning: In design 'dport_bridge_fifo_WIDTH69_DEPTH4_ADDR_W2', cell 'C1212' does not drive any nets. (LINT-1)
Warning: In design 'dport_bridge_fifo_WIDTH69_DEPTH4_ADDR_W2', cell 'C1213' does not drive any nets. (LINT-1)
Warning: In design 'dport_bridge_fifo_WIDTH11_DEPTH4_ADDR_W2', cell 'C273' does not drive any nets. (LINT-1)
Warning: In design 'dport_bridge_fifo_WIDTH11_DEPTH4_ADDR_W2', cell 'C275' does not drive any nets. (LINT-1)
Warning: In design 'dport_bridge_fifo_WIDTH11_DEPTH4_ADDR_W2', cell 'C284' does not drive any nets. (LINT-1)
Warning: In design 'dport_bridge_fifo_WIDTH11_DEPTH4_ADDR_W2', cell 'C285' does not drive any nets. (LINT-1)
Warning: In design 'riscv_exec', cell 'B_5' does not drive any nets. (LINT-1)
Warning: In design 'riscv_exec', cell 'C564' does not drive any nets. (LINT-1)
Warning: In design 'riscv_exec', cell 'C568' does not drive any nets. (LINT-1)
Warning: In design 'riscv_exec', cell 'C572' does not drive any nets. (LINT-1)
Warning: In design 'riscv_exec', cell 'C576' does not drive any nets. (LINT-1)
Warning: In design 'riscv_exec', cell 'C580' does not drive any nets. (LINT-1)
Warning: In design 'riscv_exec', cell 'C584' does not drive any nets. (LINT-1)
Warning: In design 'riscv_exec', cell 'C588' does not drive any nets. (LINT-1)
Warning: In design 'riscv_mmu', cell 'C1693' does not drive any nets. (LINT-1)
Warning: In design 'riscv_mmu', cell 'C1719' does not drive any nets. (LINT-1)
Warning: In design 'riscv_lsu', cell 'B_20' does not drive any nets. (LINT-1)
Warning: In design 'riscv_lsu', cell 'C999' does not drive any nets. (LINT-1)
Warning: In design 'riscv_csr', cell 'C9377' does not drive any nets. (LINT-1)
Warning: In design 'riscv_csr', cell 'C9381' does not drive any nets. (LINT-1)
Warning: In design 'riscv_csr', cell 'C9396' does not drive any nets. (LINT-1)
Warning: In design 'riscv_csr', cell 'C9403' does not drive any nets. (LINT-1)
Warning: In design 'riscv_csr', cell 'C9420' does not drive any nets. (LINT-1)
Warning: In design 'riscv_csr', cell 'C9449' does not drive any nets. (LINT-1)
Warning: In design 'riscv_csr', cell 'C9480' does not drive any nets. (LINT-1)
Warning: In design 'riscv_csr', cell 'C9502' does not drive any nets. (LINT-1)
Warning: In design 'riscv_csr', cell 'B_65' does not drive any nets. (LINT-1)
Warning: In design 'riscv_csr', cell 'C9717' does not drive any nets. (LINT-1)
Warning: In design 'riscv_csr', cell 'C9721' does not drive any nets. (LINT-1)
Warning: In design 'riscv_csr', cell 'C9725' does not drive any nets. (LINT-1)
Warning: In design 'riscv_muldiv', cell 'C1433' does not drive any nets. (LINT-1)
Warning: In design 'riscv_muldiv', cell 'C1437' does not drive any nets. (LINT-1)
Warning: In design 'riscv_muldiv', cell 'C1475' does not drive any nets. (LINT-1)
Warning: In design 'riscv_muldiv', cell 'C1513' does not drive any nets. (LINT-1)
Warning: In design 'riscv_muldiv', cell 'C1522' does not drive any nets. (LINT-1)
Warning: In design 'riscv_muldiv', cell 'C1526' does not drive any nets. (LINT-1)
Warning: In design 'riscv_decode', cell 'C3503' does not drive any nets. (LINT-1)
Warning: In design 'riscv_fetch', cell 'C875' does not drive any nets. (LINT-1)
Warning: In design 'spi_lite_fifo_WIDTH8_DEPTH4_ADDR_W2', cell 'C323' does not drive any nets. (LINT-1)
Warning: In design 'spi_lite_fifo_WIDTH8_DEPTH4_ADDR_W2', cell 'C325' does not drive any nets. (LINT-1)
Warning: In design 'spi_lite_fifo_WIDTH8_DEPTH4_ADDR_W2', cell 'C334' does not drive any nets. (LINT-1)
Warning: In design 'spi_lite_fifo_WIDTH8_DEPTH4_ADDR_W2', cell 'C335' does not drive any nets. (LINT-1)
Warning: In design 'axi4retime_fifo2x46', cell 'C501' does not drive any nets. (LINT-1)
Warning: In design 'axi4retime_fifo2x46', cell 'C502' does not drive any nets. (LINT-1)
Warning: In design 'axi4retime_fifo2x37', cell 'C420' does not drive any nets. (LINT-1)
Warning: In design 'axi4retime_fifo2x37', cell 'C421' does not drive any nets. (LINT-1)
Warning: In design 'axi4retime_fifo2x6', cell 'C141' does not drive any nets. (LINT-1)
Warning: In design 'axi4retime_fifo2x6', cell 'C142' does not drive any nets. (LINT-1)
Warning: In design 'axi4retime_fifo2x39', cell 'C438' does not drive any nets. (LINT-1)
Warning: In design 'axi4retime_fifo2x39', cell 'C439' does not drive any nets. (LINT-1)
Warning: In design 'riscv_alu', cell 'B_16' does not drive any nets. (LINT-1)
Warning: In design 'riscv_alu', cell 'B_17' does not drive any nets. (LINT-1)
Warning: In design 'riscv_soc', net 'u_core/u_dport_bridge/req_w[0]' driven by pin 'u_core/u_dport_bridge/u_req/data_out_o[0]' has no loads. (LINT-2)
Warning: In design 'riscv_soc', net 'u_core/u_dport_bridge/req_w[1]' driven by pin 'u_core/u_dport_bridge/u_req/data_out_o[1]' has no loads. (LINT-2)
Warning: In design 'riscv_soc', net 'u_core/u_icache/u_tag1/dout_full[20]' driven by pin 'u_core/u_icache/u_tag1/u_sram/dout0[20]' has no loads. (LINT-2)
Warning: In design 'riscv_soc', net 'u_core/u_icache/u_tag1/dout_full[21]' driven by pin 'u_core/u_icache/u_tag1/u_sram/dout0[21]' has no loads. (LINT-2)
Warning: In design 'riscv_soc', net 'u_core/u_icache/u_tag1/dout_full[22]' driven by pin 'u_core/u_icache/u_tag1/u_sram/dout0[22]' has no loads. (LINT-2)
Warning: In design 'riscv_soc', net 'u_core/u_icache/u_tag1/dout_full[23]' driven by pin 'u_core/u_icache/u_tag1/u_sram/dout0[23]' has no loads. (LINT-2)
Warning: In design 'riscv_soc', net 'u_core/u_icache/u_tag1/dout_full[24]' driven by pin 'u_core/u_icache/u_tag1/u_sram/dout0[24]' has no loads. (LINT-2)
Warning: In design 'riscv_soc', net 'u_core/u_icache/u_tag1/dout_full[25]' driven by pin 'u_core/u_icache/u_tag1/u_sram/dout0[25]' has no loads. (LINT-2)
Warning: In design 'riscv_soc', net 'u_core/u_icache/u_tag1/dout_full[26]' driven by pin 'u_core/u_icache/u_tag1/u_sram/dout0[26]' has no loads. (LINT-2)
Warning: In design 'riscv_soc', net 'u_core/u_icache/u_tag1/dout_full[27]' driven by pin 'u_core/u_icache/u_tag1/u_sram/dout0[27]' has no loads. (LINT-2)
Warning: In design 'riscv_soc', net 'u_core/u_icache/u_tag1/dout_full[28]' driven by pin 'u_core/u_icache/u_tag1/u_sram/dout0[28]' has no loads. (LINT-2)
Warning: In design 'riscv_soc', net 'u_core/u_icache/u_tag1/dout_full[29]' driven by pin 'u_core/u_icache/u_tag1/u_sram/dout0[29]' has no loads. (LINT-2)
Warning: In design 'riscv_soc', net 'u_core/u_icache/u_tag1/dout_full[30]' driven by pin 'u_core/u_icache/u_tag1/u_sram/dout0[30]' has no loads. (LINT-2)
Warning: In design 'riscv_soc', net 'u_core/u_icache/u_tag1/dout_full[31]' driven by pin 'u_core/u_icache/u_tag1/u_sram/dout0[31]' has no loads. (LINT-2)
Warning: In design 'riscv_soc', net 'u_core/u_icache/u_tag0/dout_full[20]' driven by pin 'u_core/u_icache/u_tag0/u_sram/dout0[20]' has no loads. (LINT-2)
Warning: In design 'riscv_soc', net 'u_core/u_icache/u_tag0/dout_full[21]' driven by pin 'u_core/u_icache/u_tag0/u_sram/dout0[21]' has no loads. (LINT-2)
Warning: In design 'riscv_soc', net 'u_core/u_icache/u_tag0/dout_full[22]' driven by pin 'u_core/u_icache/u_tag0/u_sram/dout0[22]' has no loads. (LINT-2)
Warning: In design 'riscv_soc', net 'u_core/u_icache/u_tag0/dout_full[23]' driven by pin 'u_core/u_icache/u_tag0/u_sram/dout0[23]' has no loads. (LINT-2)
Warning: In design 'riscv_soc', net 'u_core/u_icache/u_tag0/dout_full[24]' driven by pin 'u_core/u_icache/u_tag0/u_sram/dout0[24]' has no loads. (LINT-2)
Warning: In design 'riscv_soc', net 'u_core/u_icache/u_tag0/dout_full[25]' driven by pin 'u_core/u_icache/u_tag0/u_sram/dout0[25]' has no loads. (LINT-2)
Warning: In design 'riscv_soc', net 'u_core/u_icache/u_tag0/dout_full[26]' driven by pin 'u_core/u_icache/u_tag0/u_sram/dout0[26]' has no loads. (LINT-2)
Warning: In design 'riscv_soc', net 'u_core/u_icache/u_tag0/dout_full[27]' driven by pin 'u_core/u_icache/u_tag0/u_sram/dout0[27]' has no loads. (LINT-2)
Warning: In design 'riscv_soc', net 'u_core/u_icache/u_tag0/dout_full[28]' driven by pin 'u_core/u_icache/u_tag0/u_sram/dout0[28]' has no loads. (LINT-2)
Warning: In design 'riscv_soc', net 'u_core/u_icache/u_tag0/dout_full[29]' driven by pin 'u_core/u_icache/u_tag0/u_sram/dout0[29]' has no loads. (LINT-2)
Warning: In design 'riscv_soc', net 'u_core/u_icache/u_tag0/dout_full[30]' driven by pin 'u_core/u_icache/u_tag0/u_sram/dout0[30]' has no loads. (LINT-2)
Warning: In design 'riscv_soc', net 'u_core/u_icache/u_tag0/dout_full[31]' driven by pin 'u_core/u_icache/u_tag0/u_sram/dout0[31]' has no loads. (LINT-2)
Warning: In design 'axi4lite_axi4_conv', port 'clk_i' is not connected to any nets. (LINT-28)
Warning: In design 'axi4lite_axi4_conv', port 'rst_i' is not connected to any nets. (LINT-28)
Warning: In design 'axi4lite_axi4_conv', port 'outport_bid_i[3]' is not connected to any nets. (LINT-28)
Warning: In design 'axi4lite_axi4_conv', port 'outport_bid_i[2]' is not connected to any nets. (LINT-28)
Warning: In design 'axi4lite_axi4_conv', port 'outport_bid_i[1]' is not connected to any nets. (LINT-28)
Warning: In design 'axi4lite_axi4_conv', port 'outport_bid_i[0]' is not connected to any nets. (LINT-28)
Warning: In design 'axi4lite_axi4_conv', port 'outport_rid_i[3]' is not connected to any nets. (LINT-28)
Warning: In design 'axi4lite_axi4_conv', port 'outport_rid_i[2]' is not connected to any nets. (LINT-28)
Warning: In design 'axi4lite_axi4_conv', port 'outport_rid_i[1]' is not connected to any nets. (LINT-28)
Warning: In design 'axi4lite_axi4_conv', port 'outport_rid_i[0]' is not connected to any nets. (LINT-28)
Warning: In design 'axi4lite_axi4_conv', port 'outport_rlast_i' is not connected to any nets. (LINT-28)
Warning: In design 'dport_bridge', port 'mem_cacheable_i' is not connected to any nets. (LINT-28)
Warning: In design 'dport_bridge', port 'mem_invalidate_i' is not connected to any nets. (LINT-28)
Warning: In design 'dport_bridge', port 'mem_flush_i' is not connected to any nets. (LINT-28)
Warning: In design 'dport_bridge', port 'axi_bid_i[3]' is not connected to any nets. (LINT-28)
Warning: In design 'dport_bridge', port 'axi_bid_i[2]' is not connected to any nets. (LINT-28)
Warning: In design 'dport_bridge', port 'axi_bid_i[1]' is not connected to any nets. (LINT-28)
Warning: In design 'dport_bridge', port 'axi_bid_i[0]' is not connected to any nets. (LINT-28)
Warning: In design 'dport_bridge', port 'axi_rid_i[3]' is not connected to any nets. (LINT-28)
Warning: In design 'dport_bridge', port 'axi_rid_i[2]' is not connected to any nets. (LINT-28)
Warning: In design 'dport_bridge', port 'axi_rid_i[1]' is not connected to any nets. (LINT-28)
Warning: In design 'dport_bridge', port 'axi_rid_i[0]' is not connected to any nets. (LINT-28)
Warning: In design 'dport_bridge', port 'axi_rlast_i' is not connected to any nets. (LINT-28)
Warning: In design 'icache', port 'req_pc_i[1]' is not connected to any nets. (LINT-28)
Warning: In design 'icache', port 'req_pc_i[0]' is not connected to any nets. (LINT-28)
Warning: In design 'icache', port 'axi_awready_i' is not connected to any nets. (LINT-28)
Warning: In design 'icache', port 'axi_wready_i' is not connected to any nets. (LINT-28)
Warning: In design 'icache', port 'axi_bvalid_i' is not connected to any nets. (LINT-28)
Warning: In design 'icache', port 'axi_bresp_i[1]' is not connected to any nets. (LINT-28)
Warning: In design 'icache', port 'axi_bresp_i[0]' is not connected to any nets. (LINT-28)
Warning: In design 'icache', port 'axi_bid_i[3]' is not connected to any nets. (LINT-28)
Warning: In design 'icache', port 'axi_bid_i[2]' is not connected to any nets. (LINT-28)
Warning: In design 'icache', port 'axi_bid_i[1]' is not connected to any nets. (LINT-28)
Warning: In design 'icache', port 'axi_bid_i[0]' is not connected to any nets. (LINT-28)
Warning: In design 'icache', port 'axi_rid_i[3]' is not connected to any nets. (LINT-28)
Warning: In design 'icache', port 'axi_rid_i[2]' is not connected to any nets. (LINT-28)
Warning: In design 'icache', port 'axi_rid_i[1]' is not connected to any nets. (LINT-28)
Warning: In design 'icache', port 'axi_rid_i[0]' is not connected to any nets. (LINT-28)
Warning: In design 'irq_ctrl', port 'cfg_awaddr_i[31]' is not connected to any nets. (LINT-28)
Warning: In design 'irq_ctrl', port 'cfg_awaddr_i[30]' is not connected to any nets. (LINT-28)
Warning: In design 'irq_ctrl', port 'cfg_awaddr_i[29]' is not connected to any nets. (LINT-28)
Warning: In design 'irq_ctrl', port 'cfg_awaddr_i[28]' is not connected to any nets. (LINT-28)
Warning: In design 'irq_ctrl', port 'cfg_awaddr_i[27]' is not connected to any nets. (LINT-28)
Warning: In design 'irq_ctrl', port 'cfg_awaddr_i[26]' is not connected to any nets. (LINT-28)
Warning: In design 'irq_ctrl', port 'cfg_awaddr_i[25]' is not connected to any nets. (LINT-28)
Warning: In design 'irq_ctrl', port 'cfg_awaddr_i[24]' is not connected to any nets. (LINT-28)
Warning: In design 'irq_ctrl', port 'cfg_awaddr_i[23]' is not connected to any nets. (LINT-28)
Warning: In design 'irq_ctrl', port 'cfg_awaddr_i[22]' is not connected to any nets. (LINT-28)
Warning: In design 'irq_ctrl', port 'cfg_awaddr_i[21]' is not connected to any nets. (LINT-28)
Warning: In design 'irq_ctrl', port 'cfg_awaddr_i[20]' is not connected to any nets. (LINT-28)
Warning: In design 'irq_ctrl', port 'cfg_awaddr_i[19]' is not connected to any nets. (LINT-28)
Warning: In design 'irq_ctrl', port 'cfg_awaddr_i[18]' is not connected to any nets. (LINT-28)
Warning: In design 'irq_ctrl', port 'cfg_awaddr_i[17]' is not connected to any nets. (LINT-28)
Warning: In design 'irq_ctrl', port 'cfg_awaddr_i[16]' is not connected to any nets. (LINT-28)
Warning: In design 'irq_ctrl', port 'cfg_awaddr_i[15]' is not connected to any nets. (LINT-28)
Warning: In design 'irq_ctrl', port 'cfg_awaddr_i[14]' is not connected to any nets. (LINT-28)
Warning: In design 'irq_ctrl', port 'cfg_awaddr_i[13]' is not connected to any nets. (LINT-28)
Warning: In design 'irq_ctrl', port 'cfg_awaddr_i[12]' is not connected to any nets. (LINT-28)
Warning: In design 'irq_ctrl', port 'cfg_awaddr_i[11]' is not connected to any nets. (LINT-28)
Warning: In design 'irq_ctrl', port 'cfg_awaddr_i[10]' is not connected to any nets. (LINT-28)
Warning: In design 'irq_ctrl', port 'cfg_awaddr_i[9]' is not connected to any nets. (LINT-28)
Warning: In design 'irq_ctrl', port 'cfg_awaddr_i[8]' is not connected to any nets. (LINT-28)
Warning: In design 'irq_ctrl', port 'cfg_wvalid_i' is not connected to any nets. (LINT-28)
Warning: In design 'irq_ctrl', port 'cfg_wdata_i[31]' is not connected to any nets. (LINT-28)
Warning: In design 'irq_ctrl', port 'cfg_wdata_i[30]' is not connected to any nets. (LINT-28)
Warning: In design 'irq_ctrl', port 'cfg_wdata_i[29]' is not connected to any nets. (LINT-28)
Warning: In design 'irq_ctrl', port 'cfg_wdata_i[28]' is not connected to any nets. (LINT-28)
Warning: In design 'irq_ctrl', port 'cfg_wdata_i[27]' is not connected to any nets. (LINT-28)
Warning: In design 'irq_ctrl', port 'cfg_wdata_i[26]' is not connected to any nets. (LINT-28)
Warning: In design 'irq_ctrl', port 'cfg_wdata_i[25]' is not connected to any nets. (LINT-28)
Warning: In design 'irq_ctrl', port 'cfg_wdata_i[24]' is not connected to any nets. (LINT-28)
Warning: In design 'irq_ctrl', port 'cfg_wdata_i[23]' is not connected to any nets. (LINT-28)
Warning: In design 'irq_ctrl', port 'cfg_wdata_i[22]' is not connected to any nets. (LINT-28)
Warning: In design 'irq_ctrl', port 'cfg_wdata_i[21]' is not connected to any nets. (LINT-28)
Warning: In design 'irq_ctrl', port 'cfg_wdata_i[20]' is not connected to any nets. (LINT-28)
Warning: In design 'irq_ctrl', port 'cfg_wdata_i[19]' is not connected to any nets. (LINT-28)
Warning: In design 'irq_ctrl', port 'cfg_wdata_i[18]' is not connected to any nets. (LINT-28)
Warning: In design 'irq_ctrl', port 'cfg_wdata_i[17]' is not connected to any nets. (LINT-28)
Warning: In design 'irq_ctrl', port 'cfg_wdata_i[16]' is not connected to any nets. (LINT-28)
Warning: In design 'irq_ctrl', port 'cfg_wdata_i[15]' is not connected to any nets. (LINT-28)
Warning: In design 'irq_ctrl', port 'cfg_wdata_i[14]' is not connected to any nets. (LINT-28)
Warning: In design 'irq_ctrl', port 'cfg_wdata_i[13]' is not connected to any nets. (LINT-28)
Warning: In design 'irq_ctrl', port 'cfg_wdata_i[12]' is not connected to any nets. (LINT-28)
Warning: In design 'irq_ctrl', port 'cfg_wdata_i[11]' is not connected to any nets. (LINT-28)
Warning: In design 'irq_ctrl', port 'cfg_wdata_i[10]' is not connected to any nets. (LINT-28)
Warning: In design 'irq_ctrl', port 'cfg_wdata_i[9]' is not connected to any nets. (LINT-28)
Warning: In design 'irq_ctrl', port 'cfg_wdata_i[8]' is not connected to any nets. (LINT-28)
Warning: In design 'irq_ctrl', port 'cfg_wdata_i[7]' is not connected to any nets. (LINT-28)
Warning: In design 'irq_ctrl', port 'cfg_wdata_i[6]' is not connected to any nets. (LINT-28)
Warning: In design 'irq_ctrl', port 'cfg_wdata_i[5]' is not connected to any nets. (LINT-28)
Warning: In design 'irq_ctrl', port 'cfg_wdata_i[4]' is not connected to any nets. (LINT-28)
Warning: In design 'irq_ctrl', port 'cfg_wstrb_i[3]' is not connected to any nets. (LINT-28)
Warning: In design 'irq_ctrl', port 'cfg_wstrb_i[2]' is not connected to any nets. (LINT-28)
Warning: In design 'irq_ctrl', port 'cfg_wstrb_i[1]' is not connected to any nets. (LINT-28)
Warning: In design 'irq_ctrl', port 'cfg_wstrb_i[0]' is not connected to any nets. (LINT-28)
Warning: In design 'irq_ctrl', port 'cfg_araddr_i[31]' is not connected to any nets. (LINT-28)
Warning: In design 'irq_ctrl', port 'cfg_araddr_i[30]' is not connected to any nets. (LINT-28)
Warning: In design 'irq_ctrl', port 'cfg_araddr_i[29]' is not connected to any nets. (LINT-28)
Warning: In design 'irq_ctrl', port 'cfg_araddr_i[28]' is not connected to any nets. (LINT-28)
Warning: In design 'irq_ctrl', port 'cfg_araddr_i[27]' is not connected to any nets. (LINT-28)
Warning: In design 'irq_ctrl', port 'cfg_araddr_i[26]' is not connected to any nets. (LINT-28)
Warning: In design 'irq_ctrl', port 'cfg_araddr_i[25]' is not connected to any nets. (LINT-28)
Warning: In design 'irq_ctrl', port 'cfg_araddr_i[24]' is not connected to any nets. (LINT-28)
Warning: In design 'irq_ctrl', port 'cfg_araddr_i[23]' is not connected to any nets. (LINT-28)
Warning: In design 'irq_ctrl', port 'cfg_araddr_i[22]' is not connected to any nets. (LINT-28)
Warning: In design 'irq_ctrl', port 'cfg_araddr_i[21]' is not connected to any nets. (LINT-28)
Warning: In design 'irq_ctrl', port 'cfg_araddr_i[20]' is not connected to any nets. (LINT-28)
Warning: In design 'irq_ctrl', port 'cfg_araddr_i[19]' is not connected to any nets. (LINT-28)
Warning: In design 'irq_ctrl', port 'cfg_araddr_i[18]' is not connected to any nets. (LINT-28)
Warning: In design 'irq_ctrl', port 'cfg_araddr_i[17]' is not connected to any nets. (LINT-28)
Warning: In design 'irq_ctrl', port 'cfg_araddr_i[16]' is not connected to any nets. (LINT-28)
Warning: In design 'irq_ctrl', port 'cfg_araddr_i[15]' is not connected to any nets. (LINT-28)
Warning: In design 'irq_ctrl', port 'cfg_araddr_i[14]' is not connected to any nets. (LINT-28)
Warning: In design 'irq_ctrl', port 'cfg_araddr_i[13]' is not connected to any nets. (LINT-28)
Warning: In design 'irq_ctrl', port 'cfg_araddr_i[12]' is not connected to any nets. (LINT-28)
Warning: In design 'irq_ctrl', port 'cfg_araddr_i[11]' is not connected to any nets. (LINT-28)
Warning: In design 'irq_ctrl', port 'cfg_araddr_i[10]' is not connected to any nets. (LINT-28)
Warning: In design 'irq_ctrl', port 'cfg_araddr_i[9]' is not connected to any nets. (LINT-28)
Warning: In design 'irq_ctrl', port 'cfg_araddr_i[8]' is not connected to any nets. (LINT-28)
Warning: In design 'uart_lite', port 'cfg_awaddr_i[31]' is not connected to any nets. (LINT-28)
Warning: In design 'uart_lite', port 'cfg_awaddr_i[30]' is not connected to any nets. (LINT-28)
Warning: In design 'uart_lite', port 'cfg_awaddr_i[29]' is not connected to any nets. (LINT-28)
Warning: In design 'uart_lite', port 'cfg_awaddr_i[28]' is not connected to any nets. (LINT-28)
Warning: In design 'uart_lite', port 'cfg_awaddr_i[27]' is not connected to any nets. (LINT-28)
Warning: In design 'uart_lite', port 'cfg_awaddr_i[26]' is not connected to any nets. (LINT-28)
Warning: In design 'uart_lite', port 'cfg_awaddr_i[25]' is not connected to any nets. (LINT-28)
Warning: In design 'uart_lite', port 'cfg_awaddr_i[24]' is not connected to any nets. (LINT-28)
Warning: In design 'uart_lite', port 'cfg_awaddr_i[23]' is not connected to any nets. (LINT-28)
Warning: In design 'uart_lite', port 'cfg_awaddr_i[22]' is not connected to any nets. (LINT-28)
Warning: In design 'uart_lite', port 'cfg_awaddr_i[21]' is not connected to any nets. (LINT-28)
Warning: In design 'uart_lite', port 'cfg_awaddr_i[20]' is not connected to any nets. (LINT-28)
Warning: In design 'uart_lite', port 'cfg_awaddr_i[19]' is not connected to any nets. (LINT-28)
Warning: In design 'uart_lite', port 'cfg_awaddr_i[18]' is not connected to any nets. (LINT-28)
Warning: In design 'uart_lite', port 'cfg_awaddr_i[17]' is not connected to any nets. (LINT-28)
Warning: In design 'uart_lite', port 'cfg_awaddr_i[16]' is not connected to any nets. (LINT-28)
Warning: In design 'uart_lite', port 'cfg_awaddr_i[15]' is not connected to any nets. (LINT-28)
Warning: In design 'uart_lite', port 'cfg_awaddr_i[14]' is not connected to any nets. (LINT-28)
Warning: In design 'uart_lite', port 'cfg_awaddr_i[13]' is not connected to any nets. (LINT-28)
Warning: In design 'uart_lite', port 'cfg_awaddr_i[12]' is not connected to any nets. (LINT-28)
Warning: In design 'uart_lite', port 'cfg_awaddr_i[11]' is not connected to any nets. (LINT-28)
Warning: In design 'uart_lite', port 'cfg_awaddr_i[10]' is not connected to any nets. (LINT-28)
Warning: In design 'uart_lite', port 'cfg_awaddr_i[9]' is not connected to any nets. (LINT-28)
Warning: In design 'uart_lite', port 'cfg_awaddr_i[8]' is not connected to any nets. (LINT-28)
Warning: In design 'uart_lite', port 'cfg_wvalid_i' is not connected to any nets. (LINT-28)
Warning: In design 'uart_lite', port 'cfg_wdata_i[31]' is not connected to any nets. (LINT-28)
Warning: In design 'uart_lite', port 'cfg_wdata_i[30]' is not connected to any nets. (LINT-28)
Warning: In design 'uart_lite', port 'cfg_wdata_i[29]' is not connected to any nets. (LINT-28)
Warning: In design 'uart_lite', port 'cfg_wdata_i[28]' is not connected to any nets. (LINT-28)
Warning: In design 'uart_lite', port 'cfg_wdata_i[27]' is not connected to any nets. (LINT-28)
Warning: In design 'uart_lite', port 'cfg_wdata_i[26]' is not connected to any nets. (LINT-28)
Warning: In design 'uart_lite', port 'cfg_wdata_i[25]' is not connected to any nets. (LINT-28)
Warning: In design 'uart_lite', port 'cfg_wdata_i[24]' is not connected to any nets. (LINT-28)
Warning: In design 'uart_lite', port 'cfg_wdata_i[23]' is not connected to any nets. (LINT-28)
Warning: In design 'uart_lite', port 'cfg_wdata_i[22]' is not connected to any nets. (LINT-28)
Warning: In design 'uart_lite', port 'cfg_wdata_i[21]' is not connected to any nets. (LINT-28)
Warning: In design 'uart_lite', port 'cfg_wdata_i[20]' is not connected to any nets. (LINT-28)
Warning: In design 'uart_lite', port 'cfg_wdata_i[19]' is not connected to any nets. (LINT-28)
Warning: In design 'uart_lite', port 'cfg_wdata_i[18]' is not connected to any nets. (LINT-28)
Warning: In design 'uart_lite', port 'cfg_wdata_i[17]' is not connected to any nets. (LINT-28)
Warning: In design 'uart_lite', port 'cfg_wdata_i[16]' is not connected to any nets. (LINT-28)
Warning: In design 'uart_lite', port 'cfg_wdata_i[15]' is not connected to any nets. (LINT-28)
Warning: In design 'uart_lite', port 'cfg_wdata_i[14]' is not connected to any nets. (LINT-28)
Warning: In design 'uart_lite', port 'cfg_wdata_i[13]' is not connected to any nets. (LINT-28)
Warning: In design 'uart_lite', port 'cfg_wdata_i[12]' is not connected to any nets. (LINT-28)
Warning: In design 'uart_lite', port 'cfg_wdata_i[11]' is not connected to any nets. (LINT-28)
Warning: In design 'uart_lite', port 'cfg_wdata_i[10]' is not connected to any nets. (LINT-28)
Warning: In design 'uart_lite', port 'cfg_wdata_i[9]' is not connected to any nets. (LINT-28)
Warning: In design 'uart_lite', port 'cfg_wdata_i[8]' is not connected to any nets. (LINT-28)
Warning: In design 'uart_lite', port 'cfg_wstrb_i[3]' is not connected to any nets. (LINT-28)
Warning: In design 'uart_lite', port 'cfg_wstrb_i[2]' is not connected to any nets. (LINT-28)
Warning: In design 'uart_lite', port 'cfg_wstrb_i[1]' is not connected to any nets. (LINT-28)
Warning: In design 'uart_lite', port 'cfg_wstrb_i[0]' is not connected to any nets. (LINT-28)
Warning: In design 'uart_lite', port 'cfg_araddr_i[31]' is not connected to any nets. (LINT-28)
Warning: In design 'uart_lite', port 'cfg_araddr_i[30]' is not connected to any nets. (LINT-28)
Warning: In design 'uart_lite', port 'cfg_araddr_i[29]' is not connected to any nets. (LINT-28)
Warning: In design 'uart_lite', port 'cfg_araddr_i[28]' is not connected to any nets. (LINT-28)
Warning: In design 'uart_lite', port 'cfg_araddr_i[27]' is not connected to any nets. (LINT-28)
Warning: In design 'uart_lite', port 'cfg_araddr_i[26]' is not connected to any nets. (LINT-28)
Warning: In design 'uart_lite', port 'cfg_araddr_i[25]' is not connected to any nets. (LINT-28)
Warning: In design 'uart_lite', port 'cfg_araddr_i[24]' is not connected to any nets. (LINT-28)
Warning: In design 'uart_lite', port 'cfg_araddr_i[23]' is not connected to any nets. (LINT-28)
Warning: In design 'uart_lite', port 'cfg_araddr_i[22]' is not connected to any nets. (LINT-28)
Warning: In design 'uart_lite', port 'cfg_araddr_i[21]' is not connected to any nets. (LINT-28)
Warning: In design 'uart_lite', port 'cfg_araddr_i[20]' is not connected to any nets. (LINT-28)
Warning: In design 'uart_lite', port 'cfg_araddr_i[19]' is not connected to any nets. (LINT-28)
Warning: In design 'uart_lite', port 'cfg_araddr_i[18]' is not connected to any nets. (LINT-28)
Warning: In design 'uart_lite', port 'cfg_araddr_i[17]' is not connected to any nets. (LINT-28)
Warning: In design 'uart_lite', port 'cfg_araddr_i[16]' is not connected to any nets. (LINT-28)
Warning: In design 'uart_lite', port 'cfg_araddr_i[15]' is not connected to any nets. (LINT-28)
Warning: In design 'uart_lite', port 'cfg_araddr_i[14]' is not connected to any nets. (LINT-28)
Warning: In design 'uart_lite', port 'cfg_araddr_i[13]' is not connected to any nets. (LINT-28)
Warning: In design 'uart_lite', port 'cfg_araddr_i[12]' is not connected to any nets. (LINT-28)
Warning: In design 'uart_lite', port 'cfg_araddr_i[11]' is not connected to any nets. (LINT-28)
Warning: In design 'uart_lite', port 'cfg_araddr_i[10]' is not connected to any nets. (LINT-28)
Warning: In design 'uart_lite', port 'cfg_araddr_i[9]' is not connected to any nets. (LINT-28)
Warning: In design 'uart_lite', port 'cfg_araddr_i[8]' is not connected to any nets. (LINT-28)
Warning: In design 'timer', port 'cfg_awaddr_i[31]' is not connected to any nets. (LINT-28)
Warning: In design 'timer', port 'cfg_awaddr_i[30]' is not connected to any nets. (LINT-28)
Warning: In design 'timer', port 'cfg_awaddr_i[29]' is not connected to any nets. (LINT-28)
Warning: In design 'timer', port 'cfg_awaddr_i[28]' is not connected to any nets. (LINT-28)
Warning: In design 'timer', port 'cfg_awaddr_i[27]' is not connected to any nets. (LINT-28)
Warning: In design 'timer', port 'cfg_awaddr_i[26]' is not connected to any nets. (LINT-28)
Warning: In design 'timer', port 'cfg_awaddr_i[25]' is not connected to any nets. (LINT-28)
Warning: In design 'timer', port 'cfg_awaddr_i[24]' is not connected to any nets. (LINT-28)
Warning: In design 'timer', port 'cfg_awaddr_i[23]' is not connected to any nets. (LINT-28)
Warning: In design 'timer', port 'cfg_awaddr_i[22]' is not connected to any nets. (LINT-28)
Warning: In design 'timer', port 'cfg_awaddr_i[21]' is not connected to any nets. (LINT-28)
Warning: In design 'timer', port 'cfg_awaddr_i[20]' is not connected to any nets. (LINT-28)
Warning: In design 'timer', port 'cfg_awaddr_i[19]' is not connected to any nets. (LINT-28)
Warning: In design 'timer', port 'cfg_awaddr_i[18]' is not connected to any nets. (LINT-28)
Warning: In design 'timer', port 'cfg_awaddr_i[17]' is not connected to any nets. (LINT-28)
Warning: In design 'timer', port 'cfg_awaddr_i[16]' is not connected to any nets. (LINT-28)
Warning: In design 'timer', port 'cfg_awaddr_i[15]' is not connected to any nets. (LINT-28)
Warning: In design 'timer', port 'cfg_awaddr_i[14]' is not connected to any nets. (LINT-28)
Warning: In design 'timer', port 'cfg_awaddr_i[13]' is not connected to any nets. (LINT-28)
Warning: In design 'timer', port 'cfg_awaddr_i[12]' is not connected to any nets. (LINT-28)
Warning: In design 'timer', port 'cfg_awaddr_i[11]' is not connected to any nets. (LINT-28)
Warning: In design 'timer', port 'cfg_awaddr_i[10]' is not connected to any nets. (LINT-28)
Warning: In design 'timer', port 'cfg_awaddr_i[9]' is not connected to any nets. (LINT-28)
Warning: In design 'timer', port 'cfg_awaddr_i[8]' is not connected to any nets. (LINT-28)
Warning: In design 'timer', port 'cfg_wvalid_i' is not connected to any nets. (LINT-28)
Warning: In design 'timer', port 'cfg_wstrb_i[3]' is not connected to any nets. (LINT-28)
Warning: In design 'timer', port 'cfg_wstrb_i[2]' is not connected to any nets. (LINT-28)
Warning: In design 'timer', port 'cfg_wstrb_i[1]' is not connected to any nets. (LINT-28)
Warning: In design 'timer', port 'cfg_wstrb_i[0]' is not connected to any nets. (LINT-28)
Warning: In design 'timer', port 'cfg_araddr_i[31]' is not connected to any nets. (LINT-28)
Warning: In design 'timer', port 'cfg_araddr_i[30]' is not connected to any nets. (LINT-28)
Warning: In design 'timer', port 'cfg_araddr_i[29]' is not connected to any nets. (LINT-28)
Warning: In design 'timer', port 'cfg_araddr_i[28]' is not connected to any nets. (LINT-28)
Warning: In design 'timer', port 'cfg_araddr_i[27]' is not connected to any nets. (LINT-28)
Warning: In design 'timer', port 'cfg_araddr_i[26]' is not connected to any nets. (LINT-28)
Warning: In design 'timer', port 'cfg_araddr_i[25]' is not connected to any nets. (LINT-28)
Warning: In design 'timer', port 'cfg_araddr_i[24]' is not connected to any nets. (LINT-28)
Warning: In design 'timer', port 'cfg_araddr_i[23]' is not connected to any nets. (LINT-28)
Warning: In design 'timer', port 'cfg_araddr_i[22]' is not connected to any nets. (LINT-28)
Warning: In design 'timer', port 'cfg_araddr_i[21]' is not connected to any nets. (LINT-28)
Warning: In design 'timer', port 'cfg_araddr_i[20]' is not connected to any nets. (LINT-28)
Warning: In design 'timer', port 'cfg_araddr_i[19]' is not connected to any nets. (LINT-28)
Warning: In design 'timer', port 'cfg_araddr_i[18]' is not connected to any nets. (LINT-28)
Warning: In design 'timer', port 'cfg_araddr_i[17]' is not connected to any nets. (LINT-28)
Warning: In design 'timer', port 'cfg_araddr_i[16]' is not connected to any nets. (LINT-28)
Warning: In design 'timer', port 'cfg_araddr_i[15]' is not connected to any nets. (LINT-28)
Warning: In design 'timer', port 'cfg_araddr_i[14]' is not connected to any nets. (LINT-28)
Warning: In design 'timer', port 'cfg_araddr_i[13]' is not connected to any nets. (LINT-28)
Warning: In design 'timer', port 'cfg_araddr_i[12]' is not connected to any nets. (LINT-28)
Warning: In design 'timer', port 'cfg_araddr_i[11]' is not connected to any nets. (LINT-28)
Warning: In design 'timer', port 'cfg_araddr_i[10]' is not connected to any nets. (LINT-28)
Warning: In design 'timer', port 'cfg_araddr_i[9]' is not connected to any nets. (LINT-28)
Warning: In design 'timer', port 'cfg_araddr_i[8]' is not connected to any nets. (LINT-28)
Warning: In design 'spi_lite', port 'cfg_awaddr_i[31]' is not connected to any nets. (LINT-28)
Warning: In design 'spi_lite', port 'cfg_awaddr_i[30]' is not connected to any nets. (LINT-28)
Warning: In design 'spi_lite', port 'cfg_awaddr_i[29]' is not connected to any nets. (LINT-28)
Warning: In design 'spi_lite', port 'cfg_awaddr_i[28]' is not connected to any nets. (LINT-28)
Warning: In design 'spi_lite', port 'cfg_awaddr_i[27]' is not connected to any nets. (LINT-28)
Warning: In design 'spi_lite', port 'cfg_awaddr_i[26]' is not connected to any nets. (LINT-28)
Warning: In design 'spi_lite', port 'cfg_awaddr_i[25]' is not connected to any nets. (LINT-28)
Warning: In design 'spi_lite', port 'cfg_awaddr_i[24]' is not connected to any nets. (LINT-28)
Warning: In design 'spi_lite', port 'cfg_awaddr_i[23]' is not connected to any nets. (LINT-28)
Warning: In design 'spi_lite', port 'cfg_awaddr_i[22]' is not connected to any nets. (LINT-28)
Warning: In design 'spi_lite', port 'cfg_awaddr_i[21]' is not connected to any nets. (LINT-28)
Warning: In design 'spi_lite', port 'cfg_awaddr_i[20]' is not connected to any nets. (LINT-28)
Warning: In design 'spi_lite', port 'cfg_awaddr_i[19]' is not connected to any nets. (LINT-28)
Warning: In design 'spi_lite', port 'cfg_awaddr_i[18]' is not connected to any nets. (LINT-28)
Warning: In design 'spi_lite', port 'cfg_awaddr_i[17]' is not connected to any nets. (LINT-28)
Warning: In design 'spi_lite', port 'cfg_awaddr_i[16]' is not connected to any nets. (LINT-28)
Warning: In design 'spi_lite', port 'cfg_awaddr_i[15]' is not connected to any nets. (LINT-28)
Warning: In design 'spi_lite', port 'cfg_awaddr_i[14]' is not connected to any nets. (LINT-28)
Warning: In design 'spi_lite', port 'cfg_awaddr_i[13]' is not connected to any nets. (LINT-28)
Warning: In design 'spi_lite', port 'cfg_awaddr_i[12]' is not connected to any nets. (LINT-28)
Warning: In design 'spi_lite', port 'cfg_awaddr_i[11]' is not connected to any nets. (LINT-28)
Warning: In design 'spi_lite', port 'cfg_awaddr_i[10]' is not connected to any nets. (LINT-28)
Warning: In design 'spi_lite', port 'cfg_awaddr_i[9]' is not connected to any nets. (LINT-28)
Warning: In design 'spi_lite', port 'cfg_awaddr_i[8]' is not connected to any nets. (LINT-28)
Warning: In design 'spi_lite', port 'cfg_wvalid_i' is not connected to any nets. (LINT-28)
Warning: In design 'spi_lite', port 'cfg_wstrb_i[3]' is not connected to any nets. (LINT-28)
Warning: In design 'spi_lite', port 'cfg_wstrb_i[2]' is not connected to any nets. (LINT-28)
Warning: In design 'spi_lite', port 'cfg_wstrb_i[1]' is not connected to any nets. (LINT-28)
Warning: In design 'spi_lite', port 'cfg_wstrb_i[0]' is not connected to any nets. (LINT-28)
Warning: In design 'spi_lite', port 'cfg_araddr_i[31]' is not connected to any nets. (LINT-28)
Warning: In design 'spi_lite', port 'cfg_araddr_i[30]' is not connected to any nets. (LINT-28)
Warning: In design 'spi_lite', port 'cfg_araddr_i[29]' is not connected to any nets. (LINT-28)
Warning: In design 'spi_lite', port 'cfg_araddr_i[28]' is not connected to any nets. (LINT-28)
Warning: In design 'spi_lite', port 'cfg_araddr_i[27]' is not connected to any nets. (LINT-28)
Warning: In design 'spi_lite', port 'cfg_araddr_i[26]' is not connected to any nets. (LINT-28)
Warning: In design 'spi_lite', port 'cfg_araddr_i[25]' is not connected to any nets. (LINT-28)
Warning: In design 'spi_lite', port 'cfg_araddr_i[24]' is not connected to any nets. (LINT-28)
Warning: In design 'spi_lite', port 'cfg_araddr_i[23]' is not connected to any nets. (LINT-28)
Warning: In design 'spi_lite', port 'cfg_araddr_i[22]' is not connected to any nets. (LINT-28)
Warning: In design 'spi_lite', port 'cfg_araddr_i[21]' is not connected to any nets. (LINT-28)
Warning: In design 'spi_lite', port 'cfg_araddr_i[20]' is not connected to any nets. (LINT-28)
Warning: In design 'spi_lite', port 'cfg_araddr_i[19]' is not connected to any nets. (LINT-28)
Warning: In design 'spi_lite', port 'cfg_araddr_i[18]' is not connected to any nets. (LINT-28)
Warning: In design 'spi_lite', port 'cfg_araddr_i[17]' is not connected to any nets. (LINT-28)
Warning: In design 'spi_lite', port 'cfg_araddr_i[16]' is not connected to any nets. (LINT-28)
Warning: In design 'spi_lite', port 'cfg_araddr_i[15]' is not connected to any nets. (LINT-28)
Warning: In design 'spi_lite', port 'cfg_araddr_i[14]' is not connected to any nets. (LINT-28)
Warning: In design 'spi_lite', port 'cfg_araddr_i[13]' is not connected to any nets. (LINT-28)
Warning: In design 'spi_lite', port 'cfg_araddr_i[12]' is not connected to any nets. (LINT-28)
Warning: In design 'spi_lite', port 'cfg_araddr_i[11]' is not connected to any nets. (LINT-28)
Warning: In design 'spi_lite', port 'cfg_araddr_i[10]' is not connected to any nets. (LINT-28)
Warning: In design 'spi_lite', port 'cfg_araddr_i[9]' is not connected to any nets. (LINT-28)
Warning: In design 'spi_lite', port 'cfg_araddr_i[8]' is not connected to any nets. (LINT-28)
Warning: In design 'gpio', port 'cfg_awaddr_i[31]' is not connected to any nets. (LINT-28)
Warning: In design 'gpio', port 'cfg_awaddr_i[30]' is not connected to any nets. (LINT-28)
Warning: In design 'gpio', port 'cfg_awaddr_i[29]' is not connected to any nets. (LINT-28)
Warning: In design 'gpio', port 'cfg_awaddr_i[28]' is not connected to any nets. (LINT-28)
Warning: In design 'gpio', port 'cfg_awaddr_i[27]' is not connected to any nets. (LINT-28)
Warning: In design 'gpio', port 'cfg_awaddr_i[26]' is not connected to any nets. (LINT-28)
Warning: In design 'gpio', port 'cfg_awaddr_i[25]' is not connected to any nets. (LINT-28)
Warning: In design 'gpio', port 'cfg_awaddr_i[24]' is not connected to any nets. (LINT-28)
Warning: In design 'gpio', port 'cfg_awaddr_i[23]' is not connected to any nets. (LINT-28)
Warning: In design 'gpio', port 'cfg_awaddr_i[22]' is not connected to any nets. (LINT-28)
Warning: In design 'gpio', port 'cfg_awaddr_i[21]' is not connected to any nets. (LINT-28)
Warning: In design 'gpio', port 'cfg_awaddr_i[20]' is not connected to any nets. (LINT-28)
Warning: In design 'gpio', port 'cfg_awaddr_i[19]' is not connected to any nets. (LINT-28)
Warning: In design 'gpio', port 'cfg_awaddr_i[18]' is not connected to any nets. (LINT-28)
Warning: In design 'gpio', port 'cfg_awaddr_i[17]' is not connected to any nets. (LINT-28)
Warning: In design 'gpio', port 'cfg_awaddr_i[16]' is not connected to any nets. (LINT-28)
Warning: In design 'gpio', port 'cfg_awaddr_i[15]' is not connected to any nets. (LINT-28)
Warning: In design 'gpio', port 'cfg_awaddr_i[14]' is not connected to any nets. (LINT-28)
Warning: In design 'gpio', port 'cfg_awaddr_i[13]' is not connected to any nets. (LINT-28)
Warning: In design 'gpio', port 'cfg_awaddr_i[12]' is not connected to any nets. (LINT-28)
Warning: In design 'gpio', port 'cfg_awaddr_i[11]' is not connected to any nets. (LINT-28)
Warning: In design 'gpio', port 'cfg_awaddr_i[10]' is not connected to any nets. (LINT-28)
Warning: In design 'gpio', port 'cfg_awaddr_i[9]' is not connected to any nets. (LINT-28)
Warning: In design 'gpio', port 'cfg_awaddr_i[8]' is not connected to any nets. (LINT-28)
Warning: In design 'gpio', port 'cfg_wvalid_i' is not connected to any nets. (LINT-28)
Warning: In design 'gpio', port 'cfg_wstrb_i[3]' is not connected to any nets. (LINT-28)
Warning: In design 'gpio', port 'cfg_wstrb_i[2]' is not connected to any nets. (LINT-28)
Warning: In design 'gpio', port 'cfg_wstrb_i[1]' is not connected to any nets. (LINT-28)
Warning: In design 'gpio', port 'cfg_wstrb_i[0]' is not connected to any nets. (LINT-28)
Warning: In design 'gpio', port 'cfg_araddr_i[31]' is not connected to any nets. (LINT-28)
Warning: In design 'gpio', port 'cfg_araddr_i[30]' is not connected to any nets. (LINT-28)
Warning: In design 'gpio', port 'cfg_araddr_i[29]' is not connected to any nets. (LINT-28)
Warning: In design 'gpio', port 'cfg_araddr_i[28]' is not connected to any nets. (LINT-28)
Warning: In design 'gpio', port 'cfg_araddr_i[27]' is not connected to any nets. (LINT-28)
Warning: In design 'gpio', port 'cfg_araddr_i[26]' is not connected to any nets. (LINT-28)
Warning: In design 'gpio', port 'cfg_araddr_i[25]' is not connected to any nets. (LINT-28)
Warning: In design 'gpio', port 'cfg_araddr_i[24]' is not connected to any nets. (LINT-28)
Warning: In design 'gpio', port 'cfg_araddr_i[23]' is not connected to any nets. (LINT-28)
Warning: In design 'gpio', port 'cfg_araddr_i[22]' is not connected to any nets. (LINT-28)
Warning: In design 'gpio', port 'cfg_araddr_i[21]' is not connected to any nets. (LINT-28)
Warning: In design 'gpio', port 'cfg_araddr_i[20]' is not connected to any nets. (LINT-28)
Warning: In design 'gpio', port 'cfg_araddr_i[19]' is not connected to any nets. (LINT-28)
Warning: In design 'gpio', port 'cfg_araddr_i[18]' is not connected to any nets. (LINT-28)
Warning: In design 'gpio', port 'cfg_araddr_i[17]' is not connected to any nets. (LINT-28)
Warning: In design 'gpio', port 'cfg_araddr_i[16]' is not connected to any nets. (LINT-28)
Warning: In design 'gpio', port 'cfg_araddr_i[15]' is not connected to any nets. (LINT-28)
Warning: In design 'gpio', port 'cfg_araddr_i[14]' is not connected to any nets. (LINT-28)
Warning: In design 'gpio', port 'cfg_araddr_i[13]' is not connected to any nets. (LINT-28)
Warning: In design 'gpio', port 'cfg_araddr_i[12]' is not connected to any nets. (LINT-28)
Warning: In design 'gpio', port 'cfg_araddr_i[11]' is not connected to any nets. (LINT-28)
Warning: In design 'gpio', port 'cfg_araddr_i[10]' is not connected to any nets. (LINT-28)
Warning: In design 'gpio', port 'cfg_araddr_i[9]' is not connected to any nets. (LINT-28)
Warning: In design 'gpio', port 'cfg_araddr_i[8]' is not connected to any nets. (LINT-28)
Warning: In design 'riscv_exec', port 'opcode_instr_i[57]' is not connected to any nets. (LINT-28)
Warning: In design 'riscv_exec', port 'opcode_instr_i[56]' is not connected to any nets. (LINT-28)
Warning: In design 'riscv_exec', port 'opcode_instr_i[55]' is not connected to any nets. (LINT-28)
Warning: In design 'riscv_exec', port 'opcode_instr_i[54]' is not connected to any nets. (LINT-28)
Warning: In design 'riscv_exec', port 'opcode_instr_i[53]' is not connected to any nets. (LINT-28)
Warning: In design 'riscv_exec', port 'opcode_instr_i[52]' is not connected to any nets. (LINT-28)
Warning: In design 'riscv_exec', port 'opcode_instr_i[51]' is not connected to any nets. (LINT-28)
Warning: In design 'riscv_exec', port 'opcode_instr_i[50]' is not connected to any nets. (LINT-28)
Warning: In design 'riscv_exec', port 'opcode_instr_i[49]' is not connected to any nets. (LINT-28)
Warning: In design 'riscv_exec', port 'opcode_instr_i[48]' is not connected to any nets. (LINT-28)
Warning: In design 'riscv_exec', port 'opcode_instr_i[47]' is not connected to any nets. (LINT-28)
Warning: In design 'riscv_exec', port 'opcode_instr_i[46]' is not connected to any nets. (LINT-28)
Warning: In design 'riscv_exec', port 'opcode_instr_i[45]' is not connected to any nets. (LINT-28)
Warning: In design 'riscv_exec', port 'opcode_instr_i[44]' is not connected to any nets. (LINT-28)
Warning: In design 'riscv_exec', port 'opcode_instr_i[43]' is not connected to any nets. (LINT-28)
Warning: In design 'riscv_exec', port 'opcode_instr_i[42]' is not connected to any nets. (LINT-28)
Warning: In design 'riscv_exec', port 'opcode_instr_i[41]' is not connected to any nets. (LINT-28)
Warning: In design 'riscv_exec', port 'opcode_instr_i[40]' is not connected to any nets. (LINT-28)
Warning: In design 'riscv_exec', port 'opcode_instr_i[39]' is not connected to any nets. (LINT-28)
Warning: In design 'riscv_exec', port 'opcode_instr_i[38]' is not connected to any nets. (LINT-28)
Warning: In design 'riscv_exec', port 'opcode_instr_i[37]' is not connected to any nets. (LINT-28)
Warning: In design 'riscv_exec', port 'opcode_instr_i[36]' is not connected to any nets. (LINT-28)
Warning: In design 'riscv_exec', port 'opcode_instr_i[35]' is not connected to any nets. (LINT-28)
Warning: In design 'riscv_exec', port 'opcode_instr_i[34]' is not connected to any nets. (LINT-28)
Warning: In design 'riscv_exec', port 'opcode_instr_i[33]' is not connected to any nets. (LINT-28)
Warning: In design 'riscv_exec', port 'opcode_instr_i[32]' is not connected to any nets. (LINT-28)
Warning: In design 'riscv_exec', port 'opcode_instr_i[31]' is not connected to any nets. (LINT-28)
Warning: In design 'riscv_exec', port 'opcode_instr_i[30]' is not connected to any nets. (LINT-28)
Warning: In design 'riscv_exec', port 'opcode_instr_i[29]' is not connected to any nets. (LINT-28)
Warning: In design 'riscv_exec', port 'opcode_opcode_i[6]' is not connected to any nets. (LINT-28)
Warning: In design 'riscv_exec', port 'opcode_opcode_i[5]' is not connected to any nets. (LINT-28)
Warning: In design 'riscv_exec', port 'opcode_opcode_i[4]' is not connected to any nets. (LINT-28)
Warning: In design 'riscv_exec', port 'opcode_opcode_i[3]' is not connected to any nets. (LINT-28)
Warning: In design 'riscv_exec', port 'opcode_opcode_i[2]' is not connected to any nets. (LINT-28)
Warning: In design 'riscv_exec', port 'opcode_opcode_i[1]' is not connected to any nets. (LINT-28)
Warning: In design 'riscv_exec', port 'opcode_opcode_i[0]' is not connected to any nets. (LINT-28)
Warning: In design 'riscv_exec', port 'opcode_ra_idx_i[4]' is not connected to any nets. (LINT-28)
Warning: In design 'riscv_exec', port 'opcode_ra_idx_i[3]' is not connected to any nets. (LINT-28)
Warning: In design 'riscv_exec', port 'opcode_ra_idx_i[2]' is not connected to any nets. (LINT-28)
Warning: In design 'riscv_exec', port 'opcode_ra_idx_i[1]' is not connected to any nets. (LINT-28)
Warning: In design 'riscv_exec', port 'opcode_ra_idx_i[0]' is not connected to any nets. (LINT-28)
Warning: In design 'riscv_exec', port 'opcode_rb_idx_i[4]' is not connected to any nets. (LINT-28)
Warning: In design 'riscv_exec', port 'opcode_rb_idx_i[3]' is not connected to any nets. (LINT-28)
Warning: In design 'riscv_exec', port 'opcode_rb_idx_i[2]' is not connected to any nets. (LINT-28)
Warning: In design 'riscv_exec', port 'opcode_rb_idx_i[1]' is not connected to any nets. (LINT-28)
Warning: In design 'riscv_exec', port 'opcode_rb_idx_i[0]' is not connected to any nets. (LINT-28)
Warning: In design 'riscv_mmu', port 'outport_data_rd_i[31]' is not connected to any nets. (LINT-28)
Warning: In design 'riscv_mmu', port 'outport_data_rd_i[30]' is not connected to any nets. (LINT-28)
Warning: In design 'riscv_mmu', port 'outport_data_rd_i[9]' is not connected to any nets. (LINT-28)
Warning: In design 'riscv_mmu', port 'outport_data_rd_i[8]' is not connected to any nets. (LINT-28)
Warning: In design 'riscv_mmu', port 'outport_data_rd_i[7]' is not connected to any nets. (LINT-28)
Warning: In design 'riscv_mmu', port 'outport_data_rd_i[6]' is not connected to any nets. (LINT-28)
Warning: In design 'riscv_mmu', port 'outport_data_rd_i[5]' is not connected to any nets. (LINT-28)
Warning: In design 'riscv_mmu', port 'outport_resp_tag_i[10]' is not connected to any nets. (LINT-28)
Warning: In design 'riscv_mmu', port 'outport_resp_tag_i[9]' is not connected to any nets. (LINT-28)
Warning: In design 'riscv_mmu', port 'outport_resp_tag_i[8]' is not connected to any nets. (LINT-28)
Warning: In design 'riscv_mmu', port 'outport_resp_tag_i[7]' is not connected to any nets. (LINT-28)
Warning: In design 'riscv_mmu', port 'outport_resp_tag_i[6]' is not connected to any nets. (LINT-28)
Warning: In design 'riscv_mmu', port 'outport_resp_tag_i[5]' is not connected to any nets. (LINT-28)
Warning: In design 'riscv_mmu', port 'outport_resp_tag_i[4]' is not connected to any nets. (LINT-28)
Warning: In design 'riscv_mmu', port 'outport_resp_tag_i[3]' is not connected to any nets. (LINT-28)
Warning: In design 'riscv_mmu', port 'outport_resp_tag_i[2]' is not connected to any nets. (LINT-28)
Warning: In design 'riscv_mmu', port 'outport_resp_tag_i[1]' is not connected to any nets. (LINT-28)
Warning: In design 'riscv_mmu', port 'outport_resp_tag_i[0]' is not connected to any nets. (LINT-28)
Warning: In design 'riscv_mmu', port 'satp_i[30]' is not connected to any nets. (LINT-28)
Warning: In design 'riscv_mmu', port 'satp_i[29]' is not connected to any nets. (LINT-28)
Warning: In design 'riscv_mmu', port 'satp_i[28]' is not connected to any nets. (LINT-28)
Warning: In design 'riscv_mmu', port 'satp_i[27]' is not connected to any nets. (LINT-28)
Warning: In design 'riscv_mmu', port 'satp_i[26]' is not connected to any nets. (LINT-28)
Warning: In design 'riscv_mmu', port 'satp_i[25]' is not connected to any nets. (LINT-28)
Warning: In design 'riscv_mmu', port 'satp_i[24]' is not connected to any nets. (LINT-28)
Warning: In design 'riscv_mmu', port 'satp_i[23]' is not connected to any nets. (LINT-28)
Warning: In design 'riscv_mmu', port 'satp_i[22]' is not connected to any nets. (LINT-28)
Warning: In design 'riscv_mmu', port 'satp_i[21]' is not connected to any nets. (LINT-28)
Warning: In design 'riscv_mmu', port 'satp_i[20]' is not connected to any nets. (LINT-28)
Warning: In design 'riscv_mmu_arb', port 'inport_cpu_cacheable_i' is not connected to any nets. (LINT-28)
Warning: In design 'riscv_mmu_arb', port 'inport_mmu_cacheable_i' is not connected to any nets. (LINT-28)
Warning: In design 'riscv_mmu_arb', port 'inport_mmu_req_tag_i[10]' is not connected to any nets. (LINT-28)
Warning: In design 'riscv_mmu_arb', port 'inport_mmu_req_tag_i[9]' is not connected to any nets. (LINT-28)
Warning: In design 'riscv_mmu_arb', port 'inport_mmu_req_tag_i[8]' is not connected to any nets. (LINT-28)
Warning: In design 'riscv_mmu_arb', port 'inport_mmu_req_tag_i[7]' is not connected to any nets. (LINT-28)
Warning: In design 'riscv_mmu_arb', port 'inport_mmu_req_tag_i[6]' is not connected to any nets. (LINT-28)
Warning: In design 'riscv_mmu_arb', port 'inport_mmu_req_tag_i[5]' is not connected to any nets. (LINT-28)
Warning: In design 'riscv_mmu_arb', port 'inport_mmu_req_tag_i[4]' is not connected to any nets. (LINT-28)
Warning: In design 'riscv_mmu_arb', port 'inport_mmu_req_tag_i[3]' is not connected to any nets. (LINT-28)
Warning: In design 'riscv_mmu_arb', port 'inport_mmu_req_tag_i[2]' is not connected to any nets. (LINT-28)
Warning: In design 'riscv_mmu_arb', port 'inport_mmu_req_tag_i[1]' is not connected to any nets. (LINT-28)
Warning: In design 'riscv_mmu_arb', port 'inport_mmu_req_tag_i[0]' is not connected to any nets. (LINT-28)
Warning: In design 'riscv_lsu', port 'opcode_instr_i[57]' is not connected to any nets. (LINT-28)
Warning: In design 'riscv_lsu', port 'opcode_instr_i[56]' is not connected to any nets. (LINT-28)
Warning: In design 'riscv_lsu', port 'opcode_instr_i[55]' is not connected to any nets. (LINT-28)
Warning: In design 'riscv_lsu', port 'opcode_instr_i[54]' is not connected to any nets. (LINT-28)
Warning: In design 'riscv_lsu', port 'opcode_instr_i[53]' is not connected to any nets. (LINT-28)
Warning: In design 'riscv_lsu', port 'opcode_instr_i[52]' is not connected to any nets. (LINT-28)
Warning: In design 'riscv_lsu', port 'opcode_instr_i[51]' is not connected to any nets. (LINT-28)
Warning: In design 'riscv_lsu', port 'opcode_instr_i[50]' is not connected to any nets. (LINT-28)
Warning: In design 'riscv_lsu', port 'opcode_instr_i[49]' is not connected to any nets. (LINT-28)
Warning: In design 'riscv_lsu', port 'opcode_instr_i[48]' is not connected to any nets. (LINT-28)
Warning: In design 'riscv_lsu', port 'opcode_instr_i[47]' is not connected to any nets. (LINT-28)
Warning: In design 'riscv_lsu', port 'opcode_instr_i[46]' is not connected to any nets. (LINT-28)
Warning: In design 'riscv_lsu', port 'opcode_instr_i[45]' is not connected to any nets. (LINT-28)
Warning: In design 'riscv_lsu', port 'opcode_instr_i[44]' is not connected to any nets. (LINT-28)
Warning: In design 'riscv_lsu', port 'opcode_instr_i[43]' is not connected to any nets. (LINT-28)
Warning: In design 'riscv_lsu', port 'opcode_instr_i[42]' is not connected to any nets. (LINT-28)
Warning: In design 'riscv_lsu', port 'opcode_instr_i[40]' is not connected to any nets. (LINT-28)
Warning: In design 'riscv_lsu', port 'opcode_instr_i[39]' is not connected to any nets. (LINT-28)
Warning: In design 'riscv_lsu', port 'opcode_instr_i[38]' is not connected to any nets. (LINT-28)
Warning: In design 'riscv_lsu', port 'opcode_instr_i[28]' is not connected to any nets. (LINT-28)
Warning: In design 'riscv_lsu', port 'opcode_instr_i[27]' is not connected to any nets. (LINT-28)
Warning: In design 'riscv_lsu', port 'opcode_instr_i[26]' is not connected to any nets. (LINT-28)
Warning: In design 'riscv_lsu', port 'opcode_instr_i[25]' is not connected to any nets. (LINT-28)
Warning: In design 'riscv_lsu', port 'opcode_instr_i[24]' is not connected to any nets. (LINT-28)
Warning: In design 'riscv_lsu', port 'opcode_instr_i[23]' is not connected to any nets. (LINT-28)
Warning: In design 'riscv_lsu', port 'opcode_instr_i[22]' is not connected to any nets. (LINT-28)
Warning: In design 'riscv_lsu', port 'opcode_instr_i[21]' is not connected to any nets. (LINT-28)
Warning: In design 'riscv_lsu', port 'opcode_instr_i[20]' is not connected to any nets. (LINT-28)
Warning: In design 'riscv_lsu', port 'opcode_instr_i[19]' is not connected to any nets. (LINT-28)
Warning: In design 'riscv_lsu', port 'opcode_instr_i[18]' is not connected to any nets. (LINT-28)
Warning: In design 'riscv_lsu', port 'opcode_instr_i[17]' is not connected to any nets. (LINT-28)
Warning: In design 'riscv_lsu', port 'opcode_instr_i[16]' is not connected to any nets. (LINT-28)
Warning: In design 'riscv_lsu', port 'opcode_instr_i[15]' is not connected to any nets. (LINT-28)
Warning: In design 'riscv_lsu', port 'opcode_instr_i[14]' is not connected to any nets. (LINT-28)
Warning: In design 'riscv_lsu', port 'opcode_instr_i[13]' is not connected to any nets. (LINT-28)
Warning: In design 'riscv_lsu', port 'opcode_instr_i[12]' is not connected to any nets. (LINT-28)
Warning: In design 'riscv_lsu', port 'opcode_instr_i[11]' is not connected to any nets. (LINT-28)
Warning: In design 'riscv_lsu', port 'opcode_instr_i[10]' is not connected to any nets. (LINT-28)
Warning: In design 'riscv_lsu', port 'opcode_instr_i[9]' is not connected to any nets. (LINT-28)
Warning: In design 'riscv_lsu', port 'opcode_instr_i[8]' is not connected to any nets. (LINT-28)
Warning: In design 'riscv_lsu', port 'opcode_instr_i[7]' is not connected to any nets. (LINT-28)
Warning: In design 'riscv_lsu', port 'opcode_instr_i[6]' is not connected to any nets. (LINT-28)
Warning: In design 'riscv_lsu', port 'opcode_instr_i[5]' is not connected to any nets. (LINT-28)
Warning: In design 'riscv_lsu', port 'opcode_instr_i[4]' is not connected to any nets. (LINT-28)
Warning: In design 'riscv_lsu', port 'opcode_instr_i[3]' is not connected to any nets. (LINT-28)
Warning: In design 'riscv_lsu', port 'opcode_instr_i[2]' is not connected to any nets. (LINT-28)
Warning: In design 'riscv_lsu', port 'opcode_instr_i[1]' is not connected to any nets. (LINT-28)
Warning: In design 'riscv_lsu', port 'opcode_instr_i[0]' is not connected to any nets. (LINT-28)
Warning: In design 'riscv_lsu', port 'opcode_opcode_i[19]' is not connected to any nets. (LINT-28)
Warning: In design 'riscv_lsu', port 'opcode_opcode_i[18]' is not connected to any nets. (LINT-28)
Warning: In design 'riscv_lsu', port 'opcode_opcode_i[17]' is not connected to any nets. (LINT-28)
Warning: In design 'riscv_lsu', port 'opcode_opcode_i[16]' is not connected to any nets. (LINT-28)
Warning: In design 'riscv_lsu', port 'opcode_opcode_i[15]' is not connected to any nets. (LINT-28)
Warning: In design 'riscv_lsu', port 'opcode_opcode_i[14]' is not connected to any nets. (LINT-28)
Warning: In design 'riscv_lsu', port 'opcode_opcode_i[13]' is not connected to any nets. (LINT-28)
Warning: In design 'riscv_lsu', port 'opcode_opcode_i[12]' is not connected to any nets. (LINT-28)
Warning: In design 'riscv_lsu', port 'opcode_opcode_i[6]' is not connected to any nets. (LINT-28)
Warning: In design 'riscv_lsu', port 'opcode_opcode_i[5]' is not connected to any nets. (LINT-28)
Warning: In design 'riscv_lsu', port 'opcode_opcode_i[4]' is not connected to any nets. (LINT-28)
Warning: In design 'riscv_lsu', port 'opcode_opcode_i[3]' is not connected to any nets. (LINT-28)
Warning: In design 'riscv_lsu', port 'opcode_opcode_i[2]' is not connected to any nets. (LINT-28)
Warning: In design 'riscv_lsu', port 'opcode_opcode_i[1]' is not connected to any nets. (LINT-28)
Warning: In design 'riscv_lsu', port 'opcode_opcode_i[0]' is not connected to any nets. (LINT-28)
Warning: In design 'riscv_lsu', port 'opcode_pc_i[31]' is not connected to any nets. (LINT-28)
Warning: In design 'riscv_lsu', port 'opcode_pc_i[30]' is not connected to any nets. (LINT-28)
Warning: In design 'riscv_lsu', port 'opcode_pc_i[29]' is not connected to any nets. (LINT-28)
Warning: In design 'riscv_lsu', port 'opcode_pc_i[28]' is not connected to any nets. (LINT-28)
Warning: In design 'riscv_lsu', port 'opcode_pc_i[27]' is not connected to any nets. (LINT-28)
Warning: In design 'riscv_lsu', port 'opcode_pc_i[26]' is not connected to any nets. (LINT-28)
Warning: In design 'riscv_lsu', port 'opcode_pc_i[25]' is not connected to any nets. (LINT-28)
Warning: In design 'riscv_lsu', port 'opcode_pc_i[24]' is not connected to any nets. (LINT-28)
Warning: In design 'riscv_lsu', port 'opcode_pc_i[23]' is not connected to any nets. (LINT-28)
Warning: In design 'riscv_lsu', port 'opcode_pc_i[22]' is not connected to any nets. (LINT-28)
Warning: In design 'riscv_lsu', port 'opcode_pc_i[21]' is not connected to any nets. (LINT-28)
Warning: In design 'riscv_lsu', port 'opcode_pc_i[20]' is not connected to any nets. (LINT-28)
Warning: In design 'riscv_lsu', port 'opcode_pc_i[19]' is not connected to any nets. (LINT-28)
Warning: In design 'riscv_lsu', port 'opcode_pc_i[18]' is not connected to any nets. (LINT-28)
Warning: In design 'riscv_lsu', port 'opcode_pc_i[17]' is not connected to any nets. (LINT-28)
Warning: In design 'riscv_lsu', port 'opcode_pc_i[16]' is not connected to any nets. (LINT-28)
Warning: In design 'riscv_lsu', port 'opcode_pc_i[15]' is not connected to any nets. (LINT-28)
Warning: In design 'riscv_lsu', port 'opcode_pc_i[14]' is not connected to any nets. (LINT-28)
Warning: In design 'riscv_lsu', port 'opcode_pc_i[13]' is not connected to any nets. (LINT-28)
Warning: In design 'riscv_lsu', port 'opcode_pc_i[12]' is not connected to any nets. (LINT-28)
Warning: In design 'riscv_lsu', port 'opcode_pc_i[11]' is not connected to any nets. (LINT-28)
Warning: In design 'riscv_lsu', port 'opcode_pc_i[10]' is not connected to any nets. (LINT-28)
Warning: In design 'riscv_lsu', port 'opcode_pc_i[9]' is not connected to any nets. (LINT-28)
Warning: In design 'riscv_lsu', port 'opcode_pc_i[8]' is not connected to any nets. (LINT-28)
Warning: In design 'riscv_lsu', port 'opcode_pc_i[7]' is not connected to any nets. (LINT-28)
Warning: In design 'riscv_lsu', port 'opcode_pc_i[6]' is not connected to any nets. (LINT-28)
Warning: In design 'riscv_lsu', port 'opcode_pc_i[5]' is not connected to any nets. (LINT-28)
Warning: In design 'riscv_lsu', port 'opcode_pc_i[4]' is not connected to any nets. (LINT-28)
Warning: In design 'riscv_lsu', port 'opcode_pc_i[3]' is not connected to any nets. (LINT-28)
Warning: In design 'riscv_lsu', port 'opcode_pc_i[2]' is not connected to any nets. (LINT-28)
Warning: In design 'riscv_lsu', port 'opcode_pc_i[1]' is not connected to any nets. (LINT-28)
Warning: In design 'riscv_lsu', port 'opcode_pc_i[0]' is not connected to any nets. (LINT-28)
Warning: In design 'riscv_lsu', port 'opcode_ra_idx_i[4]' is not connected to any nets. (LINT-28)
Warning: In design 'riscv_lsu', port 'opcode_ra_idx_i[3]' is not connected to any nets. (LINT-28)
Warning: In design 'riscv_lsu', port 'opcode_ra_idx_i[2]' is not connected to any nets. (LINT-28)
Warning: In design 'riscv_lsu', port 'opcode_ra_idx_i[1]' is not connected to any nets. (LINT-28)
Warning: In design 'riscv_lsu', port 'opcode_ra_idx_i[0]' is not connected to any nets. (LINT-28)
Warning: In design 'riscv_lsu', port 'opcode_rb_idx_i[4]' is not connected to any nets. (LINT-28)
Warning: In design 'riscv_lsu', port 'opcode_rb_idx_i[3]' is not connected to any nets. (LINT-28)
Warning: In design 'riscv_lsu', port 'opcode_rb_idx_i[2]' is not connected to any nets. (LINT-28)
Warning: In design 'riscv_lsu', port 'opcode_rb_idx_i[1]' is not connected to any nets. (LINT-28)
Warning: In design 'riscv_lsu', port 'opcode_rb_idx_i[0]' is not connected to any nets. (LINT-28)
Warning: In design 'riscv_csr', port 'opcode_instr_i[54]' is not connected to any nets. (LINT-28)
Warning: In design 'riscv_csr', port 'opcode_instr_i[53]' is not connected to any nets. (LINT-28)
Warning: In design 'riscv_csr', port 'opcode_instr_i[52]' is not connected to any nets. (LINT-28)
Warning: In design 'riscv_csr', port 'opcode_instr_i[51]' is not connected to any nets. (LINT-28)
Warning: In design 'riscv_csr', port 'opcode_instr_i[50]' is not connected to any nets. (LINT-28)
Warning: In design 'riscv_csr', port 'opcode_instr_i[49]' is not connected to any nets. (LINT-28)
Warning: In design 'riscv_csr', port 'opcode_instr_i[48]' is not connected to any nets. (LINT-28)
Warning: In design 'riscv_csr', port 'opcode_instr_i[47]' is not connected to any nets. (LINT-28)
Warning: In design 'riscv_csr', port 'opcode_instr_i[28]' is not connected to any nets. (LINT-28)
Warning: In design 'riscv_csr', port 'opcode_instr_i[27]' is not connected to any nets. (LINT-28)
Warning: In design 'riscv_csr', port 'opcode_instr_i[26]' is not connected to any nets. (LINT-28)
Warning: In design 'riscv_csr', port 'opcode_instr_i[25]' is not connected to any nets. (LINT-28)
Warning: In design 'riscv_csr', port 'opcode_instr_i[24]' is not connected to any nets. (LINT-28)
Warning: In design 'riscv_csr', port 'opcode_instr_i[23]' is not connected to any nets. (LINT-28)
Warning: In design 'riscv_csr', port 'opcode_instr_i[22]' is not connected to any nets. (LINT-28)
Warning: In design 'riscv_csr', port 'opcode_instr_i[21]' is not connected to any nets. (LINT-28)
Warning: In design 'riscv_csr', port 'opcode_instr_i[20]' is not connected to any nets. (LINT-28)
Warning: In design 'riscv_csr', port 'opcode_instr_i[19]' is not connected to any nets. (LINT-28)
Warning: In design 'riscv_csr', port 'opcode_instr_i[18]' is not connected to any nets. (LINT-28)
Warning: In design 'riscv_csr', port 'opcode_instr_i[17]' is not connected to any nets. (LINT-28)
Warning: In design 'riscv_csr', port 'opcode_instr_i[16]' is not connected to any nets. (LINT-28)
Warning: In design 'riscv_csr', port 'opcode_instr_i[15]' is not connected to any nets. (LINT-28)
Warning: In design 'riscv_csr', port 'opcode_instr_i[14]' is not connected to any nets. (LINT-28)
Warning: In design 'riscv_csr', port 'opcode_instr_i[13]' is not connected to any nets. (LINT-28)
Warning: In design 'riscv_csr', port 'opcode_instr_i[12]' is not connected to any nets. (LINT-28)
Warning: In design 'riscv_csr', port 'opcode_instr_i[11]' is not connected to any nets. (LINT-28)
Warning: In design 'riscv_csr', port 'opcode_instr_i[10]' is not connected to any nets. (LINT-28)
Warning: In design 'riscv_csr', port 'opcode_instr_i[9]' is not connected to any nets. (LINT-28)
Warning: In design 'riscv_csr', port 'opcode_instr_i[8]' is not connected to any nets. (LINT-28)
Warning: In design 'riscv_csr', port 'opcode_instr_i[7]' is not connected to any nets. (LINT-28)
Warning: In design 'riscv_csr', port 'opcode_instr_i[6]' is not connected to any nets. (LINT-28)
Warning: In design 'riscv_csr', port 'opcode_instr_i[5]' is not connected to any nets. (LINT-28)
Warning: In design 'riscv_csr', port 'opcode_instr_i[4]' is not connected to any nets. (LINT-28)
Warning: In design 'riscv_csr', port 'opcode_instr_i[3]' is not connected to any nets. (LINT-28)
Warning: In design 'riscv_csr', port 'opcode_instr_i[2]' is not connected to any nets. (LINT-28)
Warning: In design 'riscv_csr', port 'opcode_instr_i[1]' is not connected to any nets. (LINT-28)
Warning: In design 'riscv_csr', port 'opcode_instr_i[0]' is not connected to any nets. (LINT-28)
Warning: In design 'riscv_csr', port 'opcode_opcode_i[19]' is not connected to any nets. (LINT-28)
Warning: In design 'riscv_csr', port 'opcode_opcode_i[18]' is not connected to any nets. (LINT-28)
Warning: In design 'riscv_csr', port 'opcode_opcode_i[17]' is not connected to any nets. (LINT-28)
Warning: In design 'riscv_csr', port 'opcode_opcode_i[16]' is not connected to any nets. (LINT-28)
Warning: In design 'riscv_csr', port 'opcode_opcode_i[15]' is not connected to any nets. (LINT-28)
Warning: In design 'riscv_csr', port 'opcode_opcode_i[14]' is not connected to any nets. (LINT-28)
Warning: In design 'riscv_csr', port 'opcode_opcode_i[13]' is not connected to any nets. (LINT-28)
Warning: In design 'riscv_csr', port 'opcode_opcode_i[12]' is not connected to any nets. (LINT-28)
Warning: In design 'riscv_csr', port 'opcode_opcode_i[11]' is not connected to any nets. (LINT-28)
Warning: In design 'riscv_csr', port 'opcode_opcode_i[10]' is not connected to any nets. (LINT-28)
Warning: In design 'riscv_csr', port 'opcode_opcode_i[9]' is not connected to any nets. (LINT-28)
Warning: In design 'riscv_csr', port 'opcode_opcode_i[8]' is not connected to any nets. (LINT-28)
Warning: In design 'riscv_csr', port 'opcode_opcode_i[7]' is not connected to any nets. (LINT-28)
Warning: In design 'riscv_csr', port 'opcode_opcode_i[6]' is not connected to any nets. (LINT-28)
Warning: In design 'riscv_csr', port 'opcode_opcode_i[5]' is not connected to any nets. (LINT-28)
Warning: In design 'riscv_csr', port 'opcode_opcode_i[4]' is not connected to any nets. (LINT-28)
Warning: In design 'riscv_csr', port 'opcode_opcode_i[3]' is not connected to any nets. (LINT-28)
Warning: In design 'riscv_csr', port 'opcode_opcode_i[2]' is not connected to any nets. (LINT-28)
Warning: In design 'riscv_csr', port 'opcode_opcode_i[1]' is not connected to any nets. (LINT-28)
Warning: In design 'riscv_csr', port 'opcode_opcode_i[0]' is not connected to any nets. (LINT-28)
Warning: In design 'riscv_csr', port 'opcode_rb_idx_i[4]' is not connected to any nets. (LINT-28)
Warning: In design 'riscv_csr', port 'opcode_rb_idx_i[3]' is not connected to any nets. (LINT-28)
Warning: In design 'riscv_csr', port 'opcode_rb_idx_i[2]' is not connected to any nets. (LINT-28)
Warning: In design 'riscv_csr', port 'opcode_rb_idx_i[1]' is not connected to any nets. (LINT-28)
Warning: In design 'riscv_csr', port 'opcode_rb_idx_i[0]' is not connected to any nets. (LINT-28)
Warning: In design 'riscv_csr', port 'opcode_rb_operand_i[31]' is not connected to any nets. (LINT-28)
Warning: In design 'riscv_csr', port 'opcode_rb_operand_i[30]' is not connected to any nets. (LINT-28)
Warning: In design 'riscv_csr', port 'opcode_rb_operand_i[29]' is not connected to any nets. (LINT-28)
Warning: In design 'riscv_csr', port 'opcode_rb_operand_i[28]' is not connected to any nets. (LINT-28)
Warning: In design 'riscv_csr', port 'opcode_rb_operand_i[27]' is not connected to any nets. (LINT-28)
Warning: In design 'riscv_csr', port 'opcode_rb_operand_i[26]' is not connected to any nets. (LINT-28)
Warning: In design 'riscv_csr', port 'opcode_rb_operand_i[25]' is not connected to any nets. (LINT-28)
Warning: In design 'riscv_csr', port 'opcode_rb_operand_i[24]' is not connected to any nets. (LINT-28)
Warning: In design 'riscv_csr', port 'opcode_rb_operand_i[23]' is not connected to any nets. (LINT-28)
Warning: In design 'riscv_csr', port 'opcode_rb_operand_i[22]' is not connected to any nets. (LINT-28)
Warning: In design 'riscv_csr', port 'opcode_rb_operand_i[21]' is not connected to any nets. (LINT-28)
Warning: In design 'riscv_csr', port 'opcode_rb_operand_i[20]' is not connected to any nets. (LINT-28)
Warning: In design 'riscv_csr', port 'opcode_rb_operand_i[19]' is not connected to any nets. (LINT-28)
Warning: In design 'riscv_csr', port 'opcode_rb_operand_i[18]' is not connected to any nets. (LINT-28)
Warning: In design 'riscv_csr', port 'opcode_rb_operand_i[17]' is not connected to any nets. (LINT-28)
Warning: In design 'riscv_csr', port 'opcode_rb_operand_i[16]' is not connected to any nets. (LINT-28)
Warning: In design 'riscv_csr', port 'opcode_rb_operand_i[15]' is not connected to any nets. (LINT-28)
Warning: In design 'riscv_csr', port 'opcode_rb_operand_i[14]' is not connected to any nets. (LINT-28)
Warning: In design 'riscv_csr', port 'opcode_rb_operand_i[13]' is not connected to any nets. (LINT-28)
Warning: In design 'riscv_csr', port 'opcode_rb_operand_i[12]' is not connected to any nets. (LINT-28)
Warning: In design 'riscv_csr', port 'opcode_rb_operand_i[11]' is not connected to any nets. (LINT-28)
Warning: In design 'riscv_csr', port 'opcode_rb_operand_i[10]' is not connected to any nets. (LINT-28)
Warning: In design 'riscv_csr', port 'opcode_rb_operand_i[9]' is not connected to any nets. (LINT-28)
Warning: In design 'riscv_csr', port 'opcode_rb_operand_i[8]' is not connected to any nets. (LINT-28)
Warning: In design 'riscv_csr', port 'opcode_rb_operand_i[7]' is not connected to any nets. (LINT-28)
Warning: In design 'riscv_csr', port 'opcode_rb_operand_i[6]' is not connected to any nets. (LINT-28)
Warning: In design 'riscv_csr', port 'opcode_rb_operand_i[5]' is not connected to any nets. (LINT-28)
Warning: In design 'riscv_csr', port 'opcode_rb_operand_i[4]' is not connected to any nets. (LINT-28)
Warning: In design 'riscv_csr', port 'opcode_rb_operand_i[3]' is not connected to any nets. (LINT-28)
Warning: In design 'riscv_csr', port 'opcode_rb_operand_i[2]' is not connected to any nets. (LINT-28)
Warning: In design 'riscv_csr', port 'opcode_rb_operand_i[1]' is not connected to any nets. (LINT-28)
Warning: In design 'riscv_csr', port 'opcode_rb_operand_i[0]' is not connected to any nets. (LINT-28)
Warning: In design 'riscv_muldiv', port 'opcode_instr_i[57]' is not connected to any nets. (LINT-28)
Warning: In design 'riscv_muldiv', port 'opcode_instr_i[56]' is not connected to any nets. (LINT-28)
Warning: In design 'riscv_muldiv', port 'opcode_instr_i[55]' is not connected to any nets. (LINT-28)
Warning: In design 'riscv_muldiv', port 'opcode_instr_i[46]' is not connected to any nets. (LINT-28)
Warning: In design 'riscv_muldiv', port 'opcode_instr_i[45]' is not connected to any nets. (LINT-28)
Warning: In design 'riscv_muldiv', port 'opcode_instr_i[44]' is not connected to any nets. (LINT-28)
Warning: In design 'riscv_muldiv', port 'opcode_instr_i[43]' is not connected to any nets. (LINT-28)
Warning: In design 'riscv_muldiv', port 'opcode_instr_i[42]' is not connected to any nets. (LINT-28)
Warning: In design 'riscv_muldiv', port 'opcode_instr_i[41]' is not connected to any nets. (LINT-28)
Warning: In design 'riscv_muldiv', port 'opcode_instr_i[40]' is not connected to any nets. (LINT-28)
Warning: In design 'riscv_muldiv', port 'opcode_instr_i[39]' is not connected to any nets. (LINT-28)
Warning: In design 'riscv_muldiv', port 'opcode_instr_i[38]' is not connected to any nets. (LINT-28)
Warning: In design 'riscv_muldiv', port 'opcode_instr_i[37]' is not connected to any nets. (LINT-28)
Warning: In design 'riscv_muldiv', port 'opcode_instr_i[36]' is not connected to any nets. (LINT-28)
Warning: In design 'riscv_muldiv', port 'opcode_instr_i[35]' is not connected to any nets. (LINT-28)
Warning: In design 'riscv_muldiv', port 'opcode_instr_i[34]' is not connected to any nets. (LINT-28)
Warning: In design 'riscv_muldiv', port 'opcode_instr_i[33]' is not connected to any nets. (LINT-28)
Warning: In design 'riscv_muldiv', port 'opcode_instr_i[32]' is not connected to any nets. (LINT-28)
Warning: In design 'riscv_muldiv', port 'opcode_instr_i[31]' is not connected to any nets. (LINT-28)
Warning: In design 'riscv_muldiv', port 'opcode_instr_i[30]' is not connected to any nets. (LINT-28)
Warning: In design 'riscv_muldiv', port 'opcode_instr_i[29]' is not connected to any nets. (LINT-28)
Warning: In design 'riscv_muldiv', port 'opcode_instr_i[28]' is not connected to any nets. (LINT-28)
Warning: In design 'riscv_muldiv', port 'opcode_instr_i[27]' is not connected to any nets. (LINT-28)
Warning: In design 'riscv_muldiv', port 'opcode_instr_i[26]' is not connected to any nets. (LINT-28)
Warning: In design 'riscv_muldiv', port 'opcode_instr_i[25]' is not connected to any nets. (LINT-28)
Warning: In design 'riscv_muldiv', port 'opcode_instr_i[24]' is not connected to any nets. (LINT-28)
Warning: In design 'riscv_muldiv', port 'opcode_instr_i[23]' is not connected to any nets. (LINT-28)
Warning: In design 'riscv_muldiv', port 'opcode_instr_i[22]' is not connected to any nets. (LINT-28)
Warning: In design 'riscv_muldiv', port 'opcode_instr_i[21]' is not connected to any nets. (LINT-28)
Warning: In design 'riscv_muldiv', port 'opcode_instr_i[20]' is not connected to any nets. (LINT-28)
Warning: In design 'riscv_muldiv', port 'opcode_instr_i[19]' is not connected to any nets. (LINT-28)
Warning: In design 'riscv_muldiv', port 'opcode_instr_i[18]' is not connected to any nets. (LINT-28)
Warning: In design 'riscv_muldiv', port 'opcode_instr_i[17]' is not connected to any nets. (LINT-28)
Warning: In design 'riscv_muldiv', port 'opcode_instr_i[16]' is not connected to any nets. (LINT-28)
Warning: In design 'riscv_muldiv', port 'opcode_instr_i[15]' is not connected to any nets. (LINT-28)
Warning: In design 'riscv_muldiv', port 'opcode_instr_i[14]' is not connected to any nets. (LINT-28)
Warning: In design 'riscv_muldiv', port 'opcode_instr_i[13]' is not connected to any nets. (LINT-28)
Warning: In design 'riscv_muldiv', port 'opcode_instr_i[12]' is not connected to any nets. (LINT-28)
Warning: In design 'riscv_muldiv', port 'opcode_instr_i[11]' is not connected to any nets. (LINT-28)
Warning: In design 'riscv_muldiv', port 'opcode_instr_i[10]' is not connected to any nets. (LINT-28)
Warning: In design 'riscv_muldiv', port 'opcode_instr_i[9]' is not connected to any nets. (LINT-28)
Warning: In design 'riscv_muldiv', port 'opcode_instr_i[8]' is not connected to any nets. (LINT-28)
Warning: In design 'riscv_muldiv', port 'opcode_instr_i[7]' is not connected to any nets. (LINT-28)
Warning: In design 'riscv_muldiv', port 'opcode_instr_i[6]' is not connected to any nets. (LINT-28)
Warning: In design 'riscv_muldiv', port 'opcode_instr_i[5]' is not connected to any nets. (LINT-28)
Warning: In design 'riscv_muldiv', port 'opcode_instr_i[4]' is not connected to any nets. (LINT-28)
Warning: In design 'riscv_muldiv', port 'opcode_instr_i[3]' is not connected to any nets. (LINT-28)
Warning: In design 'riscv_muldiv', port 'opcode_instr_i[2]' is not connected to any nets. (LINT-28)
Warning: In design 'riscv_muldiv', port 'opcode_instr_i[1]' is not connected to any nets. (LINT-28)
Warning: In design 'riscv_muldiv', port 'opcode_instr_i[0]' is not connected to any nets. (LINT-28)
Warning: In design 'riscv_muldiv', port 'opcode_opcode_i[31]' is not connected to any nets. (LINT-28)
Warning: In design 'riscv_muldiv', port 'opcode_opcode_i[30]' is not connected to any nets. (LINT-28)
Warning: In design 'riscv_muldiv', port 'opcode_opcode_i[29]' is not connected to any nets. (LINT-28)
Warning: In design 'riscv_muldiv', port 'opcode_opcode_i[28]' is not connected to any nets. (LINT-28)
Warning: In design 'riscv_muldiv', port 'opcode_opcode_i[27]' is not connected to any nets. (LINT-28)
Warning: In design 'riscv_muldiv', port 'opcode_opcode_i[26]' is not connected to any nets. (LINT-28)
Warning: In design 'riscv_muldiv', port 'opcode_opcode_i[25]' is not connected to any nets. (LINT-28)
Warning: In design 'riscv_muldiv', port 'opcode_opcode_i[24]' is not connected to any nets. (LINT-28)
Warning: In design 'riscv_muldiv', port 'opcode_opcode_i[23]' is not connected to any nets. (LINT-28)
Warning: In design 'riscv_muldiv', port 'opcode_opcode_i[22]' is not connected to any nets. (LINT-28)
Warning: In design 'riscv_muldiv', port 'opcode_opcode_i[21]' is not connected to any nets. (LINT-28)
Warning: In design 'riscv_muldiv', port 'opcode_opcode_i[20]' is not connected to any nets. (LINT-28)
Warning: In design 'riscv_muldiv', port 'opcode_opcode_i[19]' is not connected to any nets. (LINT-28)
Warning: In design 'riscv_muldiv', port 'opcode_opcode_i[18]' is not connected to any nets. (LINT-28)
Warning: In design 'riscv_muldiv', port 'opcode_opcode_i[17]' is not connected to any nets. (LINT-28)
Warning: In design 'riscv_muldiv', port 'opcode_opcode_i[16]' is not connected to any nets. (LINT-28)
Warning: In design 'riscv_muldiv', port 'opcode_opcode_i[15]' is not connected to any nets. (LINT-28)
Warning: In design 'riscv_muldiv', port 'opcode_opcode_i[14]' is not connected to any nets. (LINT-28)
Warning: In design 'riscv_muldiv', port 'opcode_opcode_i[13]' is not connected to any nets. (LINT-28)
Warning: In design 'riscv_muldiv', port 'opcode_opcode_i[12]' is not connected to any nets. (LINT-28)
Warning: In design 'riscv_muldiv', port 'opcode_opcode_i[11]' is not connected to any nets. (LINT-28)
Warning: In design 'riscv_muldiv', port 'opcode_opcode_i[10]' is not connected to any nets. (LINT-28)
Warning: In design 'riscv_muldiv', port 'opcode_opcode_i[9]' is not connected to any nets. (LINT-28)
Warning: In design 'riscv_muldiv', port 'opcode_opcode_i[8]' is not connected to any nets. (LINT-28)
Warning: In design 'riscv_muldiv', port 'opcode_opcode_i[7]' is not connected to any nets. (LINT-28)
Warning: In design 'riscv_muldiv', port 'opcode_opcode_i[6]' is not connected to any nets. (LINT-28)
Warning: In design 'riscv_muldiv', port 'opcode_opcode_i[5]' is not connected to any nets. (LINT-28)
Warning: In design 'riscv_muldiv', port 'opcode_opcode_i[4]' is not connected to any nets. (LINT-28)
Warning: In design 'riscv_muldiv', port 'opcode_opcode_i[3]' is not connected to any nets. (LINT-28)
Warning: In design 'riscv_muldiv', port 'opcode_opcode_i[2]' is not connected to any nets. (LINT-28)
Warning: In design 'riscv_muldiv', port 'opcode_opcode_i[1]' is not connected to any nets. (LINT-28)
Warning: In design 'riscv_muldiv', port 'opcode_opcode_i[0]' is not connected to any nets. (LINT-28)
Warning: In design 'riscv_muldiv', port 'opcode_pc_i[31]' is not connected to any nets. (LINT-28)
Warning: In design 'riscv_muldiv', port 'opcode_pc_i[30]' is not connected to any nets. (LINT-28)
Warning: In design 'riscv_muldiv', port 'opcode_pc_i[29]' is not connected to any nets. (LINT-28)
Warning: In design 'riscv_muldiv', port 'opcode_pc_i[28]' is not connected to any nets. (LINT-28)
Warning: In design 'riscv_muldiv', port 'opcode_pc_i[27]' is not connected to any nets. (LINT-28)
Warning: In design 'riscv_muldiv', port 'opcode_pc_i[26]' is not connected to any nets. (LINT-28)
Warning: In design 'riscv_muldiv', port 'opcode_pc_i[25]' is not connected to any nets. (LINT-28)
Warning: In design 'riscv_muldiv', port 'opcode_pc_i[24]' is not connected to any nets. (LINT-28)
Warning: In design 'riscv_muldiv', port 'opcode_pc_i[23]' is not connected to any nets. (LINT-28)
Warning: In design 'riscv_muldiv', port 'opcode_pc_i[22]' is not connected to any nets. (LINT-28)
Warning: In design 'riscv_muldiv', port 'opcode_pc_i[21]' is not connected to any nets. (LINT-28)
Warning: In design 'riscv_muldiv', port 'opcode_pc_i[20]' is not connected to any nets. (LINT-28)
Warning: In design 'riscv_muldiv', port 'opcode_pc_i[19]' is not connected to any nets. (LINT-28)
Warning: In design 'riscv_muldiv', port 'opcode_pc_i[18]' is not connected to any nets. (LINT-28)
Warning: In design 'riscv_muldiv', port 'opcode_pc_i[17]' is not connected to any nets. (LINT-28)
Warning: In design 'riscv_muldiv', port 'opcode_pc_i[16]' is not connected to any nets. (LINT-28)
Warning: In design 'riscv_muldiv', port 'opcode_pc_i[15]' is not connected to any nets. (LINT-28)
Warning: In design 'riscv_muldiv', port 'opcode_pc_i[14]' is not connected to any nets. (LINT-28)
Warning: In design 'riscv_muldiv', port 'opcode_pc_i[13]' is not connected to any nets. (LINT-28)
Warning: In design 'riscv_muldiv', port 'opcode_pc_i[12]' is not connected to any nets. (LINT-28)
Warning: In design 'riscv_muldiv', port 'opcode_pc_i[11]' is not connected to any nets. (LINT-28)
Warning: In design 'riscv_muldiv', port 'opcode_pc_i[10]' is not connected to any nets. (LINT-28)
Warning: In design 'riscv_muldiv', port 'opcode_pc_i[9]' is not connected to any nets. (LINT-28)
Warning: In design 'riscv_muldiv', port 'opcode_pc_i[8]' is not connected to any nets. (LINT-28)
Warning: In design 'riscv_muldiv', port 'opcode_pc_i[7]' is not connected to any nets. (LINT-28)
Warning: In design 'riscv_muldiv', port 'opcode_pc_i[6]' is not connected to any nets. (LINT-28)
Warning: In design 'riscv_muldiv', port 'opcode_pc_i[5]' is not connected to any nets. (LINT-28)
Warning: In design 'riscv_muldiv', port 'opcode_pc_i[4]' is not connected to any nets. (LINT-28)
Warning: In design 'riscv_muldiv', port 'opcode_pc_i[3]' is not connected to any nets. (LINT-28)
Warning: In design 'riscv_muldiv', port 'opcode_pc_i[2]' is not connected to any nets. (LINT-28)
Warning: In design 'riscv_muldiv', port 'opcode_pc_i[1]' is not connected to any nets. (LINT-28)
Warning: In design 'riscv_muldiv', port 'opcode_pc_i[0]' is not connected to any nets. (LINT-28)
Warning: In design 'riscv_muldiv', port 'opcode_ra_idx_i[4]' is not connected to any nets. (LINT-28)
Warning: In design 'riscv_muldiv', port 'opcode_ra_idx_i[3]' is not connected to any nets. (LINT-28)
Warning: In design 'riscv_muldiv', port 'opcode_ra_idx_i[2]' is not connected to any nets. (LINT-28)
Warning: In design 'riscv_muldiv', port 'opcode_ra_idx_i[1]' is not connected to any nets. (LINT-28)
Warning: In design 'riscv_muldiv', port 'opcode_ra_idx_i[0]' is not connected to any nets. (LINT-28)
Warning: In design 'riscv_muldiv', port 'opcode_rb_idx_i[4]' is not connected to any nets. (LINT-28)
Warning: In design 'riscv_muldiv', port 'opcode_rb_idx_i[3]' is not connected to any nets. (LINT-28)
Warning: In design 'riscv_muldiv', port 'opcode_rb_idx_i[2]' is not connected to any nets. (LINT-28)
Warning: In design 'riscv_muldiv', port 'opcode_rb_idx_i[1]' is not connected to any nets. (LINT-28)
Warning: In design 'riscv_muldiv', port 'opcode_rb_idx_i[0]' is not connected to any nets. (LINT-28)
Warning: In design 'icache_tag_ram', port 'rst_i' is not connected to any nets. (LINT-28)
Warning: In design 'icache_data_ram', port 'rst_i' is not connected to any nets. (LINT-28)
Warning: In design 'axi4lite_axi4_conv', input port 'inport_awvalid_i' is connected directly to output port 'outport_awvalid_o'. (LINT-29)
Warning: In design 'axi4lite_axi4_conv', input port 'inport_awaddr_i[31]' is connected directly to output port 'outport_awaddr_o[31]'. (LINT-29)
Warning: In design 'axi4lite_axi4_conv', input port 'inport_awaddr_i[30]' is connected directly to output port 'outport_awaddr_o[30]'. (LINT-29)
Warning: In design 'axi4lite_axi4_conv', input port 'inport_awaddr_i[29]' is connected directly to output port 'outport_awaddr_o[29]'. (LINT-29)
Warning: In design 'axi4lite_axi4_conv', input port 'inport_awaddr_i[28]' is connected directly to output port 'outport_awaddr_o[28]'. (LINT-29)
Warning: In design 'axi4lite_axi4_conv', input port 'inport_awaddr_i[27]' is connected directly to output port 'outport_awaddr_o[27]'. (LINT-29)
Warning: In design 'axi4lite_axi4_conv', input port 'inport_awaddr_i[26]' is connected directly to output port 'outport_awaddr_o[26]'. (LINT-29)
Warning: In design 'axi4lite_axi4_conv', input port 'inport_awaddr_i[25]' is connected directly to output port 'outport_awaddr_o[25]'. (LINT-29)
Warning: In design 'axi4lite_axi4_conv', input port 'inport_awaddr_i[24]' is connected directly to output port 'outport_awaddr_o[24]'. (LINT-29)
Warning: In design 'axi4lite_axi4_conv', input port 'inport_awaddr_i[23]' is connected directly to output port 'outport_awaddr_o[23]'. (LINT-29)
Warning: In design 'axi4lite_axi4_conv', input port 'inport_awaddr_i[22]' is connected directly to output port 'outport_awaddr_o[22]'. (LINT-29)
Warning: In design 'axi4lite_axi4_conv', input port 'inport_awaddr_i[21]' is connected directly to output port 'outport_awaddr_o[21]'. (LINT-29)
Warning: In design 'axi4lite_axi4_conv', input port 'inport_awaddr_i[20]' is connected directly to output port 'outport_awaddr_o[20]'. (LINT-29)
Warning: In design 'axi4lite_axi4_conv', input port 'inport_awaddr_i[19]' is connected directly to output port 'outport_awaddr_o[19]'. (LINT-29)
Warning: In design 'axi4lite_axi4_conv', input port 'inport_awaddr_i[18]' is connected directly to output port 'outport_awaddr_o[18]'. (LINT-29)
Warning: In design 'axi4lite_axi4_conv', input port 'inport_awaddr_i[17]' is connected directly to output port 'outport_awaddr_o[17]'. (LINT-29)
Warning: In design 'axi4lite_axi4_conv', input port 'inport_awaddr_i[16]' is connected directly to output port 'outport_awaddr_o[16]'. (LINT-29)
Warning: In design 'axi4lite_axi4_conv', input port 'inport_awaddr_i[15]' is connected directly to output port 'outport_awaddr_o[15]'. (LINT-29)
Warning: In design 'axi4lite_axi4_conv', input port 'inport_awaddr_i[14]' is connected directly to output port 'outport_awaddr_o[14]'. (LINT-29)
Warning: In design 'axi4lite_axi4_conv', input port 'inport_awaddr_i[13]' is connected directly to output port 'outport_awaddr_o[13]'. (LINT-29)
Warning: In design 'axi4lite_axi4_conv', input port 'inport_awaddr_i[12]' is connected directly to output port 'outport_awaddr_o[12]'. (LINT-29)
Warning: In design 'axi4lite_axi4_conv', input port 'inport_awaddr_i[11]' is connected directly to output port 'outport_awaddr_o[11]'. (LINT-29)
Warning: In design 'axi4lite_axi4_conv', input port 'inport_awaddr_i[10]' is connected directly to output port 'outport_awaddr_o[10]'. (LINT-29)
Warning: In design 'axi4lite_axi4_conv', input port 'inport_awaddr_i[9]' is connected directly to output port 'outport_awaddr_o[9]'. (LINT-29)
Warning: In design 'axi4lite_axi4_conv', input port 'inport_awaddr_i[8]' is connected directly to output port 'outport_awaddr_o[8]'. (LINT-29)
Warning: In design 'axi4lite_axi4_conv', input port 'inport_awaddr_i[7]' is connected directly to output port 'outport_awaddr_o[7]'. (LINT-29)
Warning: In design 'axi4lite_axi4_conv', input port 'inport_awaddr_i[6]' is connected directly to output port 'outport_awaddr_o[6]'. (LINT-29)
Warning: In design 'axi4lite_axi4_conv', input port 'inport_awaddr_i[5]' is connected directly to output port 'outport_awaddr_o[5]'. (LINT-29)
Warning: In design 'axi4lite_axi4_conv', input port 'inport_awaddr_i[4]' is connected directly to output port 'outport_awaddr_o[4]'. (LINT-29)
Warning: In design 'axi4lite_axi4_conv', input port 'inport_awaddr_i[3]' is connected directly to output port 'outport_awaddr_o[3]'. (LINT-29)
Warning: In design 'axi4lite_axi4_conv', input port 'inport_awaddr_i[2]' is connected directly to output port 'outport_awaddr_o[2]'. (LINT-29)
Warning: In design 'axi4lite_axi4_conv', input port 'inport_awaddr_i[1]' is connected directly to output port 'outport_awaddr_o[1]'. (LINT-29)
Warning: In design 'axi4lite_axi4_conv', input port 'inport_awaddr_i[0]' is connected directly to output port 'outport_awaddr_o[0]'. (LINT-29)
Warning: In design 'axi4lite_axi4_conv', input port 'inport_wvalid_i' is connected directly to output port 'outport_wvalid_o'. (LINT-29)
Warning: In design 'axi4lite_axi4_conv', input port 'inport_wdata_i[31]' is connected directly to output port 'outport_wdata_o[31]'. (LINT-29)
Warning: In design 'axi4lite_axi4_conv', input port 'inport_wdata_i[30]' is connected directly to output port 'outport_wdata_o[30]'. (LINT-29)
Warning: In design 'axi4lite_axi4_conv', input port 'inport_wdata_i[29]' is connected directly to output port 'outport_wdata_o[29]'. (LINT-29)
Warning: In design 'axi4lite_axi4_conv', input port 'inport_wdata_i[28]' is connected directly to output port 'outport_wdata_o[28]'. (LINT-29)
Warning: In design 'axi4lite_axi4_conv', input port 'inport_wdata_i[27]' is connected directly to output port 'outport_wdata_o[27]'. (LINT-29)
Warning: In design 'axi4lite_axi4_conv', input port 'inport_wdata_i[26]' is connected directly to output port 'outport_wdata_o[26]'. (LINT-29)
Warning: In design 'axi4lite_axi4_conv', input port 'inport_wdata_i[25]' is connected directly to output port 'outport_wdata_o[25]'. (LINT-29)
Warning: In design 'axi4lite_axi4_conv', input port 'inport_wdata_i[24]' is connected directly to output port 'outport_wdata_o[24]'. (LINT-29)
Warning: In design 'axi4lite_axi4_conv', input port 'inport_wdata_i[23]' is connected directly to output port 'outport_wdata_o[23]'. (LINT-29)
Warning: In design 'axi4lite_axi4_conv', input port 'inport_wdata_i[22]' is connected directly to output port 'outport_wdata_o[22]'. (LINT-29)
Warning: In design 'axi4lite_axi4_conv', input port 'inport_wdata_i[21]' is connected directly to output port 'outport_wdata_o[21]'. (LINT-29)
Warning: In design 'axi4lite_axi4_conv', input port 'inport_wdata_i[20]' is connected directly to output port 'outport_wdata_o[20]'. (LINT-29)
Warning: In design 'axi4lite_axi4_conv', input port 'inport_wdata_i[19]' is connected directly to output port 'outport_wdata_o[19]'. (LINT-29)
Warning: In design 'axi4lite_axi4_conv', input port 'inport_wdata_i[18]' is connected directly to output port 'outport_wdata_o[18]'. (LINT-29)
Warning: In design 'axi4lite_axi4_conv', input port 'inport_wdata_i[17]' is connected directly to output port 'outport_wdata_o[17]'. (LINT-29)
Warning: In design 'axi4lite_axi4_conv', input port 'inport_wdata_i[16]' is connected directly to output port 'outport_wdata_o[16]'. (LINT-29)
Warning: In design 'axi4lite_axi4_conv', input port 'inport_wdata_i[15]' is connected directly to output port 'outport_wdata_o[15]'. (LINT-29)
Warning: In design 'axi4lite_axi4_conv', input port 'inport_wdata_i[14]' is connected directly to output port 'outport_wdata_o[14]'. (LINT-29)
Warning: In design 'axi4lite_axi4_conv', input port 'inport_wdata_i[13]' is connected directly to output port 'outport_wdata_o[13]'. (LINT-29)
Warning: In design 'axi4lite_axi4_conv', input port 'inport_wdata_i[12]' is connected directly to output port 'outport_wdata_o[12]'. (LINT-29)
Warning: In design 'axi4lite_axi4_conv', input port 'inport_wdata_i[11]' is connected directly to output port 'outport_wdata_o[11]'. (LINT-29)
Warning: In design 'axi4lite_axi4_conv', input port 'inport_wdata_i[10]' is connected directly to output port 'outport_wdata_o[10]'. (LINT-29)
Warning: In design 'axi4lite_axi4_conv', input port 'inport_wdata_i[9]' is connected directly to output port 'outport_wdata_o[9]'. (LINT-29)
Warning: In design 'axi4lite_axi4_conv', input port 'inport_wdata_i[8]' is connected directly to output port 'outport_wdata_o[8]'. (LINT-29)
Warning: In design 'axi4lite_axi4_conv', input port 'inport_wdata_i[7]' is connected directly to output port 'outport_wdata_o[7]'. (LINT-29)
Warning: In design 'axi4lite_axi4_conv', input port 'inport_wdata_i[6]' is connected directly to output port 'outport_wdata_o[6]'. (LINT-29)
Warning: In design 'axi4lite_axi4_conv', input port 'inport_wdata_i[5]' is connected directly to output port 'outport_wdata_o[5]'. (LINT-29)
Warning: In design 'axi4lite_axi4_conv', input port 'inport_wdata_i[4]' is connected directly to output port 'outport_wdata_o[4]'. (LINT-29)
Warning: In design 'axi4lite_axi4_conv', input port 'inport_wdata_i[3]' is connected directly to output port 'outport_wdata_o[3]'. (LINT-29)
Warning: In design 'axi4lite_axi4_conv', input port 'inport_wdata_i[2]' is connected directly to output port 'outport_wdata_o[2]'. (LINT-29)
Warning: In design 'axi4lite_axi4_conv', input port 'inport_wdata_i[1]' is connected directly to output port 'outport_wdata_o[1]'. (LINT-29)
Warning: In design 'axi4lite_axi4_conv', input port 'inport_wdata_i[0]' is connected directly to output port 'outport_wdata_o[0]'. (LINT-29)
Warning: In design 'axi4lite_axi4_conv', input port 'inport_wstrb_i[3]' is connected directly to output port 'outport_wstrb_o[3]'. (LINT-29)
Warning: In design 'axi4lite_axi4_conv', input port 'inport_wstrb_i[2]' is connected directly to output port 'outport_wstrb_o[2]'. (LINT-29)
Warning: In design 'axi4lite_axi4_conv', input port 'inport_wstrb_i[1]' is connected directly to output port 'outport_wstrb_o[1]'. (LINT-29)
Warning: In design 'axi4lite_axi4_conv', input port 'inport_wstrb_i[0]' is connected directly to output port 'outport_wstrb_o[0]'. (LINT-29)
Warning: In design 'axi4lite_axi4_conv', input port 'inport_bready_i' is connected directly to output port 'outport_bready_o'. (LINT-29)
Warning: In design 'axi4lite_axi4_conv', input port 'inport_arvalid_i' is connected directly to output port 'outport_arvalid_o'. (LINT-29)
Warning: In design 'axi4lite_axi4_conv', input port 'inport_araddr_i[31]' is connected directly to output port 'outport_araddr_o[31]'. (LINT-29)
Warning: In design 'axi4lite_axi4_conv', input port 'inport_araddr_i[30]' is connected directly to output port 'outport_araddr_o[30]'. (LINT-29)
Warning: In design 'axi4lite_axi4_conv', input port 'inport_araddr_i[29]' is connected directly to output port 'outport_araddr_o[29]'. (LINT-29)
Warning: In design 'axi4lite_axi4_conv', input port 'inport_araddr_i[28]' is connected directly to output port 'outport_araddr_o[28]'. (LINT-29)
Warning: In design 'axi4lite_axi4_conv', input port 'inport_araddr_i[27]' is connected directly to output port 'outport_araddr_o[27]'. (LINT-29)
Warning: In design 'axi4lite_axi4_conv', input port 'inport_araddr_i[26]' is connected directly to output port 'outport_araddr_o[26]'. (LINT-29)
Warning: In design 'axi4lite_axi4_conv', input port 'inport_araddr_i[25]' is connected directly to output port 'outport_araddr_o[25]'. (LINT-29)
Warning: In design 'axi4lite_axi4_conv', input port 'inport_araddr_i[24]' is connected directly to output port 'outport_araddr_o[24]'. (LINT-29)
Warning: In design 'axi4lite_axi4_conv', input port 'inport_araddr_i[23]' is connected directly to output port 'outport_araddr_o[23]'. (LINT-29)
Warning: In design 'axi4lite_axi4_conv', input port 'inport_araddr_i[22]' is connected directly to output port 'outport_araddr_o[22]'. (LINT-29)
Warning: In design 'axi4lite_axi4_conv', input port 'inport_araddr_i[21]' is connected directly to output port 'outport_araddr_o[21]'. (LINT-29)
Warning: In design 'axi4lite_axi4_conv', input port 'inport_araddr_i[20]' is connected directly to output port 'outport_araddr_o[20]'. (LINT-29)
Warning: In design 'axi4lite_axi4_conv', input port 'inport_araddr_i[19]' is connected directly to output port 'outport_araddr_o[19]'. (LINT-29)
Warning: In design 'axi4lite_axi4_conv', input port 'inport_araddr_i[18]' is connected directly to output port 'outport_araddr_o[18]'. (LINT-29)
Warning: In design 'axi4lite_axi4_conv', input port 'inport_araddr_i[17]' is connected directly to output port 'outport_araddr_o[17]'. (LINT-29)
Warning: In design 'axi4lite_axi4_conv', input port 'inport_araddr_i[16]' is connected directly to output port 'outport_araddr_o[16]'. (LINT-29)
Warning: In design 'axi4lite_axi4_conv', input port 'inport_araddr_i[15]' is connected directly to output port 'outport_araddr_o[15]'. (LINT-29)
Warning: In design 'axi4lite_axi4_conv', input port 'inport_araddr_i[14]' is connected directly to output port 'outport_araddr_o[14]'. (LINT-29)
Warning: In design 'axi4lite_axi4_conv', input port 'inport_araddr_i[13]' is connected directly to output port 'outport_araddr_o[13]'. (LINT-29)
Warning: In design 'axi4lite_axi4_conv', input port 'inport_araddr_i[12]' is connected directly to output port 'outport_araddr_o[12]'. (LINT-29)
Warning: In design 'axi4lite_axi4_conv', input port 'inport_araddr_i[11]' is connected directly to output port 'outport_araddr_o[11]'. (LINT-29)
Warning: In design 'axi4lite_axi4_conv', input port 'inport_araddr_i[10]' is connected directly to output port 'outport_araddr_o[10]'. (LINT-29)
Warning: In design 'axi4lite_axi4_conv', input port 'inport_araddr_i[9]' is connected directly to output port 'outport_araddr_o[9]'. (LINT-29)
Warning: In design 'axi4lite_axi4_conv', input port 'inport_araddr_i[8]' is connected directly to output port 'outport_araddr_o[8]'. (LINT-29)
Warning: In design 'axi4lite_axi4_conv', input port 'inport_araddr_i[7]' is connected directly to output port 'outport_araddr_o[7]'. (LINT-29)
Warning: In design 'axi4lite_axi4_conv', input port 'inport_araddr_i[6]' is connected directly to output port 'outport_araddr_o[6]'. (LINT-29)
Warning: In design 'axi4lite_axi4_conv', input port 'inport_araddr_i[5]' is connected directly to output port 'outport_araddr_o[5]'. (LINT-29)
Warning: In design 'axi4lite_axi4_conv', input port 'inport_araddr_i[4]' is connected directly to output port 'outport_araddr_o[4]'. (LINT-29)
Warning: In design 'axi4lite_axi4_conv', input port 'inport_araddr_i[3]' is connected directly to output port 'outport_araddr_o[3]'. (LINT-29)
Warning: In design 'axi4lite_axi4_conv', input port 'inport_araddr_i[2]' is connected directly to output port 'outport_araddr_o[2]'. (LINT-29)
Warning: In design 'axi4lite_axi4_conv', input port 'inport_araddr_i[1]' is connected directly to output port 'outport_araddr_o[1]'. (LINT-29)
Warning: In design 'axi4lite_axi4_conv', input port 'inport_araddr_i[0]' is connected directly to output port 'outport_araddr_o[0]'. (LINT-29)
Warning: In design 'axi4lite_axi4_conv', input port 'inport_rready_i' is connected directly to output port 'outport_rready_o'. (LINT-29)
Warning: In design 'axi4lite_axi4_conv', input port 'outport_awready_i' is connected directly to output port 'inport_awready_o'. (LINT-29)
Warning: In design 'axi4lite_axi4_conv', input port 'outport_wready_i' is connected directly to output port 'inport_wready_o'. (LINT-29)
Warning: In design 'axi4lite_axi4_conv', input port 'outport_bvalid_i' is connected directly to output port 'inport_bvalid_o'. (LINT-29)
Warning: In design 'axi4lite_axi4_conv', input port 'outport_bresp_i[1]' is connected directly to output port 'inport_bresp_o[1]'. (LINT-29)
Warning: In design 'axi4lite_axi4_conv', input port 'outport_bresp_i[0]' is connected directly to output port 'inport_bresp_o[0]'. (LINT-29)
Warning: In design 'axi4lite_axi4_conv', input port 'outport_arready_i' is connected directly to output port 'inport_arready_o'. (LINT-29)
Warning: In design 'axi4lite_axi4_conv', input port 'outport_rvalid_i' is connected directly to output port 'inport_rvalid_o'. (LINT-29)
Warning: In design 'axi4lite_axi4_conv', input port 'outport_rdata_i[31]' is connected directly to output port 'inport_rdata_o[31]'. (LINT-29)
Warning: In design 'axi4lite_axi4_conv', input port 'outport_rdata_i[30]' is connected directly to output port 'inport_rdata_o[30]'. (LINT-29)
Warning: In design 'axi4lite_axi4_conv', input port 'outport_rdata_i[29]' is connected directly to output port 'inport_rdata_o[29]'. (LINT-29)
Warning: In design 'axi4lite_axi4_conv', input port 'outport_rdata_i[28]' is connected directly to output port 'inport_rdata_o[28]'. (LINT-29)
Warning: In design 'axi4lite_axi4_conv', input port 'outport_rdata_i[27]' is connected directly to output port 'inport_rdata_o[27]'. (LINT-29)
Warning: In design 'axi4lite_axi4_conv', input port 'outport_rdata_i[26]' is connected directly to output port 'inport_rdata_o[26]'. (LINT-29)
Warning: In design 'axi4lite_axi4_conv', input port 'outport_rdata_i[25]' is connected directly to output port 'inport_rdata_o[25]'. (LINT-29)
Warning: In design 'axi4lite_axi4_conv', input port 'outport_rdata_i[24]' is connected directly to output port 'inport_rdata_o[24]'. (LINT-29)
Warning: In design 'axi4lite_axi4_conv', input port 'outport_rdata_i[23]' is connected directly to output port 'inport_rdata_o[23]'. (LINT-29)
Warning: In design 'axi4lite_axi4_conv', input port 'outport_rdata_i[22]' is connected directly to output port 'inport_rdata_o[22]'. (LINT-29)
Warning: In design 'axi4lite_axi4_conv', input port 'outport_rdata_i[21]' is connected directly to output port 'inport_rdata_o[21]'. (LINT-29)
Warning: In design 'axi4lite_axi4_conv', input port 'outport_rdata_i[20]' is connected directly to output port 'inport_rdata_o[20]'. (LINT-29)
Warning: In design 'axi4lite_axi4_conv', input port 'outport_rdata_i[19]' is connected directly to output port 'inport_rdata_o[19]'. (LINT-29)
Warning: In design 'axi4lite_axi4_conv', input port 'outport_rdata_i[18]' is connected directly to output port 'inport_rdata_o[18]'. (LINT-29)
Warning: In design 'axi4lite_axi4_conv', input port 'outport_rdata_i[17]' is connected directly to output port 'inport_rdata_o[17]'. (LINT-29)
Warning: In design 'axi4lite_axi4_conv', input port 'outport_rdata_i[16]' is connected directly to output port 'inport_rdata_o[16]'. (LINT-29)
Warning: In design 'axi4lite_axi4_conv', input port 'outport_rdata_i[15]' is connected directly to output port 'inport_rdata_o[15]'. (LINT-29)
Warning: In design 'axi4lite_axi4_conv', input port 'outport_rdata_i[14]' is connected directly to output port 'inport_rdata_o[14]'. (LINT-29)
Warning: In design 'axi4lite_axi4_conv', input port 'outport_rdata_i[13]' is connected directly to output port 'inport_rdata_o[13]'. (LINT-29)
Warning: In design 'axi4lite_axi4_conv', input port 'outport_rdata_i[12]' is connected directly to output port 'inport_rdata_o[12]'. (LINT-29)
Warning: In design 'axi4lite_axi4_conv', input port 'outport_rdata_i[11]' is connected directly to output port 'inport_rdata_o[11]'. (LINT-29)
Warning: In design 'axi4lite_axi4_conv', input port 'outport_rdata_i[10]' is connected directly to output port 'inport_rdata_o[10]'. (LINT-29)
Warning: In design 'axi4lite_axi4_conv', input port 'outport_rdata_i[9]' is connected directly to output port 'inport_rdata_o[9]'. (LINT-29)
Warning: In design 'axi4lite_axi4_conv', input port 'outport_rdata_i[8]' is connected directly to output port 'inport_rdata_o[8]'. (LINT-29)
Warning: In design 'axi4lite_axi4_conv', input port 'outport_rdata_i[7]' is connected directly to output port 'inport_rdata_o[7]'. (LINT-29)
Warning: In design 'axi4lite_axi4_conv', input port 'outport_rdata_i[6]' is connected directly to output port 'inport_rdata_o[6]'. (LINT-29)
Warning: In design 'axi4lite_axi4_conv', input port 'outport_rdata_i[5]' is connected directly to output port 'inport_rdata_o[5]'. (LINT-29)
Warning: In design 'axi4lite_axi4_conv', input port 'outport_rdata_i[4]' is connected directly to output port 'inport_rdata_o[4]'. (LINT-29)
Warning: In design 'axi4lite_axi4_conv', input port 'outport_rdata_i[3]' is connected directly to output port 'inport_rdata_o[3]'. (LINT-29)
Warning: In design 'axi4lite_axi4_conv', input port 'outport_rdata_i[2]' is connected directly to output port 'inport_rdata_o[2]'. (LINT-29)
Warning: In design 'axi4lite_axi4_conv', input port 'outport_rdata_i[1]' is connected directly to output port 'inport_rdata_o[1]'. (LINT-29)
Warning: In design 'axi4lite_axi4_conv', input port 'outport_rdata_i[0]' is connected directly to output port 'inport_rdata_o[0]'. (LINT-29)
Warning: In design 'axi4lite_axi4_conv', input port 'outport_rresp_i[1]' is connected directly to output port 'inport_rresp_o[1]'. (LINT-29)
Warning: In design 'axi4lite_axi4_conv', input port 'outport_rresp_i[0]' is connected directly to output port 'inport_rresp_o[0]'. (LINT-29)
Warning: In design 'dport_bridge', input port 'axi_rdata_i[31]' is connected directly to output port 'mem_data_rd_o[31]'. (LINT-29)
Warning: In design 'dport_bridge', input port 'axi_rdata_i[30]' is connected directly to output port 'mem_data_rd_o[30]'. (LINT-29)
Warning: In design 'dport_bridge', input port 'axi_rdata_i[29]' is connected directly to output port 'mem_data_rd_o[29]'. (LINT-29)
Warning: In design 'dport_bridge', input port 'axi_rdata_i[28]' is connected directly to output port 'mem_data_rd_o[28]'. (LINT-29)
Warning: In design 'dport_bridge', input port 'axi_rdata_i[27]' is connected directly to output port 'mem_data_rd_o[27]'. (LINT-29)
Warning: In design 'dport_bridge', input port 'axi_rdata_i[26]' is connected directly to output port 'mem_data_rd_o[26]'. (LINT-29)
Warning: In design 'dport_bridge', input port 'axi_rdata_i[25]' is connected directly to output port 'mem_data_rd_o[25]'. (LINT-29)
Warning: In design 'dport_bridge', input port 'axi_rdata_i[24]' is connected directly to output port 'mem_data_rd_o[24]'. (LINT-29)
Warning: In design 'dport_bridge', input port 'axi_rdata_i[23]' is connected directly to output port 'mem_data_rd_o[23]'. (LINT-29)
Warning: In design 'dport_bridge', input port 'axi_rdata_i[22]' is connected directly to output port 'mem_data_rd_o[22]'. (LINT-29)
Warning: In design 'dport_bridge', input port 'axi_rdata_i[21]' is connected directly to output port 'mem_data_rd_o[21]'. (LINT-29)
Warning: In design 'dport_bridge', input port 'axi_rdata_i[20]' is connected directly to output port 'mem_data_rd_o[20]'. (LINT-29)
Warning: In design 'dport_bridge', input port 'axi_rdata_i[19]' is connected directly to output port 'mem_data_rd_o[19]'. (LINT-29)
Warning: In design 'dport_bridge', input port 'axi_rdata_i[18]' is connected directly to output port 'mem_data_rd_o[18]'. (LINT-29)
Warning: In design 'dport_bridge', input port 'axi_rdata_i[17]' is connected directly to output port 'mem_data_rd_o[17]'. (LINT-29)
Warning: In design 'dport_bridge', input port 'axi_rdata_i[16]' is connected directly to output port 'mem_data_rd_o[16]'. (LINT-29)
Warning: In design 'dport_bridge', input port 'axi_rdata_i[15]' is connected directly to output port 'mem_data_rd_o[15]'. (LINT-29)
Warning: In design 'dport_bridge', input port 'axi_rdata_i[14]' is connected directly to output port 'mem_data_rd_o[14]'. (LINT-29)
Warning: In design 'dport_bridge', input port 'axi_rdata_i[13]' is connected directly to output port 'mem_data_rd_o[13]'. (LINT-29)
Warning: In design 'dport_bridge', input port 'axi_rdata_i[12]' is connected directly to output port 'mem_data_rd_o[12]'. (LINT-29)
Warning: In design 'dport_bridge', input port 'axi_rdata_i[11]' is connected directly to output port 'mem_data_rd_o[11]'. (LINT-29)
Warning: In design 'dport_bridge', input port 'axi_rdata_i[10]' is connected directly to output port 'mem_data_rd_o[10]'. (LINT-29)
Warning: In design 'dport_bridge', input port 'axi_rdata_i[9]' is connected directly to output port 'mem_data_rd_o[9]'. (LINT-29)
Warning: In design 'dport_bridge', input port 'axi_rdata_i[8]' is connected directly to output port 'mem_data_rd_o[8]'. (LINT-29)
Warning: In design 'dport_bridge', input port 'axi_rdata_i[7]' is connected directly to output port 'mem_data_rd_o[7]'. (LINT-29)
Warning: In design 'dport_bridge', input port 'axi_rdata_i[6]' is connected directly to output port 'mem_data_rd_o[6]'. (LINT-29)
Warning: In design 'dport_bridge', input port 'axi_rdata_i[5]' is connected directly to output port 'mem_data_rd_o[5]'. (LINT-29)
Warning: In design 'dport_bridge', input port 'axi_rdata_i[4]' is connected directly to output port 'mem_data_rd_o[4]'. (LINT-29)
Warning: In design 'dport_bridge', input port 'axi_rdata_i[3]' is connected directly to output port 'mem_data_rd_o[3]'. (LINT-29)
Warning: In design 'dport_bridge', input port 'axi_rdata_i[2]' is connected directly to output port 'mem_data_rd_o[2]'. (LINT-29)
Warning: In design 'dport_bridge', input port 'axi_rdata_i[1]' is connected directly to output port 'mem_data_rd_o[1]'. (LINT-29)
Warning: In design 'dport_bridge', input port 'axi_rdata_i[0]' is connected directly to output port 'mem_data_rd_o[0]'. (LINT-29)
Warning: In design 'axi4_lite_tap', input port 'inport_awaddr_i[31]' is connected directly to output port 'outport_peripheral4_awaddr_o[31]'. (LINT-29)
Warning: In design 'axi4_lite_tap', input port 'inport_awaddr_i[31]' is connected directly to output port 'outport_peripheral3_awaddr_o[31]'. (LINT-29)
Warning: In design 'axi4_lite_tap', input port 'inport_awaddr_i[31]' is connected directly to output port 'outport_peripheral2_awaddr_o[31]'. (LINT-29)
Warning: In design 'axi4_lite_tap', input port 'inport_awaddr_i[31]' is connected directly to output port 'outport_peripheral1_awaddr_o[31]'. (LINT-29)
Warning: In design 'axi4_lite_tap', input port 'inport_awaddr_i[31]' is connected directly to output port 'outport_peripheral0_awaddr_o[31]'. (LINT-29)
Warning: In design 'axi4_lite_tap', input port 'inport_awaddr_i[31]' is connected directly to output port 'outport_awaddr_o[31]'. (LINT-29)
Warning: In design 'axi4_lite_tap', input port 'inport_awaddr_i[30]' is connected directly to output port 'outport_peripheral4_awaddr_o[30]'. (LINT-29)
Warning: In design 'axi4_lite_tap', input port 'inport_awaddr_i[30]' is connected directly to output port 'outport_peripheral3_awaddr_o[30]'. (LINT-29)
Warning: In design 'axi4_lite_tap', input port 'inport_awaddr_i[30]' is connected directly to output port 'outport_peripheral2_awaddr_o[30]'. (LINT-29)
Warning: In design 'axi4_lite_tap', input port 'inport_awaddr_i[30]' is connected directly to output port 'outport_peripheral1_awaddr_o[30]'. (LINT-29)
Warning: In design 'axi4_lite_tap', input port 'inport_awaddr_i[30]' is connected directly to output port 'outport_peripheral0_awaddr_o[30]'. (LINT-29)
Warning: In design 'axi4_lite_tap', input port 'inport_awaddr_i[30]' is connected directly to output port 'outport_awaddr_o[30]'. (LINT-29)
Warning: In design 'axi4_lite_tap', input port 'inport_awaddr_i[29]' is connected directly to output port 'outport_peripheral4_awaddr_o[29]'. (LINT-29)
Warning: In design 'axi4_lite_tap', input port 'inport_awaddr_i[29]' is connected directly to output port 'outport_peripheral3_awaddr_o[29]'. (LINT-29)
Warning: In design 'axi4_lite_tap', input port 'inport_awaddr_i[29]' is connected directly to output port 'outport_peripheral2_awaddr_o[29]'. (LINT-29)
Warning: In design 'axi4_lite_tap', input port 'inport_awaddr_i[29]' is connected directly to output port 'outport_peripheral1_awaddr_o[29]'. (LINT-29)
Warning: In design 'axi4_lite_tap', input port 'inport_awaddr_i[29]' is connected directly to output port 'outport_peripheral0_awaddr_o[29]'. (LINT-29)
Warning: In design 'axi4_lite_tap', input port 'inport_awaddr_i[29]' is connected directly to output port 'outport_awaddr_o[29]'. (LINT-29)
Warning: In design 'axi4_lite_tap', input port 'inport_awaddr_i[28]' is connected directly to output port 'outport_peripheral4_awaddr_o[28]'. (LINT-29)
Warning: In design 'axi4_lite_tap', input port 'inport_awaddr_i[28]' is connected directly to output port 'outport_peripheral3_awaddr_o[28]'. (LINT-29)
Warning: In design 'axi4_lite_tap', input port 'inport_awaddr_i[28]' is connected directly to output port 'outport_peripheral2_awaddr_o[28]'. (LINT-29)
Warning: In design 'axi4_lite_tap', input port 'inport_awaddr_i[28]' is connected directly to output port 'outport_peripheral1_awaddr_o[28]'. (LINT-29)
Warning: In design 'axi4_lite_tap', input port 'inport_awaddr_i[28]' is connected directly to output port 'outport_peripheral0_awaddr_o[28]'. (LINT-29)
Warning: In design 'axi4_lite_tap', input port 'inport_awaddr_i[28]' is connected directly to output port 'outport_awaddr_o[28]'. (LINT-29)
Warning: In design 'axi4_lite_tap', input port 'inport_awaddr_i[27]' is connected directly to output port 'outport_peripheral4_awaddr_o[27]'. (LINT-29)
Warning: In design 'axi4_lite_tap', input port 'inport_awaddr_i[27]' is connected directly to output port 'outport_peripheral3_awaddr_o[27]'. (LINT-29)
Warning: In design 'axi4_lite_tap', input port 'inport_awaddr_i[27]' is connected directly to output port 'outport_peripheral2_awaddr_o[27]'. (LINT-29)
Warning: In design 'axi4_lite_tap', input port 'inport_awaddr_i[27]' is connected directly to output port 'outport_peripheral1_awaddr_o[27]'. (LINT-29)
Warning: In design 'axi4_lite_tap', input port 'inport_awaddr_i[27]' is connected directly to output port 'outport_peripheral0_awaddr_o[27]'. (LINT-29)
Warning: In design 'axi4_lite_tap', input port 'inport_awaddr_i[27]' is connected directly to output port 'outport_awaddr_o[27]'. (LINT-29)
Warning: In design 'axi4_lite_tap', input port 'inport_awaddr_i[26]' is connected directly to output port 'outport_peripheral4_awaddr_o[26]'. (LINT-29)
Warning: In design 'axi4_lite_tap', input port 'inport_awaddr_i[26]' is connected directly to output port 'outport_peripheral3_awaddr_o[26]'. (LINT-29)
Warning: In design 'axi4_lite_tap', input port 'inport_awaddr_i[26]' is connected directly to output port 'outport_peripheral2_awaddr_o[26]'. (LINT-29)
Warning: In design 'axi4_lite_tap', input port 'inport_awaddr_i[26]' is connected directly to output port 'outport_peripheral1_awaddr_o[26]'. (LINT-29)
Warning: In design 'axi4_lite_tap', input port 'inport_awaddr_i[26]' is connected directly to output port 'outport_peripheral0_awaddr_o[26]'. (LINT-29)
Warning: In design 'axi4_lite_tap', input port 'inport_awaddr_i[26]' is connected directly to output port 'outport_awaddr_o[26]'. (LINT-29)
Warning: In design 'axi4_lite_tap', input port 'inport_awaddr_i[25]' is connected directly to output port 'outport_peripheral4_awaddr_o[25]'. (LINT-29)
Warning: In design 'axi4_lite_tap', input port 'inport_awaddr_i[25]' is connected directly to output port 'outport_peripheral3_awaddr_o[25]'. (LINT-29)
Warning: In design 'axi4_lite_tap', input port 'inport_awaddr_i[25]' is connected directly to output port 'outport_peripheral2_awaddr_o[25]'. (LINT-29)
Warning: In design 'axi4_lite_tap', input port 'inport_awaddr_i[25]' is connected directly to output port 'outport_peripheral1_awaddr_o[25]'. (LINT-29)
Warning: In design 'axi4_lite_tap', input port 'inport_awaddr_i[25]' is connected directly to output port 'outport_peripheral0_awaddr_o[25]'. (LINT-29)
Warning: In design 'axi4_lite_tap', input port 'inport_awaddr_i[25]' is connected directly to output port 'outport_awaddr_o[25]'. (LINT-29)
Warning: In design 'axi4_lite_tap', input port 'inport_awaddr_i[24]' is connected directly to output port 'outport_peripheral4_awaddr_o[24]'. (LINT-29)
Warning: In design 'axi4_lite_tap', input port 'inport_awaddr_i[24]' is connected directly to output port 'outport_peripheral3_awaddr_o[24]'. (LINT-29)
Warning: In design 'axi4_lite_tap', input port 'inport_awaddr_i[24]' is connected directly to output port 'outport_peripheral2_awaddr_o[24]'. (LINT-29)
Warning: In design 'axi4_lite_tap', input port 'inport_awaddr_i[24]' is connected directly to output port 'outport_peripheral1_awaddr_o[24]'. (LINT-29)
Warning: In design 'axi4_lite_tap', input port 'inport_awaddr_i[24]' is connected directly to output port 'outport_peripheral0_awaddr_o[24]'. (LINT-29)
Warning: In design 'axi4_lite_tap', input port 'inport_awaddr_i[24]' is connected directly to output port 'outport_awaddr_o[24]'. (LINT-29)
Warning: In design 'axi4_lite_tap', input port 'inport_awaddr_i[23]' is connected directly to output port 'outport_peripheral4_awaddr_o[23]'. (LINT-29)
Warning: In design 'axi4_lite_tap', input port 'inport_awaddr_i[23]' is connected directly to output port 'outport_peripheral3_awaddr_o[23]'. (LINT-29)
Warning: In design 'axi4_lite_tap', input port 'inport_awaddr_i[23]' is connected directly to output port 'outport_peripheral2_awaddr_o[23]'. (LINT-29)
Warning: In design 'axi4_lite_tap', input port 'inport_awaddr_i[23]' is connected directly to output port 'outport_peripheral1_awaddr_o[23]'. (LINT-29)
Warning: In design 'axi4_lite_tap', input port 'inport_awaddr_i[23]' is connected directly to output port 'outport_peripheral0_awaddr_o[23]'. (LINT-29)
Warning: In design 'axi4_lite_tap', input port 'inport_awaddr_i[23]' is connected directly to output port 'outport_awaddr_o[23]'. (LINT-29)
Warning: In design 'axi4_lite_tap', input port 'inport_awaddr_i[22]' is connected directly to output port 'outport_peripheral4_awaddr_o[22]'. (LINT-29)
Warning: In design 'axi4_lite_tap', input port 'inport_awaddr_i[22]' is connected directly to output port 'outport_peripheral3_awaddr_o[22]'. (LINT-29)
Warning: In design 'axi4_lite_tap', input port 'inport_awaddr_i[22]' is connected directly to output port 'outport_peripheral2_awaddr_o[22]'. (LINT-29)
Warning: In design 'axi4_lite_tap', input port 'inport_awaddr_i[22]' is connected directly to output port 'outport_peripheral1_awaddr_o[22]'. (LINT-29)
Warning: In design 'axi4_lite_tap', input port 'inport_awaddr_i[22]' is connected directly to output port 'outport_peripheral0_awaddr_o[22]'. (LINT-29)
Warning: In design 'axi4_lite_tap', input port 'inport_awaddr_i[22]' is connected directly to output port 'outport_awaddr_o[22]'. (LINT-29)
Warning: In design 'axi4_lite_tap', input port 'inport_awaddr_i[21]' is connected directly to output port 'outport_peripheral4_awaddr_o[21]'. (LINT-29)
Warning: In design 'axi4_lite_tap', input port 'inport_awaddr_i[21]' is connected directly to output port 'outport_peripheral3_awaddr_o[21]'. (LINT-29)
Warning: In design 'axi4_lite_tap', input port 'inport_awaddr_i[21]' is connected directly to output port 'outport_peripheral2_awaddr_o[21]'. (LINT-29)
Warning: In design 'axi4_lite_tap', input port 'inport_awaddr_i[21]' is connected directly to output port 'outport_peripheral1_awaddr_o[21]'. (LINT-29)
Warning: In design 'axi4_lite_tap', input port 'inport_awaddr_i[21]' is connected directly to output port 'outport_peripheral0_awaddr_o[21]'. (LINT-29)
Warning: In design 'axi4_lite_tap', input port 'inport_awaddr_i[21]' is connected directly to output port 'outport_awaddr_o[21]'. (LINT-29)
Warning: In design 'axi4_lite_tap', input port 'inport_awaddr_i[20]' is connected directly to output port 'outport_peripheral4_awaddr_o[20]'. (LINT-29)
Warning: In design 'axi4_lite_tap', input port 'inport_awaddr_i[20]' is connected directly to output port 'outport_peripheral3_awaddr_o[20]'. (LINT-29)
Warning: In design 'axi4_lite_tap', input port 'inport_awaddr_i[20]' is connected directly to output port 'outport_peripheral2_awaddr_o[20]'. (LINT-29)
Warning: In design 'axi4_lite_tap', input port 'inport_awaddr_i[20]' is connected directly to output port 'outport_peripheral1_awaddr_o[20]'. (LINT-29)
Warning: In design 'axi4_lite_tap', input port 'inport_awaddr_i[20]' is connected directly to output port 'outport_peripheral0_awaddr_o[20]'. (LINT-29)
Warning: In design 'axi4_lite_tap', input port 'inport_awaddr_i[20]' is connected directly to output port 'outport_awaddr_o[20]'. (LINT-29)
Warning: In design 'axi4_lite_tap', input port 'inport_awaddr_i[19]' is connected directly to output port 'outport_peripheral4_awaddr_o[19]'. (LINT-29)
Warning: In design 'axi4_lite_tap', input port 'inport_awaddr_i[19]' is connected directly to output port 'outport_peripheral3_awaddr_o[19]'. (LINT-29)
Warning: In design 'axi4_lite_tap', input port 'inport_awaddr_i[19]' is connected directly to output port 'outport_peripheral2_awaddr_o[19]'. (LINT-29)
Warning: In design 'axi4_lite_tap', input port 'inport_awaddr_i[19]' is connected directly to output port 'outport_peripheral1_awaddr_o[19]'. (LINT-29)
Warning: In design 'axi4_lite_tap', input port 'inport_awaddr_i[19]' is connected directly to output port 'outport_peripheral0_awaddr_o[19]'. (LINT-29)
Warning: In design 'axi4_lite_tap', input port 'inport_awaddr_i[19]' is connected directly to output port 'outport_awaddr_o[19]'. (LINT-29)
Warning: In design 'axi4_lite_tap', input port 'inport_awaddr_i[18]' is connected directly to output port 'outport_peripheral4_awaddr_o[18]'. (LINT-29)
Warning: In design 'axi4_lite_tap', input port 'inport_awaddr_i[18]' is connected directly to output port 'outport_peripheral3_awaddr_o[18]'. (LINT-29)
Warning: In design 'axi4_lite_tap', input port 'inport_awaddr_i[18]' is connected directly to output port 'outport_peripheral2_awaddr_o[18]'. (LINT-29)
Warning: In design 'axi4_lite_tap', input port 'inport_awaddr_i[18]' is connected directly to output port 'outport_peripheral1_awaddr_o[18]'. (LINT-29)
Warning: In design 'axi4_lite_tap', input port 'inport_awaddr_i[18]' is connected directly to output port 'outport_peripheral0_awaddr_o[18]'. (LINT-29)
Warning: In design 'axi4_lite_tap', input port 'inport_awaddr_i[18]' is connected directly to output port 'outport_awaddr_o[18]'. (LINT-29)
Warning: In design 'axi4_lite_tap', input port 'inport_awaddr_i[17]' is connected directly to output port 'outport_peripheral4_awaddr_o[17]'. (LINT-29)
Warning: In design 'axi4_lite_tap', input port 'inport_awaddr_i[17]' is connected directly to output port 'outport_peripheral3_awaddr_o[17]'. (LINT-29)
Warning: In design 'axi4_lite_tap', input port 'inport_awaddr_i[17]' is connected directly to output port 'outport_peripheral2_awaddr_o[17]'. (LINT-29)
Warning: In design 'axi4_lite_tap', input port 'inport_awaddr_i[17]' is connected directly to output port 'outport_peripheral1_awaddr_o[17]'. (LINT-29)
Warning: In design 'axi4_lite_tap', input port 'inport_awaddr_i[17]' is connected directly to output port 'outport_peripheral0_awaddr_o[17]'. (LINT-29)
Warning: In design 'axi4_lite_tap', input port 'inport_awaddr_i[17]' is connected directly to output port 'outport_awaddr_o[17]'. (LINT-29)
Warning: In design 'axi4_lite_tap', input port 'inport_awaddr_i[16]' is connected directly to output port 'outport_peripheral4_awaddr_o[16]'. (LINT-29)
Warning: In design 'axi4_lite_tap', input port 'inport_awaddr_i[16]' is connected directly to output port 'outport_peripheral3_awaddr_o[16]'. (LINT-29)
Warning: In design 'axi4_lite_tap', input port 'inport_awaddr_i[16]' is connected directly to output port 'outport_peripheral2_awaddr_o[16]'. (LINT-29)
Warning: In design 'axi4_lite_tap', input port 'inport_awaddr_i[16]' is connected directly to output port 'outport_peripheral1_awaddr_o[16]'. (LINT-29)
Warning: In design 'axi4_lite_tap', input port 'inport_awaddr_i[16]' is connected directly to output port 'outport_peripheral0_awaddr_o[16]'. (LINT-29)
Warning: In design 'axi4_lite_tap', input port 'inport_awaddr_i[16]' is connected directly to output port 'outport_awaddr_o[16]'. (LINT-29)
Warning: In design 'axi4_lite_tap', input port 'inport_awaddr_i[15]' is connected directly to output port 'outport_peripheral4_awaddr_o[15]'. (LINT-29)
Warning: In design 'axi4_lite_tap', input port 'inport_awaddr_i[15]' is connected directly to output port 'outport_peripheral3_awaddr_o[15]'. (LINT-29)
Warning: In design 'axi4_lite_tap', input port 'inport_awaddr_i[15]' is connected directly to output port 'outport_peripheral2_awaddr_o[15]'. (LINT-29)
Warning: In design 'axi4_lite_tap', input port 'inport_awaddr_i[15]' is connected directly to output port 'outport_peripheral1_awaddr_o[15]'. (LINT-29)
Warning: In design 'axi4_lite_tap', input port 'inport_awaddr_i[15]' is connected directly to output port 'outport_peripheral0_awaddr_o[15]'. (LINT-29)
Warning: In design 'axi4_lite_tap', input port 'inport_awaddr_i[15]' is connected directly to output port 'outport_awaddr_o[15]'. (LINT-29)
Warning: In design 'axi4_lite_tap', input port 'inport_awaddr_i[14]' is connected directly to output port 'outport_peripheral4_awaddr_o[14]'. (LINT-29)
Warning: In design 'axi4_lite_tap', input port 'inport_awaddr_i[14]' is connected directly to output port 'outport_peripheral3_awaddr_o[14]'. (LINT-29)
Warning: In design 'axi4_lite_tap', input port 'inport_awaddr_i[14]' is connected directly to output port 'outport_peripheral2_awaddr_o[14]'. (LINT-29)
Warning: In design 'axi4_lite_tap', input port 'inport_awaddr_i[14]' is connected directly to output port 'outport_peripheral1_awaddr_o[14]'. (LINT-29)
Warning: In design 'axi4_lite_tap', input port 'inport_awaddr_i[14]' is connected directly to output port 'outport_peripheral0_awaddr_o[14]'. (LINT-29)
Warning: In design 'axi4_lite_tap', input port 'inport_awaddr_i[14]' is connected directly to output port 'outport_awaddr_o[14]'. (LINT-29)
Warning: In design 'axi4_lite_tap', input port 'inport_awaddr_i[13]' is connected directly to output port 'outport_peripheral4_awaddr_o[13]'. (LINT-29)
Warning: In design 'axi4_lite_tap', input port 'inport_awaddr_i[13]' is connected directly to output port 'outport_peripheral3_awaddr_o[13]'. (LINT-29)
Warning: In design 'axi4_lite_tap', input port 'inport_awaddr_i[13]' is connected directly to output port 'outport_peripheral2_awaddr_o[13]'. (LINT-29)
Warning: In design 'axi4_lite_tap', input port 'inport_awaddr_i[13]' is connected directly to output port 'outport_peripheral1_awaddr_o[13]'. (LINT-29)
Warning: In design 'axi4_lite_tap', input port 'inport_awaddr_i[13]' is connected directly to output port 'outport_peripheral0_awaddr_o[13]'. (LINT-29)
Warning: In design 'axi4_lite_tap', input port 'inport_awaddr_i[13]' is connected directly to output port 'outport_awaddr_o[13]'. (LINT-29)
Warning: In design 'axi4_lite_tap', input port 'inport_awaddr_i[12]' is connected directly to output port 'outport_peripheral4_awaddr_o[12]'. (LINT-29)
Warning: In design 'axi4_lite_tap', input port 'inport_awaddr_i[12]' is connected directly to output port 'outport_peripheral3_awaddr_o[12]'. (LINT-29)
Warning: In design 'axi4_lite_tap', input port 'inport_awaddr_i[12]' is connected directly to output port 'outport_peripheral2_awaddr_o[12]'. (LINT-29)
Warning: In design 'axi4_lite_tap', input port 'inport_awaddr_i[12]' is connected directly to output port 'outport_peripheral1_awaddr_o[12]'. (LINT-29)
Warning: In design 'axi4_lite_tap', input port 'inport_awaddr_i[12]' is connected directly to output port 'outport_peripheral0_awaddr_o[12]'. (LINT-29)
Warning: In design 'axi4_lite_tap', input port 'inport_awaddr_i[12]' is connected directly to output port 'outport_awaddr_o[12]'. (LINT-29)
Warning: In design 'axi4_lite_tap', input port 'inport_awaddr_i[11]' is connected directly to output port 'outport_peripheral4_awaddr_o[11]'. (LINT-29)
Warning: In design 'axi4_lite_tap', input port 'inport_awaddr_i[11]' is connected directly to output port 'outport_peripheral3_awaddr_o[11]'. (LINT-29)
Warning: In design 'axi4_lite_tap', input port 'inport_awaddr_i[11]' is connected directly to output port 'outport_peripheral2_awaddr_o[11]'. (LINT-29)
Warning: In design 'axi4_lite_tap', input port 'inport_awaddr_i[11]' is connected directly to output port 'outport_peripheral1_awaddr_o[11]'. (LINT-29)
Warning: In design 'axi4_lite_tap', input port 'inport_awaddr_i[11]' is connected directly to output port 'outport_peripheral0_awaddr_o[11]'. (LINT-29)
Warning: In design 'axi4_lite_tap', input port 'inport_awaddr_i[11]' is connected directly to output port 'outport_awaddr_o[11]'. (LINT-29)
Warning: In design 'axi4_lite_tap', input port 'inport_awaddr_i[10]' is connected directly to output port 'outport_peripheral4_awaddr_o[10]'. (LINT-29)
Warning: In design 'axi4_lite_tap', input port 'inport_awaddr_i[10]' is connected directly to output port 'outport_peripheral3_awaddr_o[10]'. (LINT-29)
Warning: In design 'axi4_lite_tap', input port 'inport_awaddr_i[10]' is connected directly to output port 'outport_peripheral2_awaddr_o[10]'. (LINT-29)
Warning: In design 'axi4_lite_tap', input port 'inport_awaddr_i[10]' is connected directly to output port 'outport_peripheral1_awaddr_o[10]'. (LINT-29)
Warning: In design 'axi4_lite_tap', input port 'inport_awaddr_i[10]' is connected directly to output port 'outport_peripheral0_awaddr_o[10]'. (LINT-29)
Warning: In design 'axi4_lite_tap', input port 'inport_awaddr_i[10]' is connected directly to output port 'outport_awaddr_o[10]'. (LINT-29)
Warning: In design 'axi4_lite_tap', input port 'inport_awaddr_i[9]' is connected directly to output port 'outport_peripheral4_awaddr_o[9]'. (LINT-29)
Warning: In design 'axi4_lite_tap', input port 'inport_awaddr_i[9]' is connected directly to output port 'outport_peripheral3_awaddr_o[9]'. (LINT-29)
Warning: In design 'axi4_lite_tap', input port 'inport_awaddr_i[9]' is connected directly to output port 'outport_peripheral2_awaddr_o[9]'. (LINT-29)
Warning: In design 'axi4_lite_tap', input port 'inport_awaddr_i[9]' is connected directly to output port 'outport_peripheral1_awaddr_o[9]'. (LINT-29)
Warning: In design 'axi4_lite_tap', input port 'inport_awaddr_i[9]' is connected directly to output port 'outport_peripheral0_awaddr_o[9]'. (LINT-29)
Warning: In design 'axi4_lite_tap', input port 'inport_awaddr_i[9]' is connected directly to output port 'outport_awaddr_o[9]'. (LINT-29)
Warning: In design 'axi4_lite_tap', input port 'inport_awaddr_i[8]' is connected directly to output port 'outport_peripheral4_awaddr_o[8]'. (LINT-29)
Warning: In design 'axi4_lite_tap', input port 'inport_awaddr_i[8]' is connected directly to output port 'outport_peripheral3_awaddr_o[8]'. (LINT-29)
Warning: In design 'axi4_lite_tap', input port 'inport_awaddr_i[8]' is connected directly to output port 'outport_peripheral2_awaddr_o[8]'. (LINT-29)
Warning: In design 'axi4_lite_tap', input port 'inport_awaddr_i[8]' is connected directly to output port 'outport_peripheral1_awaddr_o[8]'. (LINT-29)
Warning: In design 'axi4_lite_tap', input port 'inport_awaddr_i[8]' is connected directly to output port 'outport_peripheral0_awaddr_o[8]'. (LINT-29)
Warning: In design 'axi4_lite_tap', input port 'inport_awaddr_i[8]' is connected directly to output port 'outport_awaddr_o[8]'. (LINT-29)
Warning: In design 'axi4_lite_tap', input port 'inport_awaddr_i[7]' is connected directly to output port 'outport_peripheral4_awaddr_o[7]'. (LINT-29)
Warning: In design 'axi4_lite_tap', input port 'inport_awaddr_i[7]' is connected directly to output port 'outport_peripheral3_awaddr_o[7]'. (LINT-29)
Warning: In design 'axi4_lite_tap', input port 'inport_awaddr_i[7]' is connected directly to output port 'outport_peripheral2_awaddr_o[7]'. (LINT-29)
Warning: In design 'axi4_lite_tap', input port 'inport_awaddr_i[7]' is connected directly to output port 'outport_peripheral1_awaddr_o[7]'. (LINT-29)
Warning: In design 'axi4_lite_tap', input port 'inport_awaddr_i[7]' is connected directly to output port 'outport_peripheral0_awaddr_o[7]'. (LINT-29)
Warning: In design 'axi4_lite_tap', input port 'inport_awaddr_i[7]' is connected directly to output port 'outport_awaddr_o[7]'. (LINT-29)
Warning: In design 'axi4_lite_tap', input port 'inport_awaddr_i[6]' is connected directly to output port 'outport_peripheral4_awaddr_o[6]'. (LINT-29)
Warning: In design 'axi4_lite_tap', input port 'inport_awaddr_i[6]' is connected directly to output port 'outport_peripheral3_awaddr_o[6]'. (LINT-29)
Warning: In design 'axi4_lite_tap', input port 'inport_awaddr_i[6]' is connected directly to output port 'outport_peripheral2_awaddr_o[6]'. (LINT-29)
Warning: In design 'axi4_lite_tap', input port 'inport_awaddr_i[6]' is connected directly to output port 'outport_peripheral1_awaddr_o[6]'. (LINT-29)
Warning: In design 'axi4_lite_tap', input port 'inport_awaddr_i[6]' is connected directly to output port 'outport_peripheral0_awaddr_o[6]'. (LINT-29)
Warning: In design 'axi4_lite_tap', input port 'inport_awaddr_i[6]' is connected directly to output port 'outport_awaddr_o[6]'. (LINT-29)
Warning: In design 'axi4_lite_tap', input port 'inport_awaddr_i[5]' is connected directly to output port 'outport_peripheral4_awaddr_o[5]'. (LINT-29)
Warning: In design 'axi4_lite_tap', input port 'inport_awaddr_i[5]' is connected directly to output port 'outport_peripheral3_awaddr_o[5]'. (LINT-29)
Warning: In design 'axi4_lite_tap', input port 'inport_awaddr_i[5]' is connected directly to output port 'outport_peripheral2_awaddr_o[5]'. (LINT-29)
Warning: In design 'axi4_lite_tap', input port 'inport_awaddr_i[5]' is connected directly to output port 'outport_peripheral1_awaddr_o[5]'. (LINT-29)
Warning: In design 'axi4_lite_tap', input port 'inport_awaddr_i[5]' is connected directly to output port 'outport_peripheral0_awaddr_o[5]'. (LINT-29)
Warning: In design 'axi4_lite_tap', input port 'inport_awaddr_i[5]' is connected directly to output port 'outport_awaddr_o[5]'. (LINT-29)
Warning: In design 'axi4_lite_tap', input port 'inport_awaddr_i[4]' is connected directly to output port 'outport_peripheral4_awaddr_o[4]'. (LINT-29)
Warning: In design 'axi4_lite_tap', input port 'inport_awaddr_i[4]' is connected directly to output port 'outport_peripheral3_awaddr_o[4]'. (LINT-29)
Warning: In design 'axi4_lite_tap', input port 'inport_awaddr_i[4]' is connected directly to output port 'outport_peripheral2_awaddr_o[4]'. (LINT-29)
Warning: In design 'axi4_lite_tap', input port 'inport_awaddr_i[4]' is connected directly to output port 'outport_peripheral1_awaddr_o[4]'. (LINT-29)
Warning: In design 'axi4_lite_tap', input port 'inport_awaddr_i[4]' is connected directly to output port 'outport_peripheral0_awaddr_o[4]'. (LINT-29)
Warning: In design 'axi4_lite_tap', input port 'inport_awaddr_i[4]' is connected directly to output port 'outport_awaddr_o[4]'. (LINT-29)
Warning: In design 'axi4_lite_tap', input port 'inport_awaddr_i[3]' is connected directly to output port 'outport_peripheral4_awaddr_o[3]'. (LINT-29)
Warning: In design 'axi4_lite_tap', input port 'inport_awaddr_i[3]' is connected directly to output port 'outport_peripheral3_awaddr_o[3]'. (LINT-29)
Warning: In design 'axi4_lite_tap', input port 'inport_awaddr_i[3]' is connected directly to output port 'outport_peripheral2_awaddr_o[3]'. (LINT-29)
Warning: In design 'axi4_lite_tap', input port 'inport_awaddr_i[3]' is connected directly to output port 'outport_peripheral1_awaddr_o[3]'. (LINT-29)
Warning: In design 'axi4_lite_tap', input port 'inport_awaddr_i[3]' is connected directly to output port 'outport_peripheral0_awaddr_o[3]'. (LINT-29)
Warning: In design 'axi4_lite_tap', input port 'inport_awaddr_i[3]' is connected directly to output port 'outport_awaddr_o[3]'. (LINT-29)
Warning: In design 'axi4_lite_tap', input port 'inport_awaddr_i[2]' is connected directly to output port 'outport_peripheral4_awaddr_o[2]'. (LINT-29)
Warning: In design 'axi4_lite_tap', input port 'inport_awaddr_i[2]' is connected directly to output port 'outport_peripheral3_awaddr_o[2]'. (LINT-29)
Warning: In design 'axi4_lite_tap', input port 'inport_awaddr_i[2]' is connected directly to output port 'outport_peripheral2_awaddr_o[2]'. (LINT-29)
Warning: In design 'axi4_lite_tap', input port 'inport_awaddr_i[2]' is connected directly to output port 'outport_peripheral1_awaddr_o[2]'. (LINT-29)
Warning: In design 'axi4_lite_tap', input port 'inport_awaddr_i[2]' is connected directly to output port 'outport_peripheral0_awaddr_o[2]'. (LINT-29)
Warning: In design 'axi4_lite_tap', input port 'inport_awaddr_i[2]' is connected directly to output port 'outport_awaddr_o[2]'. (LINT-29)
Warning: In design 'axi4_lite_tap', input port 'inport_awaddr_i[1]' is connected directly to output port 'outport_peripheral4_awaddr_o[1]'. (LINT-29)
Warning: In design 'axi4_lite_tap', input port 'inport_awaddr_i[1]' is connected directly to output port 'outport_peripheral3_awaddr_o[1]'. (LINT-29)
Warning: In design 'axi4_lite_tap', input port 'inport_awaddr_i[1]' is connected directly to output port 'outport_peripheral2_awaddr_o[1]'. (LINT-29)
Warning: In design 'axi4_lite_tap', input port 'inport_awaddr_i[1]' is connected directly to output port 'outport_peripheral1_awaddr_o[1]'. (LINT-29)
Warning: In design 'axi4_lite_tap', input port 'inport_awaddr_i[1]' is connected directly to output port 'outport_peripheral0_awaddr_o[1]'. (LINT-29)
Warning: In design 'axi4_lite_tap', input port 'inport_awaddr_i[1]' is connected directly to output port 'outport_awaddr_o[1]'. (LINT-29)
Warning: In design 'axi4_lite_tap', input port 'inport_awaddr_i[0]' is connected directly to output port 'outport_peripheral4_awaddr_o[0]'. (LINT-29)
Warning: In design 'axi4_lite_tap', input port 'inport_awaddr_i[0]' is connected directly to output port 'outport_peripheral3_awaddr_o[0]'. (LINT-29)
Warning: In design 'axi4_lite_tap', input port 'inport_awaddr_i[0]' is connected directly to output port 'outport_peripheral2_awaddr_o[0]'. (LINT-29)
Warning: In design 'axi4_lite_tap', input port 'inport_awaddr_i[0]' is connected directly to output port 'outport_peripheral1_awaddr_o[0]'. (LINT-29)
Warning: In design 'axi4_lite_tap', input port 'inport_awaddr_i[0]' is connected directly to output port 'outport_peripheral0_awaddr_o[0]'. (LINT-29)
Warning: In design 'axi4_lite_tap', input port 'inport_awaddr_i[0]' is connected directly to output port 'outport_awaddr_o[0]'. (LINT-29)
Warning: In design 'axi4_lite_tap', input port 'inport_awid_i[3]' is connected directly to output port 'outport_awid_o[3]'. (LINT-29)
Warning: In design 'axi4_lite_tap', input port 'inport_awid_i[2]' is connected directly to output port 'outport_awid_o[2]'. (LINT-29)
Warning: In design 'axi4_lite_tap', input port 'inport_awid_i[1]' is connected directly to output port 'outport_awid_o[1]'. (LINT-29)
Warning: In design 'axi4_lite_tap', input port 'inport_awid_i[0]' is connected directly to output port 'outport_awid_o[0]'. (LINT-29)
Warning: In design 'axi4_lite_tap', input port 'inport_awlen_i[7]' is connected directly to output port 'outport_awlen_o[7]'. (LINT-29)
Warning: In design 'axi4_lite_tap', input port 'inport_awlen_i[6]' is connected directly to output port 'outport_awlen_o[6]'. (LINT-29)
Warning: In design 'axi4_lite_tap', input port 'inport_awlen_i[5]' is connected directly to output port 'outport_awlen_o[5]'. (LINT-29)
Warning: In design 'axi4_lite_tap', input port 'inport_awlen_i[4]' is connected directly to output port 'outport_awlen_o[4]'. (LINT-29)
Warning: In design 'axi4_lite_tap', input port 'inport_awlen_i[3]' is connected directly to output port 'outport_awlen_o[3]'. (LINT-29)
Warning: In design 'axi4_lite_tap', input port 'inport_awlen_i[2]' is connected directly to output port 'outport_awlen_o[2]'. (LINT-29)
Warning: In design 'axi4_lite_tap', input port 'inport_awlen_i[1]' is connected directly to output port 'outport_awlen_o[1]'. (LINT-29)
Warning: In design 'axi4_lite_tap', input port 'inport_awlen_i[0]' is connected directly to output port 'outport_awlen_o[0]'. (LINT-29)
Warning: In design 'axi4_lite_tap', input port 'inport_awburst_i[1]' is connected directly to output port 'outport_awburst_o[1]'. (LINT-29)
Warning: In design 'axi4_lite_tap', input port 'inport_awburst_i[0]' is connected directly to output port 'outport_awburst_o[0]'. (LINT-29)
Warning: In design 'axi4_lite_tap', input port 'inport_wdata_i[31]' is connected directly to output port 'outport_peripheral4_wdata_o[31]'. (LINT-29)
Warning: In design 'axi4_lite_tap', input port 'inport_wdata_i[31]' is connected directly to output port 'outport_peripheral3_wdata_o[31]'. (LINT-29)
Warning: In design 'axi4_lite_tap', input port 'inport_wdata_i[31]' is connected directly to output port 'outport_peripheral2_wdata_o[31]'. (LINT-29)
Warning: In design 'axi4_lite_tap', input port 'inport_wdata_i[31]' is connected directly to output port 'outport_peripheral1_wdata_o[31]'. (LINT-29)
Warning: In design 'axi4_lite_tap', input port 'inport_wdata_i[31]' is connected directly to output port 'outport_peripheral0_wdata_o[31]'. (LINT-29)
Warning: In design 'axi4_lite_tap', input port 'inport_wdata_i[31]' is connected directly to output port 'outport_wdata_o[31]'. (LINT-29)
Warning: In design 'axi4_lite_tap', input port 'inport_wdata_i[30]' is connected directly to output port 'outport_peripheral4_wdata_o[30]'. (LINT-29)
Warning: In design 'axi4_lite_tap', input port 'inport_wdata_i[30]' is connected directly to output port 'outport_peripheral3_wdata_o[30]'. (LINT-29)
Warning: In design 'axi4_lite_tap', input port 'inport_wdata_i[30]' is connected directly to output port 'outport_peripheral2_wdata_o[30]'. (LINT-29)
Warning: In design 'axi4_lite_tap', input port 'inport_wdata_i[30]' is connected directly to output port 'outport_peripheral1_wdata_o[30]'. (LINT-29)
Warning: In design 'axi4_lite_tap', input port 'inport_wdata_i[30]' is connected directly to output port 'outport_peripheral0_wdata_o[30]'. (LINT-29)
Warning: In design 'axi4_lite_tap', input port 'inport_wdata_i[30]' is connected directly to output port 'outport_wdata_o[30]'. (LINT-29)
Warning: In design 'axi4_lite_tap', input port 'inport_wdata_i[29]' is connected directly to output port 'outport_peripheral4_wdata_o[29]'. (LINT-29)
Warning: In design 'axi4_lite_tap', input port 'inport_wdata_i[29]' is connected directly to output port 'outport_peripheral3_wdata_o[29]'. (LINT-29)
Warning: In design 'axi4_lite_tap', input port 'inport_wdata_i[29]' is connected directly to output port 'outport_peripheral2_wdata_o[29]'. (LINT-29)
Warning: In design 'axi4_lite_tap', input port 'inport_wdata_i[29]' is connected directly to output port 'outport_peripheral1_wdata_o[29]'. (LINT-29)
Warning: In design 'axi4_lite_tap', input port 'inport_wdata_i[29]' is connected directly to output port 'outport_peripheral0_wdata_o[29]'. (LINT-29)
Warning: In design 'axi4_lite_tap', input port 'inport_wdata_i[29]' is connected directly to output port 'outport_wdata_o[29]'. (LINT-29)
Warning: In design 'axi4_lite_tap', input port 'inport_wdata_i[28]' is connected directly to output port 'outport_peripheral4_wdata_o[28]'. (LINT-29)
Warning: In design 'axi4_lite_tap', input port 'inport_wdata_i[28]' is connected directly to output port 'outport_peripheral3_wdata_o[28]'. (LINT-29)
Warning: In design 'axi4_lite_tap', input port 'inport_wdata_i[28]' is connected directly to output port 'outport_peripheral2_wdata_o[28]'. (LINT-29)
Warning: In design 'axi4_lite_tap', input port 'inport_wdata_i[28]' is connected directly to output port 'outport_peripheral1_wdata_o[28]'. (LINT-29)
Warning: In design 'axi4_lite_tap', input port 'inport_wdata_i[28]' is connected directly to output port 'outport_peripheral0_wdata_o[28]'. (LINT-29)
Warning: In design 'axi4_lite_tap', input port 'inport_wdata_i[28]' is connected directly to output port 'outport_wdata_o[28]'. (LINT-29)
Warning: In design 'axi4_lite_tap', input port 'inport_wdata_i[27]' is connected directly to output port 'outport_peripheral4_wdata_o[27]'. (LINT-29)
Warning: In design 'axi4_lite_tap', input port 'inport_wdata_i[27]' is connected directly to output port 'outport_peripheral3_wdata_o[27]'. (LINT-29)
Warning: In design 'axi4_lite_tap', input port 'inport_wdata_i[27]' is connected directly to output port 'outport_peripheral2_wdata_o[27]'. (LINT-29)
Warning: In design 'axi4_lite_tap', input port 'inport_wdata_i[27]' is connected directly to output port 'outport_peripheral1_wdata_o[27]'. (LINT-29)
Warning: In design 'axi4_lite_tap', input port 'inport_wdata_i[27]' is connected directly to output port 'outport_peripheral0_wdata_o[27]'. (LINT-29)
Warning: In design 'axi4_lite_tap', input port 'inport_wdata_i[27]' is connected directly to output port 'outport_wdata_o[27]'. (LINT-29)
Warning: In design 'axi4_lite_tap', input port 'inport_wdata_i[26]' is connected directly to output port 'outport_peripheral4_wdata_o[26]'. (LINT-29)
Warning: In design 'axi4_lite_tap', input port 'inport_wdata_i[26]' is connected directly to output port 'outport_peripheral3_wdata_o[26]'. (LINT-29)
Warning: In design 'axi4_lite_tap', input port 'inport_wdata_i[26]' is connected directly to output port 'outport_peripheral2_wdata_o[26]'. (LINT-29)
Warning: In design 'axi4_lite_tap', input port 'inport_wdata_i[26]' is connected directly to output port 'outport_peripheral1_wdata_o[26]'. (LINT-29)
Warning: In design 'axi4_lite_tap', input port 'inport_wdata_i[26]' is connected directly to output port 'outport_peripheral0_wdata_o[26]'. (LINT-29)
Warning: In design 'axi4_lite_tap', input port 'inport_wdata_i[26]' is connected directly to output port 'outport_wdata_o[26]'. (LINT-29)
Warning: In design 'axi4_lite_tap', input port 'inport_wdata_i[25]' is connected directly to output port 'outport_peripheral4_wdata_o[25]'. (LINT-29)
Warning: In design 'axi4_lite_tap', input port 'inport_wdata_i[25]' is connected directly to output port 'outport_peripheral3_wdata_o[25]'. (LINT-29)
Warning: In design 'axi4_lite_tap', input port 'inport_wdata_i[25]' is connected directly to output port 'outport_peripheral2_wdata_o[25]'. (LINT-29)
Warning: In design 'axi4_lite_tap', input port 'inport_wdata_i[25]' is connected directly to output port 'outport_peripheral1_wdata_o[25]'. (LINT-29)
Warning: In design 'axi4_lite_tap', input port 'inport_wdata_i[25]' is connected directly to output port 'outport_peripheral0_wdata_o[25]'. (LINT-29)
Warning: In design 'axi4_lite_tap', input port 'inport_wdata_i[25]' is connected directly to output port 'outport_wdata_o[25]'. (LINT-29)
Warning: In design 'axi4_lite_tap', input port 'inport_wdata_i[24]' is connected directly to output port 'outport_peripheral4_wdata_o[24]'. (LINT-29)
Warning: In design 'axi4_lite_tap', input port 'inport_wdata_i[24]' is connected directly to output port 'outport_peripheral3_wdata_o[24]'. (LINT-29)
Warning: In design 'axi4_lite_tap', input port 'inport_wdata_i[24]' is connected directly to output port 'outport_peripheral2_wdata_o[24]'. (LINT-29)
Warning: In design 'axi4_lite_tap', input port 'inport_wdata_i[24]' is connected directly to output port 'outport_peripheral1_wdata_o[24]'. (LINT-29)
Warning: In design 'axi4_lite_tap', input port 'inport_wdata_i[24]' is connected directly to output port 'outport_peripheral0_wdata_o[24]'. (LINT-29)
Warning: In design 'axi4_lite_tap', input port 'inport_wdata_i[24]' is connected directly to output port 'outport_wdata_o[24]'. (LINT-29)
Warning: In design 'axi4_lite_tap', input port 'inport_wdata_i[23]' is connected directly to output port 'outport_peripheral4_wdata_o[23]'. (LINT-29)
Warning: In design 'axi4_lite_tap', input port 'inport_wdata_i[23]' is connected directly to output port 'outport_peripheral3_wdata_o[23]'. (LINT-29)
Warning: In design 'axi4_lite_tap', input port 'inport_wdata_i[23]' is connected directly to output port 'outport_peripheral2_wdata_o[23]'. (LINT-29)
Warning: In design 'axi4_lite_tap', input port 'inport_wdata_i[23]' is connected directly to output port 'outport_peripheral1_wdata_o[23]'. (LINT-29)
Warning: In design 'axi4_lite_tap', input port 'inport_wdata_i[23]' is connected directly to output port 'outport_peripheral0_wdata_o[23]'. (LINT-29)
Warning: In design 'axi4_lite_tap', input port 'inport_wdata_i[23]' is connected directly to output port 'outport_wdata_o[23]'. (LINT-29)
Warning: In design 'axi4_lite_tap', input port 'inport_wdata_i[22]' is connected directly to output port 'outport_peripheral4_wdata_o[22]'. (LINT-29)
Warning: In design 'axi4_lite_tap', input port 'inport_wdata_i[22]' is connected directly to output port 'outport_peripheral3_wdata_o[22]'. (LINT-29)
Warning: In design 'axi4_lite_tap', input port 'inport_wdata_i[22]' is connected directly to output port 'outport_peripheral2_wdata_o[22]'. (LINT-29)
Warning: In design 'axi4_lite_tap', input port 'inport_wdata_i[22]' is connected directly to output port 'outport_peripheral1_wdata_o[22]'. (LINT-29)
Warning: In design 'axi4_lite_tap', input port 'inport_wdata_i[22]' is connected directly to output port 'outport_peripheral0_wdata_o[22]'. (LINT-29)
Warning: In design 'axi4_lite_tap', input port 'inport_wdata_i[22]' is connected directly to output port 'outport_wdata_o[22]'. (LINT-29)
Warning: In design 'axi4_lite_tap', input port 'inport_wdata_i[21]' is connected directly to output port 'outport_peripheral4_wdata_o[21]'. (LINT-29)
Warning: In design 'axi4_lite_tap', input port 'inport_wdata_i[21]' is connected directly to output port 'outport_peripheral3_wdata_o[21]'. (LINT-29)
Warning: In design 'axi4_lite_tap', input port 'inport_wdata_i[21]' is connected directly to output port 'outport_peripheral2_wdata_o[21]'. (LINT-29)
Warning: In design 'axi4_lite_tap', input port 'inport_wdata_i[21]' is connected directly to output port 'outport_peripheral1_wdata_o[21]'. (LINT-29)
Warning: In design 'axi4_lite_tap', input port 'inport_wdata_i[21]' is connected directly to output port 'outport_peripheral0_wdata_o[21]'. (LINT-29)
Warning: In design 'axi4_lite_tap', input port 'inport_wdata_i[21]' is connected directly to output port 'outport_wdata_o[21]'. (LINT-29)
Warning: In design 'axi4_lite_tap', input port 'inport_wdata_i[20]' is connected directly to output port 'outport_peripheral4_wdata_o[20]'. (LINT-29)
Warning: In design 'axi4_lite_tap', input port 'inport_wdata_i[20]' is connected directly to output port 'outport_peripheral3_wdata_o[20]'. (LINT-29)
Warning: In design 'axi4_lite_tap', input port 'inport_wdata_i[20]' is connected directly to output port 'outport_peripheral2_wdata_o[20]'. (LINT-29)
Warning: In design 'axi4_lite_tap', input port 'inport_wdata_i[20]' is connected directly to output port 'outport_peripheral1_wdata_o[20]'. (LINT-29)
Warning: In design 'axi4_lite_tap', input port 'inport_wdata_i[20]' is connected directly to output port 'outport_peripheral0_wdata_o[20]'. (LINT-29)
Warning: In design 'axi4_lite_tap', input port 'inport_wdata_i[20]' is connected directly to output port 'outport_wdata_o[20]'. (LINT-29)
Warning: In design 'axi4_lite_tap', input port 'inport_wdata_i[19]' is connected directly to output port 'outport_peripheral4_wdata_o[19]'. (LINT-29)
Warning: In design 'axi4_lite_tap', input port 'inport_wdata_i[19]' is connected directly to output port 'outport_peripheral3_wdata_o[19]'. (LINT-29)
Warning: In design 'axi4_lite_tap', input port 'inport_wdata_i[19]' is connected directly to output port 'outport_peripheral2_wdata_o[19]'. (LINT-29)
Warning: In design 'axi4_lite_tap', input port 'inport_wdata_i[19]' is connected directly to output port 'outport_peripheral1_wdata_o[19]'. (LINT-29)
Warning: In design 'axi4_lite_tap', input port 'inport_wdata_i[19]' is connected directly to output port 'outport_peripheral0_wdata_o[19]'. (LINT-29)
Warning: In design 'axi4_lite_tap', input port 'inport_wdata_i[19]' is connected directly to output port 'outport_wdata_o[19]'. (LINT-29)
Warning: In design 'axi4_lite_tap', input port 'inport_wdata_i[18]' is connected directly to output port 'outport_peripheral4_wdata_o[18]'. (LINT-29)
Warning: In design 'axi4_lite_tap', input port 'inport_wdata_i[18]' is connected directly to output port 'outport_peripheral3_wdata_o[18]'. (LINT-29)
Warning: In design 'axi4_lite_tap', input port 'inport_wdata_i[18]' is connected directly to output port 'outport_peripheral2_wdata_o[18]'. (LINT-29)
Warning: In design 'axi4_lite_tap', input port 'inport_wdata_i[18]' is connected directly to output port 'outport_peripheral1_wdata_o[18]'. (LINT-29)
Warning: In design 'axi4_lite_tap', input port 'inport_wdata_i[18]' is connected directly to output port 'outport_peripheral0_wdata_o[18]'. (LINT-29)
Warning: In design 'axi4_lite_tap', input port 'inport_wdata_i[18]' is connected directly to output port 'outport_wdata_o[18]'. (LINT-29)
Warning: In design 'axi4_lite_tap', input port 'inport_wdata_i[17]' is connected directly to output port 'outport_peripheral4_wdata_o[17]'. (LINT-29)
Warning: In design 'axi4_lite_tap', input port 'inport_wdata_i[17]' is connected directly to output port 'outport_peripheral3_wdata_o[17]'. (LINT-29)
Warning: In design 'axi4_lite_tap', input port 'inport_wdata_i[17]' is connected directly to output port 'outport_peripheral2_wdata_o[17]'. (LINT-29)
Warning: In design 'axi4_lite_tap', input port 'inport_wdata_i[17]' is connected directly to output port 'outport_peripheral1_wdata_o[17]'. (LINT-29)
Warning: In design 'axi4_lite_tap', input port 'inport_wdata_i[17]' is connected directly to output port 'outport_peripheral0_wdata_o[17]'. (LINT-29)
Warning: In design 'axi4_lite_tap', input port 'inport_wdata_i[17]' is connected directly to output port 'outport_wdata_o[17]'. (LINT-29)
Warning: In design 'axi4_lite_tap', input port 'inport_wdata_i[16]' is connected directly to output port 'outport_peripheral4_wdata_o[16]'. (LINT-29)
Warning: In design 'axi4_lite_tap', input port 'inport_wdata_i[16]' is connected directly to output port 'outport_peripheral3_wdata_o[16]'. (LINT-29)
Warning: In design 'axi4_lite_tap', input port 'inport_wdata_i[16]' is connected directly to output port 'outport_peripheral2_wdata_o[16]'. (LINT-29)
Warning: In design 'axi4_lite_tap', input port 'inport_wdata_i[16]' is connected directly to output port 'outport_peripheral1_wdata_o[16]'. (LINT-29)
Warning: In design 'axi4_lite_tap', input port 'inport_wdata_i[16]' is connected directly to output port 'outport_peripheral0_wdata_o[16]'. (LINT-29)
Warning: In design 'axi4_lite_tap', input port 'inport_wdata_i[16]' is connected directly to output port 'outport_wdata_o[16]'. (LINT-29)
Warning: In design 'axi4_lite_tap', input port 'inport_wdata_i[15]' is connected directly to output port 'outport_peripheral4_wdata_o[15]'. (LINT-29)
Warning: In design 'axi4_lite_tap', input port 'inport_wdata_i[15]' is connected directly to output port 'outport_peripheral3_wdata_o[15]'. (LINT-29)
Warning: In design 'axi4_lite_tap', input port 'inport_wdata_i[15]' is connected directly to output port 'outport_peripheral2_wdata_o[15]'. (LINT-29)
Warning: In design 'axi4_lite_tap', input port 'inport_wdata_i[15]' is connected directly to output port 'outport_peripheral1_wdata_o[15]'. (LINT-29)
Warning: In design 'axi4_lite_tap', input port 'inport_wdata_i[15]' is connected directly to output port 'outport_peripheral0_wdata_o[15]'. (LINT-29)
Warning: In design 'axi4_lite_tap', input port 'inport_wdata_i[15]' is connected directly to output port 'outport_wdata_o[15]'. (LINT-29)
Warning: In design 'axi4_lite_tap', input port 'inport_wdata_i[14]' is connected directly to output port 'outport_peripheral4_wdata_o[14]'. (LINT-29)
Warning: In design 'axi4_lite_tap', input port 'inport_wdata_i[14]' is connected directly to output port 'outport_peripheral3_wdata_o[14]'. (LINT-29)
Warning: In design 'axi4_lite_tap', input port 'inport_wdata_i[14]' is connected directly to output port 'outport_peripheral2_wdata_o[14]'. (LINT-29)
Warning: In design 'axi4_lite_tap', input port 'inport_wdata_i[14]' is connected directly to output port 'outport_peripheral1_wdata_o[14]'. (LINT-29)
Warning: In design 'axi4_lite_tap', input port 'inport_wdata_i[14]' is connected directly to output port 'outport_peripheral0_wdata_o[14]'. (LINT-29)
Warning: In design 'axi4_lite_tap', input port 'inport_wdata_i[14]' is connected directly to output port 'outport_wdata_o[14]'. (LINT-29)
Warning: In design 'axi4_lite_tap', input port 'inport_wdata_i[13]' is connected directly to output port 'outport_peripheral4_wdata_o[13]'. (LINT-29)
Warning: In design 'axi4_lite_tap', input port 'inport_wdata_i[13]' is connected directly to output port 'outport_peripheral3_wdata_o[13]'. (LINT-29)
Warning: In design 'axi4_lite_tap', input port 'inport_wdata_i[13]' is connected directly to output port 'outport_peripheral2_wdata_o[13]'. (LINT-29)
Warning: In design 'axi4_lite_tap', input port 'inport_wdata_i[13]' is connected directly to output port 'outport_peripheral1_wdata_o[13]'. (LINT-29)
Warning: In design 'axi4_lite_tap', input port 'inport_wdata_i[13]' is connected directly to output port 'outport_peripheral0_wdata_o[13]'. (LINT-29)
Warning: In design 'axi4_lite_tap', input port 'inport_wdata_i[13]' is connected directly to output port 'outport_wdata_o[13]'. (LINT-29)
Warning: In design 'axi4_lite_tap', input port 'inport_wdata_i[12]' is connected directly to output port 'outport_peripheral4_wdata_o[12]'. (LINT-29)
Warning: In design 'axi4_lite_tap', input port 'inport_wdata_i[12]' is connected directly to output port 'outport_peripheral3_wdata_o[12]'. (LINT-29)
Warning: In design 'axi4_lite_tap', input port 'inport_wdata_i[12]' is connected directly to output port 'outport_peripheral2_wdata_o[12]'. (LINT-29)
Warning: In design 'axi4_lite_tap', input port 'inport_wdata_i[12]' is connected directly to output port 'outport_peripheral1_wdata_o[12]'. (LINT-29)
Warning: In design 'axi4_lite_tap', input port 'inport_wdata_i[12]' is connected directly to output port 'outport_peripheral0_wdata_o[12]'. (LINT-29)
Warning: In design 'axi4_lite_tap', input port 'inport_wdata_i[12]' is connected directly to output port 'outport_wdata_o[12]'. (LINT-29)
Warning: In design 'axi4_lite_tap', input port 'inport_wdata_i[11]' is connected directly to output port 'outport_peripheral4_wdata_o[11]'. (LINT-29)
Warning: In design 'axi4_lite_tap', input port 'inport_wdata_i[11]' is connected directly to output port 'outport_peripheral3_wdata_o[11]'. (LINT-29)
Warning: In design 'axi4_lite_tap', input port 'inport_wdata_i[11]' is connected directly to output port 'outport_peripheral2_wdata_o[11]'. (LINT-29)
Warning: In design 'axi4_lite_tap', input port 'inport_wdata_i[11]' is connected directly to output port 'outport_peripheral1_wdata_o[11]'. (LINT-29)
Warning: In design 'axi4_lite_tap', input port 'inport_wdata_i[11]' is connected directly to output port 'outport_peripheral0_wdata_o[11]'. (LINT-29)
Warning: In design 'axi4_lite_tap', input port 'inport_wdata_i[11]' is connected directly to output port 'outport_wdata_o[11]'. (LINT-29)
Warning: In design 'axi4_lite_tap', input port 'inport_wdata_i[10]' is connected directly to output port 'outport_peripheral4_wdata_o[10]'. (LINT-29)
Warning: In design 'axi4_lite_tap', input port 'inport_wdata_i[10]' is connected directly to output port 'outport_peripheral3_wdata_o[10]'. (LINT-29)
Warning: In design 'axi4_lite_tap', input port 'inport_wdata_i[10]' is connected directly to output port 'outport_peripheral2_wdata_o[10]'. (LINT-29)
Warning: In design 'axi4_lite_tap', input port 'inport_wdata_i[10]' is connected directly to output port 'outport_peripheral1_wdata_o[10]'. (LINT-29)
Warning: In design 'axi4_lite_tap', input port 'inport_wdata_i[10]' is connected directly to output port 'outport_peripheral0_wdata_o[10]'. (LINT-29)
Warning: In design 'axi4_lite_tap', input port 'inport_wdata_i[10]' is connected directly to output port 'outport_wdata_o[10]'. (LINT-29)
Warning: In design 'axi4_lite_tap', input port 'inport_wdata_i[9]' is connected directly to output port 'outport_peripheral4_wdata_o[9]'. (LINT-29)
Warning: In design 'axi4_lite_tap', input port 'inport_wdata_i[9]' is connected directly to output port 'outport_peripheral3_wdata_o[9]'. (LINT-29)
Warning: In design 'axi4_lite_tap', input port 'inport_wdata_i[9]' is connected directly to output port 'outport_peripheral2_wdata_o[9]'. (LINT-29)
Warning: In design 'axi4_lite_tap', input port 'inport_wdata_i[9]' is connected directly to output port 'outport_peripheral1_wdata_o[9]'. (LINT-29)
Warning: In design 'axi4_lite_tap', input port 'inport_wdata_i[9]' is connected directly to output port 'outport_peripheral0_wdata_o[9]'. (LINT-29)
Warning: In design 'axi4_lite_tap', input port 'inport_wdata_i[9]' is connected directly to output port 'outport_wdata_o[9]'. (LINT-29)
Warning: In design 'axi4_lite_tap', input port 'inport_wdata_i[8]' is connected directly to output port 'outport_peripheral4_wdata_o[8]'. (LINT-29)
Warning: In design 'axi4_lite_tap', input port 'inport_wdata_i[8]' is connected directly to output port 'outport_peripheral3_wdata_o[8]'. (LINT-29)
Warning: In design 'axi4_lite_tap', input port 'inport_wdata_i[8]' is connected directly to output port 'outport_peripheral2_wdata_o[8]'. (LINT-29)
Warning: In design 'axi4_lite_tap', input port 'inport_wdata_i[8]' is connected directly to output port 'outport_peripheral1_wdata_o[8]'. (LINT-29)
Warning: In design 'axi4_lite_tap', input port 'inport_wdata_i[8]' is connected directly to output port 'outport_peripheral0_wdata_o[8]'. (LINT-29)
Warning: In design 'axi4_lite_tap', input port 'inport_wdata_i[8]' is connected directly to output port 'outport_wdata_o[8]'. (LINT-29)
Warning: In design 'axi4_lite_tap', input port 'inport_wdata_i[7]' is connected directly to output port 'outport_peripheral4_wdata_o[7]'. (LINT-29)
Warning: In design 'axi4_lite_tap', input port 'inport_wdata_i[7]' is connected directly to output port 'outport_peripheral3_wdata_o[7]'. (LINT-29)
Warning: In design 'axi4_lite_tap', input port 'inport_wdata_i[7]' is connected directly to output port 'outport_peripheral2_wdata_o[7]'. (LINT-29)
Warning: In design 'axi4_lite_tap', input port 'inport_wdata_i[7]' is connected directly to output port 'outport_peripheral1_wdata_o[7]'. (LINT-29)
Warning: In design 'axi4_lite_tap', input port 'inport_wdata_i[7]' is connected directly to output port 'outport_peripheral0_wdata_o[7]'. (LINT-29)
Warning: In design 'axi4_lite_tap', input port 'inport_wdata_i[7]' is connected directly to output port 'outport_wdata_o[7]'. (LINT-29)
Warning: In design 'axi4_lite_tap', input port 'inport_wdata_i[6]' is connected directly to output port 'outport_peripheral4_wdata_o[6]'. (LINT-29)
Warning: In design 'axi4_lite_tap', input port 'inport_wdata_i[6]' is connected directly to output port 'outport_peripheral3_wdata_o[6]'. (LINT-29)
Warning: In design 'axi4_lite_tap', input port 'inport_wdata_i[6]' is connected directly to output port 'outport_peripheral2_wdata_o[6]'. (LINT-29)
Warning: In design 'axi4_lite_tap', input port 'inport_wdata_i[6]' is connected directly to output port 'outport_peripheral1_wdata_o[6]'. (LINT-29)
Warning: In design 'axi4_lite_tap', input port 'inport_wdata_i[6]' is connected directly to output port 'outport_peripheral0_wdata_o[6]'. (LINT-29)
Warning: In design 'axi4_lite_tap', input port 'inport_wdata_i[6]' is connected directly to output port 'outport_wdata_o[6]'. (LINT-29)
Warning: In design 'axi4_lite_tap', input port 'inport_wdata_i[5]' is connected directly to output port 'outport_peripheral4_wdata_o[5]'. (LINT-29)
Warning: In design 'axi4_lite_tap', input port 'inport_wdata_i[5]' is connected directly to output port 'outport_peripheral3_wdata_o[5]'. (LINT-29)
Warning: In design 'axi4_lite_tap', input port 'inport_wdata_i[5]' is connected directly to output port 'outport_peripheral2_wdata_o[5]'. (LINT-29)
Warning: In design 'axi4_lite_tap', input port 'inport_wdata_i[5]' is connected directly to output port 'outport_peripheral1_wdata_o[5]'. (LINT-29)
Warning: In design 'axi4_lite_tap', input port 'inport_wdata_i[5]' is connected directly to output port 'outport_peripheral0_wdata_o[5]'. (LINT-29)
Warning: In design 'axi4_lite_tap', input port 'inport_wdata_i[5]' is connected directly to output port 'outport_wdata_o[5]'. (LINT-29)
Warning: In design 'axi4_lite_tap', input port 'inport_wdata_i[4]' is connected directly to output port 'outport_peripheral4_wdata_o[4]'. (LINT-29)
Warning: In design 'axi4_lite_tap', input port 'inport_wdata_i[4]' is connected directly to output port 'outport_peripheral3_wdata_o[4]'. (LINT-29)
Warning: In design 'axi4_lite_tap', input port 'inport_wdata_i[4]' is connected directly to output port 'outport_peripheral2_wdata_o[4]'. (LINT-29)
Warning: In design 'axi4_lite_tap', input port 'inport_wdata_i[4]' is connected directly to output port 'outport_peripheral1_wdata_o[4]'. (LINT-29)
Warning: In design 'axi4_lite_tap', input port 'inport_wdata_i[4]' is connected directly to output port 'outport_peripheral0_wdata_o[4]'. (LINT-29)
Warning: In design 'axi4_lite_tap', input port 'inport_wdata_i[4]' is connected directly to output port 'outport_wdata_o[4]'. (LINT-29)
Warning: In design 'axi4_lite_tap', input port 'inport_wdata_i[3]' is connected directly to output port 'outport_peripheral4_wdata_o[3]'. (LINT-29)
Warning: In design 'axi4_lite_tap', input port 'inport_wdata_i[3]' is connected directly to output port 'outport_peripheral3_wdata_o[3]'. (LINT-29)
Warning: In design 'axi4_lite_tap', input port 'inport_wdata_i[3]' is connected directly to output port 'outport_peripheral2_wdata_o[3]'. (LINT-29)
Warning: In design 'axi4_lite_tap', input port 'inport_wdata_i[3]' is connected directly to output port 'outport_peripheral1_wdata_o[3]'. (LINT-29)
Warning: In design 'axi4_lite_tap', input port 'inport_wdata_i[3]' is connected directly to output port 'outport_peripheral0_wdata_o[3]'. (LINT-29)
Warning: In design 'axi4_lite_tap', input port 'inport_wdata_i[3]' is connected directly to output port 'outport_wdata_o[3]'. (LINT-29)
Warning: In design 'axi4_lite_tap', input port 'inport_wdata_i[2]' is connected directly to output port 'outport_peripheral4_wdata_o[2]'. (LINT-29)
Warning: In design 'axi4_lite_tap', input port 'inport_wdata_i[2]' is connected directly to output port 'outport_peripheral3_wdata_o[2]'. (LINT-29)
Warning: In design 'axi4_lite_tap', input port 'inport_wdata_i[2]' is connected directly to output port 'outport_peripheral2_wdata_o[2]'. (LINT-29)
Warning: In design 'axi4_lite_tap', input port 'inport_wdata_i[2]' is connected directly to output port 'outport_peripheral1_wdata_o[2]'. (LINT-29)
Warning: In design 'axi4_lite_tap', input port 'inport_wdata_i[2]' is connected directly to output port 'outport_peripheral0_wdata_o[2]'. (LINT-29)
Warning: In design 'axi4_lite_tap', input port 'inport_wdata_i[2]' is connected directly to output port 'outport_wdata_o[2]'. (LINT-29)
Warning: In design 'axi4_lite_tap', input port 'inport_wdata_i[1]' is connected directly to output port 'outport_peripheral4_wdata_o[1]'. (LINT-29)
Warning: In design 'axi4_lite_tap', input port 'inport_wdata_i[1]' is connected directly to output port 'outport_peripheral3_wdata_o[1]'. (LINT-29)
Warning: In design 'axi4_lite_tap', input port 'inport_wdata_i[1]' is connected directly to output port 'outport_peripheral2_wdata_o[1]'. (LINT-29)
Warning: In design 'axi4_lite_tap', input port 'inport_wdata_i[1]' is connected directly to output port 'outport_peripheral1_wdata_o[1]'. (LINT-29)
Warning: In design 'axi4_lite_tap', input port 'inport_wdata_i[1]' is connected directly to output port 'outport_peripheral0_wdata_o[1]'. (LINT-29)
Warning: In design 'axi4_lite_tap', input port 'inport_wdata_i[1]' is connected directly to output port 'outport_wdata_o[1]'. (LINT-29)
Warning: In design 'axi4_lite_tap', input port 'inport_wdata_i[0]' is connected directly to output port 'outport_peripheral4_wdata_o[0]'. (LINT-29)
Warning: In design 'axi4_lite_tap', input port 'inport_wdata_i[0]' is connected directly to output port 'outport_peripheral3_wdata_o[0]'. (LINT-29)
Warning: In design 'axi4_lite_tap', input port 'inport_wdata_i[0]' is connected directly to output port 'outport_peripheral2_wdata_o[0]'. (LINT-29)
Warning: In design 'axi4_lite_tap', input port 'inport_wdata_i[0]' is connected directly to output port 'outport_peripheral1_wdata_o[0]'. (LINT-29)
Warning: In design 'axi4_lite_tap', input port 'inport_wdata_i[0]' is connected directly to output port 'outport_peripheral0_wdata_o[0]'. (LINT-29)
Warning: In design 'axi4_lite_tap', input port 'inport_wdata_i[0]' is connected directly to output port 'outport_wdata_o[0]'. (LINT-29)
Warning: In design 'axi4_lite_tap', input port 'inport_wstrb_i[3]' is connected directly to output port 'outport_peripheral4_wstrb_o[3]'. (LINT-29)
Warning: In design 'axi4_lite_tap', input port 'inport_wstrb_i[3]' is connected directly to output port 'outport_peripheral3_wstrb_o[3]'. (LINT-29)
Warning: In design 'axi4_lite_tap', input port 'inport_wstrb_i[3]' is connected directly to output port 'outport_peripheral2_wstrb_o[3]'. (LINT-29)
Warning: In design 'axi4_lite_tap', input port 'inport_wstrb_i[3]' is connected directly to output port 'outport_peripheral1_wstrb_o[3]'. (LINT-29)
Warning: In design 'axi4_lite_tap', input port 'inport_wstrb_i[3]' is connected directly to output port 'outport_peripheral0_wstrb_o[3]'. (LINT-29)
Warning: In design 'axi4_lite_tap', input port 'inport_wstrb_i[3]' is connected directly to output port 'outport_wstrb_o[3]'. (LINT-29)
Warning: In design 'axi4_lite_tap', input port 'inport_wstrb_i[2]' is connected directly to output port 'outport_peripheral4_wstrb_o[2]'. (LINT-29)
Warning: In design 'axi4_lite_tap', input port 'inport_wstrb_i[2]' is connected directly to output port 'outport_peripheral3_wstrb_o[2]'. (LINT-29)
Warning: In design 'axi4_lite_tap', input port 'inport_wstrb_i[2]' is connected directly to output port 'outport_peripheral2_wstrb_o[2]'. (LINT-29)
Warning: In design 'axi4_lite_tap', input port 'inport_wstrb_i[2]' is connected directly to output port 'outport_peripheral1_wstrb_o[2]'. (LINT-29)
Warning: In design 'axi4_lite_tap', input port 'inport_wstrb_i[2]' is connected directly to output port 'outport_peripheral0_wstrb_o[2]'. (LINT-29)
Warning: In design 'axi4_lite_tap', input port 'inport_wstrb_i[2]' is connected directly to output port 'outport_wstrb_o[2]'. (LINT-29)
Warning: In design 'axi4_lite_tap', input port 'inport_wstrb_i[1]' is connected directly to output port 'outport_peripheral4_wstrb_o[1]'. (LINT-29)
Warning: In design 'axi4_lite_tap', input port 'inport_wstrb_i[1]' is connected directly to output port 'outport_peripheral3_wstrb_o[1]'. (LINT-29)
Warning: In design 'axi4_lite_tap', input port 'inport_wstrb_i[1]' is connected directly to output port 'outport_peripheral2_wstrb_o[1]'. (LINT-29)
Warning: In design 'axi4_lite_tap', input port 'inport_wstrb_i[1]' is connected directly to output port 'outport_peripheral1_wstrb_o[1]'. (LINT-29)
Warning: In design 'axi4_lite_tap', input port 'inport_wstrb_i[1]' is connected directly to output port 'outport_peripheral0_wstrb_o[1]'. (LINT-29)
Warning: In design 'axi4_lite_tap', input port 'inport_wstrb_i[1]' is connected directly to output port 'outport_wstrb_o[1]'. (LINT-29)
Warning: In design 'axi4_lite_tap', input port 'inport_wstrb_i[0]' is connected directly to output port 'outport_peripheral4_wstrb_o[0]'. (LINT-29)
Warning: In design 'axi4_lite_tap', input port 'inport_wstrb_i[0]' is connected directly to output port 'outport_peripheral3_wstrb_o[0]'. (LINT-29)
Warning: In design 'axi4_lite_tap', input port 'inport_wstrb_i[0]' is connected directly to output port 'outport_peripheral2_wstrb_o[0]'. (LINT-29)
Warning: In design 'axi4_lite_tap', input port 'inport_wstrb_i[0]' is connected directly to output port 'outport_peripheral1_wstrb_o[0]'. (LINT-29)
Warning: In design 'axi4_lite_tap', input port 'inport_wstrb_i[0]' is connected directly to output port 'outport_peripheral0_wstrb_o[0]'. (LINT-29)
Warning: In design 'axi4_lite_tap', input port 'inport_wstrb_i[0]' is connected directly to output port 'outport_wstrb_o[0]'. (LINT-29)
Warning: In design 'axi4_lite_tap', input port 'inport_wlast_i' is connected directly to output port 'outport_wlast_o'. (LINT-29)
Warning: In design 'axi4_lite_tap', input port 'inport_bready_i' is connected directly to output port 'outport_peripheral4_bready_o'. (LINT-29)
Warning: In design 'axi4_lite_tap', input port 'inport_bready_i' is connected directly to output port 'outport_peripheral3_bready_o'. (LINT-29)
Warning: In design 'axi4_lite_tap', input port 'inport_bready_i' is connected directly to output port 'outport_peripheral2_bready_o'. (LINT-29)
Warning: In design 'axi4_lite_tap', input port 'inport_bready_i' is connected directly to output port 'outport_peripheral1_bready_o'. (LINT-29)
Warning: In design 'axi4_lite_tap', input port 'inport_bready_i' is connected directly to output port 'outport_peripheral0_bready_o'. (LINT-29)
Warning: In design 'axi4_lite_tap', input port 'inport_bready_i' is connected directly to output port 'outport_bready_o'. (LINT-29)
Warning: In design 'axi4_lite_tap', input port 'inport_araddr_i[31]' is connected directly to output port 'outport_peripheral4_araddr_o[31]'. (LINT-29)
Warning: In design 'axi4_lite_tap', input port 'inport_araddr_i[31]' is connected directly to output port 'outport_peripheral3_araddr_o[31]'. (LINT-29)
Warning: In design 'axi4_lite_tap', input port 'inport_araddr_i[31]' is connected directly to output port 'outport_peripheral2_araddr_o[31]'. (LINT-29)
Warning: In design 'axi4_lite_tap', input port 'inport_araddr_i[31]' is connected directly to output port 'outport_peripheral1_araddr_o[31]'. (LINT-29)
Warning: In design 'axi4_lite_tap', input port 'inport_araddr_i[31]' is connected directly to output port 'outport_peripheral0_araddr_o[31]'. (LINT-29)
Warning: In design 'axi4_lite_tap', input port 'inport_araddr_i[31]' is connected directly to output port 'outport_araddr_o[31]'. (LINT-29)
Warning: In design 'axi4_lite_tap', input port 'inport_araddr_i[30]' is connected directly to output port 'outport_peripheral4_araddr_o[30]'. (LINT-29)
Warning: In design 'axi4_lite_tap', input port 'inport_araddr_i[30]' is connected directly to output port 'outport_peripheral3_araddr_o[30]'. (LINT-29)
Warning: In design 'axi4_lite_tap', input port 'inport_araddr_i[30]' is connected directly to output port 'outport_peripheral2_araddr_o[30]'. (LINT-29)
Warning: In design 'axi4_lite_tap', input port 'inport_araddr_i[30]' is connected directly to output port 'outport_peripheral1_araddr_o[30]'. (LINT-29)
Warning: In design 'axi4_lite_tap', input port 'inport_araddr_i[30]' is connected directly to output port 'outport_peripheral0_araddr_o[30]'. (LINT-29)
Warning: In design 'axi4_lite_tap', input port 'inport_araddr_i[30]' is connected directly to output port 'outport_araddr_o[30]'. (LINT-29)
Warning: In design 'axi4_lite_tap', input port 'inport_araddr_i[29]' is connected directly to output port 'outport_peripheral4_araddr_o[29]'. (LINT-29)
Warning: In design 'axi4_lite_tap', input port 'inport_araddr_i[29]' is connected directly to output port 'outport_peripheral3_araddr_o[29]'. (LINT-29)
Warning: In design 'axi4_lite_tap', input port 'inport_araddr_i[29]' is connected directly to output port 'outport_peripheral2_araddr_o[29]'. (LINT-29)
Warning: In design 'axi4_lite_tap', input port 'inport_araddr_i[29]' is connected directly to output port 'outport_peripheral1_araddr_o[29]'. (LINT-29)
Warning: In design 'axi4_lite_tap', input port 'inport_araddr_i[29]' is connected directly to output port 'outport_peripheral0_araddr_o[29]'. (LINT-29)
Warning: In design 'axi4_lite_tap', input port 'inport_araddr_i[29]' is connected directly to output port 'outport_araddr_o[29]'. (LINT-29)
Warning: In design 'axi4_lite_tap', input port 'inport_araddr_i[28]' is connected directly to output port 'outport_peripheral4_araddr_o[28]'. (LINT-29)
Warning: In design 'axi4_lite_tap', input port 'inport_araddr_i[28]' is connected directly to output port 'outport_peripheral3_araddr_o[28]'. (LINT-29)
Warning: In design 'axi4_lite_tap', input port 'inport_araddr_i[28]' is connected directly to output port 'outport_peripheral2_araddr_o[28]'. (LINT-29)
Warning: In design 'axi4_lite_tap', input port 'inport_araddr_i[28]' is connected directly to output port 'outport_peripheral1_araddr_o[28]'. (LINT-29)
Warning: In design 'axi4_lite_tap', input port 'inport_araddr_i[28]' is connected directly to output port 'outport_peripheral0_araddr_o[28]'. (LINT-29)
Warning: In design 'axi4_lite_tap', input port 'inport_araddr_i[28]' is connected directly to output port 'outport_araddr_o[28]'. (LINT-29)
Warning: In design 'axi4_lite_tap', input port 'inport_araddr_i[27]' is connected directly to output port 'outport_peripheral4_araddr_o[27]'. (LINT-29)
Warning: In design 'axi4_lite_tap', input port 'inport_araddr_i[27]' is connected directly to output port 'outport_peripheral3_araddr_o[27]'. (LINT-29)
Warning: In design 'axi4_lite_tap', input port 'inport_araddr_i[27]' is connected directly to output port 'outport_peripheral2_araddr_o[27]'. (LINT-29)
Warning: In design 'axi4_lite_tap', input port 'inport_araddr_i[27]' is connected directly to output port 'outport_peripheral1_araddr_o[27]'. (LINT-29)
Warning: In design 'axi4_lite_tap', input port 'inport_araddr_i[27]' is connected directly to output port 'outport_peripheral0_araddr_o[27]'. (LINT-29)
Warning: In design 'axi4_lite_tap', input port 'inport_araddr_i[27]' is connected directly to output port 'outport_araddr_o[27]'. (LINT-29)
Warning: In design 'axi4_lite_tap', input port 'inport_araddr_i[26]' is connected directly to output port 'outport_peripheral4_araddr_o[26]'. (LINT-29)
Warning: In design 'axi4_lite_tap', input port 'inport_araddr_i[26]' is connected directly to output port 'outport_peripheral3_araddr_o[26]'. (LINT-29)
Warning: In design 'axi4_lite_tap', input port 'inport_araddr_i[26]' is connected directly to output port 'outport_peripheral2_araddr_o[26]'. (LINT-29)
Warning: In design 'axi4_lite_tap', input port 'inport_araddr_i[26]' is connected directly to output port 'outport_peripheral1_araddr_o[26]'. (LINT-29)
Warning: In design 'axi4_lite_tap', input port 'inport_araddr_i[26]' is connected directly to output port 'outport_peripheral0_araddr_o[26]'. (LINT-29)
Warning: In design 'axi4_lite_tap', input port 'inport_araddr_i[26]' is connected directly to output port 'outport_araddr_o[26]'. (LINT-29)
Warning: In design 'axi4_lite_tap', input port 'inport_araddr_i[25]' is connected directly to output port 'outport_peripheral4_araddr_o[25]'. (LINT-29)
Warning: In design 'axi4_lite_tap', input port 'inport_araddr_i[25]' is connected directly to output port 'outport_peripheral3_araddr_o[25]'. (LINT-29)
Warning: In design 'axi4_lite_tap', input port 'inport_araddr_i[25]' is connected directly to output port 'outport_peripheral2_araddr_o[25]'. (LINT-29)
Warning: In design 'axi4_lite_tap', input port 'inport_araddr_i[25]' is connected directly to output port 'outport_peripheral1_araddr_o[25]'. (LINT-29)
Warning: In design 'axi4_lite_tap', input port 'inport_araddr_i[25]' is connected directly to output port 'outport_peripheral0_araddr_o[25]'. (LINT-29)
Warning: In design 'axi4_lite_tap', input port 'inport_araddr_i[25]' is connected directly to output port 'outport_araddr_o[25]'. (LINT-29)
Warning: In design 'axi4_lite_tap', input port 'inport_araddr_i[24]' is connected directly to output port 'outport_peripheral4_araddr_o[24]'. (LINT-29)
Warning: In design 'axi4_lite_tap', input port 'inport_araddr_i[24]' is connected directly to output port 'outport_peripheral3_araddr_o[24]'. (LINT-29)
Warning: In design 'axi4_lite_tap', input port 'inport_araddr_i[24]' is connected directly to output port 'outport_peripheral2_araddr_o[24]'. (LINT-29)
Warning: In design 'axi4_lite_tap', input port 'inport_araddr_i[24]' is connected directly to output port 'outport_peripheral1_araddr_o[24]'. (LINT-29)
Warning: In design 'axi4_lite_tap', input port 'inport_araddr_i[24]' is connected directly to output port 'outport_peripheral0_araddr_o[24]'. (LINT-29)
Warning: In design 'axi4_lite_tap', input port 'inport_araddr_i[24]' is connected directly to output port 'outport_araddr_o[24]'. (LINT-29)
Warning: In design 'axi4_lite_tap', input port 'inport_araddr_i[23]' is connected directly to output port 'outport_peripheral4_araddr_o[23]'. (LINT-29)
Warning: In design 'axi4_lite_tap', input port 'inport_araddr_i[23]' is connected directly to output port 'outport_peripheral3_araddr_o[23]'. (LINT-29)
Warning: In design 'axi4_lite_tap', input port 'inport_araddr_i[23]' is connected directly to output port 'outport_peripheral2_araddr_o[23]'. (LINT-29)
Warning: In design 'axi4_lite_tap', input port 'inport_araddr_i[23]' is connected directly to output port 'outport_peripheral1_araddr_o[23]'. (LINT-29)
Warning: In design 'axi4_lite_tap', input port 'inport_araddr_i[23]' is connected directly to output port 'outport_peripheral0_araddr_o[23]'. (LINT-29)
Warning: In design 'axi4_lite_tap', input port 'inport_araddr_i[23]' is connected directly to output port 'outport_araddr_o[23]'. (LINT-29)
Warning: In design 'axi4_lite_tap', input port 'inport_araddr_i[22]' is connected directly to output port 'outport_peripheral4_araddr_o[22]'. (LINT-29)
Warning: In design 'axi4_lite_tap', input port 'inport_araddr_i[22]' is connected directly to output port 'outport_peripheral3_araddr_o[22]'. (LINT-29)
Warning: In design 'axi4_lite_tap', input port 'inport_araddr_i[22]' is connected directly to output port 'outport_peripheral2_araddr_o[22]'. (LINT-29)
Warning: In design 'axi4_lite_tap', input port 'inport_araddr_i[22]' is connected directly to output port 'outport_peripheral1_araddr_o[22]'. (LINT-29)
Warning: In design 'axi4_lite_tap', input port 'inport_araddr_i[22]' is connected directly to output port 'outport_peripheral0_araddr_o[22]'. (LINT-29)
Warning: In design 'axi4_lite_tap', input port 'inport_araddr_i[22]' is connected directly to output port 'outport_araddr_o[22]'. (LINT-29)
Warning: In design 'axi4_lite_tap', input port 'inport_araddr_i[21]' is connected directly to output port 'outport_peripheral4_araddr_o[21]'. (LINT-29)
Warning: In design 'axi4_lite_tap', input port 'inport_araddr_i[21]' is connected directly to output port 'outport_peripheral3_araddr_o[21]'. (LINT-29)
Warning: In design 'axi4_lite_tap', input port 'inport_araddr_i[21]' is connected directly to output port 'outport_peripheral2_araddr_o[21]'. (LINT-29)
Warning: In design 'axi4_lite_tap', input port 'inport_araddr_i[21]' is connected directly to output port 'outport_peripheral1_araddr_o[21]'. (LINT-29)
Warning: In design 'axi4_lite_tap', input port 'inport_araddr_i[21]' is connected directly to output port 'outport_peripheral0_araddr_o[21]'. (LINT-29)
Warning: In design 'axi4_lite_tap', input port 'inport_araddr_i[21]' is connected directly to output port 'outport_araddr_o[21]'. (LINT-29)
Warning: In design 'axi4_lite_tap', input port 'inport_araddr_i[20]' is connected directly to output port 'outport_peripheral4_araddr_o[20]'. (LINT-29)
Warning: In design 'axi4_lite_tap', input port 'inport_araddr_i[20]' is connected directly to output port 'outport_peripheral3_araddr_o[20]'. (LINT-29)
Warning: In design 'axi4_lite_tap', input port 'inport_araddr_i[20]' is connected directly to output port 'outport_peripheral2_araddr_o[20]'. (LINT-29)
Warning: In design 'axi4_lite_tap', input port 'inport_araddr_i[20]' is connected directly to output port 'outport_peripheral1_araddr_o[20]'. (LINT-29)
Warning: In design 'axi4_lite_tap', input port 'inport_araddr_i[20]' is connected directly to output port 'outport_peripheral0_araddr_o[20]'. (LINT-29)
Warning: In design 'axi4_lite_tap', input port 'inport_araddr_i[20]' is connected directly to output port 'outport_araddr_o[20]'. (LINT-29)
Warning: In design 'axi4_lite_tap', input port 'inport_araddr_i[19]' is connected directly to output port 'outport_peripheral4_araddr_o[19]'. (LINT-29)
Warning: In design 'axi4_lite_tap', input port 'inport_araddr_i[19]' is connected directly to output port 'outport_peripheral3_araddr_o[19]'. (LINT-29)
Warning: In design 'axi4_lite_tap', input port 'inport_araddr_i[19]' is connected directly to output port 'outport_peripheral2_araddr_o[19]'. (LINT-29)
Warning: In design 'axi4_lite_tap', input port 'inport_araddr_i[19]' is connected directly to output port 'outport_peripheral1_araddr_o[19]'. (LINT-29)
Warning: In design 'axi4_lite_tap', input port 'inport_araddr_i[19]' is connected directly to output port 'outport_peripheral0_araddr_o[19]'. (LINT-29)
Warning: In design 'axi4_lite_tap', input port 'inport_araddr_i[19]' is connected directly to output port 'outport_araddr_o[19]'. (LINT-29)
Warning: In design 'axi4_lite_tap', input port 'inport_araddr_i[18]' is connected directly to output port 'outport_peripheral4_araddr_o[18]'. (LINT-29)
Warning: In design 'axi4_lite_tap', input port 'inport_araddr_i[18]' is connected directly to output port 'outport_peripheral3_araddr_o[18]'. (LINT-29)
Warning: In design 'axi4_lite_tap', input port 'inport_araddr_i[18]' is connected directly to output port 'outport_peripheral2_araddr_o[18]'. (LINT-29)
Warning: In design 'axi4_lite_tap', input port 'inport_araddr_i[18]' is connected directly to output port 'outport_peripheral1_araddr_o[18]'. (LINT-29)
Warning: In design 'axi4_lite_tap', input port 'inport_araddr_i[18]' is connected directly to output port 'outport_peripheral0_araddr_o[18]'. (LINT-29)
Warning: In design 'axi4_lite_tap', input port 'inport_araddr_i[18]' is connected directly to output port 'outport_araddr_o[18]'. (LINT-29)
Warning: In design 'axi4_lite_tap', input port 'inport_araddr_i[17]' is connected directly to output port 'outport_peripheral4_araddr_o[17]'. (LINT-29)
Warning: In design 'axi4_lite_tap', input port 'inport_araddr_i[17]' is connected directly to output port 'outport_peripheral3_araddr_o[17]'. (LINT-29)
Warning: In design 'axi4_lite_tap', input port 'inport_araddr_i[17]' is connected directly to output port 'outport_peripheral2_araddr_o[17]'. (LINT-29)
Warning: In design 'axi4_lite_tap', input port 'inport_araddr_i[17]' is connected directly to output port 'outport_peripheral1_araddr_o[17]'. (LINT-29)
Warning: In design 'axi4_lite_tap', input port 'inport_araddr_i[17]' is connected directly to output port 'outport_peripheral0_araddr_o[17]'. (LINT-29)
Warning: In design 'axi4_lite_tap', input port 'inport_araddr_i[17]' is connected directly to output port 'outport_araddr_o[17]'. (LINT-29)
Warning: In design 'axi4_lite_tap', input port 'inport_araddr_i[16]' is connected directly to output port 'outport_peripheral4_araddr_o[16]'. (LINT-29)
Warning: In design 'axi4_lite_tap', input port 'inport_araddr_i[16]' is connected directly to output port 'outport_peripheral3_araddr_o[16]'. (LINT-29)
Warning: In design 'axi4_lite_tap', input port 'inport_araddr_i[16]' is connected directly to output port 'outport_peripheral2_araddr_o[16]'. (LINT-29)
Warning: In design 'axi4_lite_tap', input port 'inport_araddr_i[16]' is connected directly to output port 'outport_peripheral1_araddr_o[16]'. (LINT-29)
Warning: In design 'axi4_lite_tap', input port 'inport_araddr_i[16]' is connected directly to output port 'outport_peripheral0_araddr_o[16]'. (LINT-29)
Warning: In design 'axi4_lite_tap', input port 'inport_araddr_i[16]' is connected directly to output port 'outport_araddr_o[16]'. (LINT-29)
Warning: In design 'axi4_lite_tap', input port 'inport_araddr_i[15]' is connected directly to output port 'outport_peripheral4_araddr_o[15]'. (LINT-29)
Warning: In design 'axi4_lite_tap', input port 'inport_araddr_i[15]' is connected directly to output port 'outport_peripheral3_araddr_o[15]'. (LINT-29)
Warning: In design 'axi4_lite_tap', input port 'inport_araddr_i[15]' is connected directly to output port 'outport_peripheral2_araddr_o[15]'. (LINT-29)
Warning: In design 'axi4_lite_tap', input port 'inport_araddr_i[15]' is connected directly to output port 'outport_peripheral1_araddr_o[15]'. (LINT-29)
Warning: In design 'axi4_lite_tap', input port 'inport_araddr_i[15]' is connected directly to output port 'outport_peripheral0_araddr_o[15]'. (LINT-29)
Warning: In design 'axi4_lite_tap', input port 'inport_araddr_i[15]' is connected directly to output port 'outport_araddr_o[15]'. (LINT-29)
Warning: In design 'axi4_lite_tap', input port 'inport_araddr_i[14]' is connected directly to output port 'outport_peripheral4_araddr_o[14]'. (LINT-29)
Warning: In design 'axi4_lite_tap', input port 'inport_araddr_i[14]' is connected directly to output port 'outport_peripheral3_araddr_o[14]'. (LINT-29)
Warning: In design 'axi4_lite_tap', input port 'inport_araddr_i[14]' is connected directly to output port 'outport_peripheral2_araddr_o[14]'. (LINT-29)
Warning: In design 'axi4_lite_tap', input port 'inport_araddr_i[14]' is connected directly to output port 'outport_peripheral1_araddr_o[14]'. (LINT-29)
Warning: In design 'axi4_lite_tap', input port 'inport_araddr_i[14]' is connected directly to output port 'outport_peripheral0_araddr_o[14]'. (LINT-29)
Warning: In design 'axi4_lite_tap', input port 'inport_araddr_i[14]' is connected directly to output port 'outport_araddr_o[14]'. (LINT-29)
Warning: In design 'axi4_lite_tap', input port 'inport_araddr_i[13]' is connected directly to output port 'outport_peripheral4_araddr_o[13]'. (LINT-29)
Warning: In design 'axi4_lite_tap', input port 'inport_araddr_i[13]' is connected directly to output port 'outport_peripheral3_araddr_o[13]'. (LINT-29)
Warning: In design 'axi4_lite_tap', input port 'inport_araddr_i[13]' is connected directly to output port 'outport_peripheral2_araddr_o[13]'. (LINT-29)
Warning: In design 'axi4_lite_tap', input port 'inport_araddr_i[13]' is connected directly to output port 'outport_peripheral1_araddr_o[13]'. (LINT-29)
Warning: In design 'axi4_lite_tap', input port 'inport_araddr_i[13]' is connected directly to output port 'outport_peripheral0_araddr_o[13]'. (LINT-29)
Warning: In design 'axi4_lite_tap', input port 'inport_araddr_i[13]' is connected directly to output port 'outport_araddr_o[13]'. (LINT-29)
Warning: In design 'axi4_lite_tap', input port 'inport_araddr_i[12]' is connected directly to output port 'outport_peripheral4_araddr_o[12]'. (LINT-29)
Warning: In design 'axi4_lite_tap', input port 'inport_araddr_i[12]' is connected directly to output port 'outport_peripheral3_araddr_o[12]'. (LINT-29)
Warning: In design 'axi4_lite_tap', input port 'inport_araddr_i[12]' is connected directly to output port 'outport_peripheral2_araddr_o[12]'. (LINT-29)
Warning: In design 'axi4_lite_tap', input port 'inport_araddr_i[12]' is connected directly to output port 'outport_peripheral1_araddr_o[12]'. (LINT-29)
Warning: In design 'axi4_lite_tap', input port 'inport_araddr_i[12]' is connected directly to output port 'outport_peripheral0_araddr_o[12]'. (LINT-29)
Warning: In design 'axi4_lite_tap', input port 'inport_araddr_i[12]' is connected directly to output port 'outport_araddr_o[12]'. (LINT-29)
Warning: In design 'axi4_lite_tap', input port 'inport_araddr_i[11]' is connected directly to output port 'outport_peripheral4_araddr_o[11]'. (LINT-29)
Warning: In design 'axi4_lite_tap', input port 'inport_araddr_i[11]' is connected directly to output port 'outport_peripheral3_araddr_o[11]'. (LINT-29)
Warning: In design 'axi4_lite_tap', input port 'inport_araddr_i[11]' is connected directly to output port 'outport_peripheral2_araddr_o[11]'. (LINT-29)
Warning: In design 'axi4_lite_tap', input port 'inport_araddr_i[11]' is connected directly to output port 'outport_peripheral1_araddr_o[11]'. (LINT-29)
Warning: In design 'axi4_lite_tap', input port 'inport_araddr_i[11]' is connected directly to output port 'outport_peripheral0_araddr_o[11]'. (LINT-29)
Warning: In design 'axi4_lite_tap', input port 'inport_araddr_i[11]' is connected directly to output port 'outport_araddr_o[11]'. (LINT-29)
Warning: In design 'axi4_lite_tap', input port 'inport_araddr_i[10]' is connected directly to output port 'outport_peripheral4_araddr_o[10]'. (LINT-29)
Warning: In design 'axi4_lite_tap', input port 'inport_araddr_i[10]' is connected directly to output port 'outport_peripheral3_araddr_o[10]'. (LINT-29)
Warning: In design 'axi4_lite_tap', input port 'inport_araddr_i[10]' is connected directly to output port 'outport_peripheral2_araddr_o[10]'. (LINT-29)
Warning: In design 'axi4_lite_tap', input port 'inport_araddr_i[10]' is connected directly to output port 'outport_peripheral1_araddr_o[10]'. (LINT-29)
Warning: In design 'axi4_lite_tap', input port 'inport_araddr_i[10]' is connected directly to output port 'outport_peripheral0_araddr_o[10]'. (LINT-29)
Warning: In design 'axi4_lite_tap', input port 'inport_araddr_i[10]' is connected directly to output port 'outport_araddr_o[10]'. (LINT-29)
Warning: In design 'axi4_lite_tap', input port 'inport_araddr_i[9]' is connected directly to output port 'outport_peripheral4_araddr_o[9]'. (LINT-29)
Warning: In design 'axi4_lite_tap', input port 'inport_araddr_i[9]' is connected directly to output port 'outport_peripheral3_araddr_o[9]'. (LINT-29)
Warning: In design 'axi4_lite_tap', input port 'inport_araddr_i[9]' is connected directly to output port 'outport_peripheral2_araddr_o[9]'. (LINT-29)
Warning: In design 'axi4_lite_tap', input port 'inport_araddr_i[9]' is connected directly to output port 'outport_peripheral1_araddr_o[9]'. (LINT-29)
Warning: In design 'axi4_lite_tap', input port 'inport_araddr_i[9]' is connected directly to output port 'outport_peripheral0_araddr_o[9]'. (LINT-29)
Warning: In design 'axi4_lite_tap', input port 'inport_araddr_i[9]' is connected directly to output port 'outport_araddr_o[9]'. (LINT-29)
Warning: In design 'axi4_lite_tap', input port 'inport_araddr_i[8]' is connected directly to output port 'outport_peripheral4_araddr_o[8]'. (LINT-29)
Warning: In design 'axi4_lite_tap', input port 'inport_araddr_i[8]' is connected directly to output port 'outport_peripheral3_araddr_o[8]'. (LINT-29)
Warning: In design 'axi4_lite_tap', input port 'inport_araddr_i[8]' is connected directly to output port 'outport_peripheral2_araddr_o[8]'. (LINT-29)
Warning: In design 'axi4_lite_tap', input port 'inport_araddr_i[8]' is connected directly to output port 'outport_peripheral1_araddr_o[8]'. (LINT-29)
Warning: In design 'axi4_lite_tap', input port 'inport_araddr_i[8]' is connected directly to output port 'outport_peripheral0_araddr_o[8]'. (LINT-29)
Warning: In design 'axi4_lite_tap', input port 'inport_araddr_i[8]' is connected directly to output port 'outport_araddr_o[8]'. (LINT-29)
Warning: In design 'axi4_lite_tap', input port 'inport_araddr_i[7]' is connected directly to output port 'outport_peripheral4_araddr_o[7]'. (LINT-29)
Warning: In design 'axi4_lite_tap', input port 'inport_araddr_i[7]' is connected directly to output port 'outport_peripheral3_araddr_o[7]'. (LINT-29)
Warning: In design 'axi4_lite_tap', input port 'inport_araddr_i[7]' is connected directly to output port 'outport_peripheral2_araddr_o[7]'. (LINT-29)
Warning: In design 'axi4_lite_tap', input port 'inport_araddr_i[7]' is connected directly to output port 'outport_peripheral1_araddr_o[7]'. (LINT-29)
Warning: In design 'axi4_lite_tap', input port 'inport_araddr_i[7]' is connected directly to output port 'outport_peripheral0_araddr_o[7]'. (LINT-29)
Warning: In design 'axi4_lite_tap', input port 'inport_araddr_i[7]' is connected directly to output port 'outport_araddr_o[7]'. (LINT-29)
Warning: In design 'axi4_lite_tap', input port 'inport_araddr_i[6]' is connected directly to output port 'outport_peripheral4_araddr_o[6]'. (LINT-29)
Warning: In design 'axi4_lite_tap', input port 'inport_araddr_i[6]' is connected directly to output port 'outport_peripheral3_araddr_o[6]'. (LINT-29)
Warning: In design 'axi4_lite_tap', input port 'inport_araddr_i[6]' is connected directly to output port 'outport_peripheral2_araddr_o[6]'. (LINT-29)
Warning: In design 'axi4_lite_tap', input port 'inport_araddr_i[6]' is connected directly to output port 'outport_peripheral1_araddr_o[6]'. (LINT-29)
Warning: In design 'axi4_lite_tap', input port 'inport_araddr_i[6]' is connected directly to output port 'outport_peripheral0_araddr_o[6]'. (LINT-29)
Warning: In design 'axi4_lite_tap', input port 'inport_araddr_i[6]' is connected directly to output port 'outport_araddr_o[6]'. (LINT-29)
Warning: In design 'axi4_lite_tap', input port 'inport_araddr_i[5]' is connected directly to output port 'outport_peripheral4_araddr_o[5]'. (LINT-29)
Warning: In design 'axi4_lite_tap', input port 'inport_araddr_i[5]' is connected directly to output port 'outport_peripheral3_araddr_o[5]'. (LINT-29)
Warning: In design 'axi4_lite_tap', input port 'inport_araddr_i[5]' is connected directly to output port 'outport_peripheral2_araddr_o[5]'. (LINT-29)
Warning: In design 'axi4_lite_tap', input port 'inport_araddr_i[5]' is connected directly to output port 'outport_peripheral1_araddr_o[5]'. (LINT-29)
Warning: In design 'axi4_lite_tap', input port 'inport_araddr_i[5]' is connected directly to output port 'outport_peripheral0_araddr_o[5]'. (LINT-29)
Warning: In design 'axi4_lite_tap', input port 'inport_araddr_i[5]' is connected directly to output port 'outport_araddr_o[5]'. (LINT-29)
Warning: In design 'axi4_lite_tap', input port 'inport_araddr_i[4]' is connected directly to output port 'outport_peripheral4_araddr_o[4]'. (LINT-29)
Warning: In design 'axi4_lite_tap', input port 'inport_araddr_i[4]' is connected directly to output port 'outport_peripheral3_araddr_o[4]'. (LINT-29)
Warning: In design 'axi4_lite_tap', input port 'inport_araddr_i[4]' is connected directly to output port 'outport_peripheral2_araddr_o[4]'. (LINT-29)
Warning: In design 'axi4_lite_tap', input port 'inport_araddr_i[4]' is connected directly to output port 'outport_peripheral1_araddr_o[4]'. (LINT-29)
Warning: In design 'axi4_lite_tap', input port 'inport_araddr_i[4]' is connected directly to output port 'outport_peripheral0_araddr_o[4]'. (LINT-29)
Warning: In design 'axi4_lite_tap', input port 'inport_araddr_i[4]' is connected directly to output port 'outport_araddr_o[4]'. (LINT-29)
Warning: In design 'axi4_lite_tap', input port 'inport_araddr_i[3]' is connected directly to output port 'outport_peripheral4_araddr_o[3]'. (LINT-29)
Warning: In design 'axi4_lite_tap', input port 'inport_araddr_i[3]' is connected directly to output port 'outport_peripheral3_araddr_o[3]'. (LINT-29)
Warning: In design 'axi4_lite_tap', input port 'inport_araddr_i[3]' is connected directly to output port 'outport_peripheral2_araddr_o[3]'. (LINT-29)
Warning: In design 'axi4_lite_tap', input port 'inport_araddr_i[3]' is connected directly to output port 'outport_peripheral1_araddr_o[3]'. (LINT-29)
Warning: In design 'axi4_lite_tap', input port 'inport_araddr_i[3]' is connected directly to output port 'outport_peripheral0_araddr_o[3]'. (LINT-29)
Warning: In design 'axi4_lite_tap', input port 'inport_araddr_i[3]' is connected directly to output port 'outport_araddr_o[3]'. (LINT-29)
Warning: In design 'axi4_lite_tap', input port 'inport_araddr_i[2]' is connected directly to output port 'outport_peripheral4_araddr_o[2]'. (LINT-29)
Warning: In design 'axi4_lite_tap', input port 'inport_araddr_i[2]' is connected directly to output port 'outport_peripheral3_araddr_o[2]'. (LINT-29)
Warning: In design 'axi4_lite_tap', input port 'inport_araddr_i[2]' is connected directly to output port 'outport_peripheral2_araddr_o[2]'. (LINT-29)
Warning: In design 'axi4_lite_tap', input port 'inport_araddr_i[2]' is connected directly to output port 'outport_peripheral1_araddr_o[2]'. (LINT-29)
Warning: In design 'axi4_lite_tap', input port 'inport_araddr_i[2]' is connected directly to output port 'outport_peripheral0_araddr_o[2]'. (LINT-29)
Warning: In design 'axi4_lite_tap', input port 'inport_araddr_i[2]' is connected directly to output port 'outport_araddr_o[2]'. (LINT-29)
Warning: In design 'axi4_lite_tap', input port 'inport_araddr_i[1]' is connected directly to output port 'outport_peripheral4_araddr_o[1]'. (LINT-29)
Warning: In design 'axi4_lite_tap', input port 'inport_araddr_i[1]' is connected directly to output port 'outport_peripheral3_araddr_o[1]'. (LINT-29)
Warning: In design 'axi4_lite_tap', input port 'inport_araddr_i[1]' is connected directly to output port 'outport_peripheral2_araddr_o[1]'. (LINT-29)
Warning: In design 'axi4_lite_tap', input port 'inport_araddr_i[1]' is connected directly to output port 'outport_peripheral1_araddr_o[1]'. (LINT-29)
Warning: In design 'axi4_lite_tap', input port 'inport_araddr_i[1]' is connected directly to output port 'outport_peripheral0_araddr_o[1]'. (LINT-29)
Warning: In design 'axi4_lite_tap', input port 'inport_araddr_i[1]' is connected directly to output port 'outport_araddr_o[1]'. (LINT-29)
Warning: In design 'axi4_lite_tap', input port 'inport_araddr_i[0]' is connected directly to output port 'outport_peripheral4_araddr_o[0]'. (LINT-29)
Warning: In design 'axi4_lite_tap', input port 'inport_araddr_i[0]' is connected directly to output port 'outport_peripheral3_araddr_o[0]'. (LINT-29)
Warning: In design 'axi4_lite_tap', input port 'inport_araddr_i[0]' is connected directly to output port 'outport_peripheral2_araddr_o[0]'. (LINT-29)
Warning: In design 'axi4_lite_tap', input port 'inport_araddr_i[0]' is connected directly to output port 'outport_peripheral1_araddr_o[0]'. (LINT-29)
Warning: In design 'axi4_lite_tap', input port 'inport_araddr_i[0]' is connected directly to output port 'outport_peripheral0_araddr_o[0]'. (LINT-29)
Warning: In design 'axi4_lite_tap', input port 'inport_araddr_i[0]' is connected directly to output port 'outport_araddr_o[0]'. (LINT-29)
Warning: In design 'axi4_lite_tap', input port 'inport_arid_i[3]' is connected directly to output port 'outport_arid_o[3]'. (LINT-29)
Warning: In design 'axi4_lite_tap', input port 'inport_arid_i[2]' is connected directly to output port 'outport_arid_o[2]'. (LINT-29)
Warning: In design 'axi4_lite_tap', input port 'inport_arid_i[1]' is connected directly to output port 'outport_arid_o[1]'. (LINT-29)
Warning: In design 'axi4_lite_tap', input port 'inport_arid_i[0]' is connected directly to output port 'outport_arid_o[0]'. (LINT-29)
Warning: In design 'axi4_lite_tap', input port 'inport_arlen_i[7]' is connected directly to output port 'outport_arlen_o[7]'. (LINT-29)
Warning: In design 'axi4_lite_tap', input port 'inport_arlen_i[6]' is connected directly to output port 'outport_arlen_o[6]'. (LINT-29)
Warning: In design 'axi4_lite_tap', input port 'inport_arlen_i[5]' is connected directly to output port 'outport_arlen_o[5]'. (LINT-29)
Warning: In design 'axi4_lite_tap', input port 'inport_arlen_i[4]' is connected directly to output port 'outport_arlen_o[4]'. (LINT-29)
Warning: In design 'axi4_lite_tap', input port 'inport_arlen_i[3]' is connected directly to output port 'outport_arlen_o[3]'. (LINT-29)
Warning: In design 'axi4_lite_tap', input port 'inport_arlen_i[2]' is connected directly to output port 'outport_arlen_o[2]'. (LINT-29)
Warning: In design 'axi4_lite_tap', input port 'inport_arlen_i[1]' is connected directly to output port 'outport_arlen_o[1]'. (LINT-29)
Warning: In design 'axi4_lite_tap', input port 'inport_arlen_i[0]' is connected directly to output port 'outport_arlen_o[0]'. (LINT-29)
Warning: In design 'axi4_lite_tap', input port 'inport_arburst_i[1]' is connected directly to output port 'outport_arburst_o[1]'. (LINT-29)
Warning: In design 'axi4_lite_tap', input port 'inport_arburst_i[0]' is connected directly to output port 'outport_arburst_o[0]'. (LINT-29)
Warning: In design 'axi4_lite_tap', input port 'inport_rready_i' is connected directly to output port 'outport_peripheral4_rready_o'. (LINT-29)
Warning: In design 'axi4_lite_tap', input port 'inport_rready_i' is connected directly to output port 'outport_peripheral3_rready_o'. (LINT-29)
Warning: In design 'axi4_lite_tap', input port 'inport_rready_i' is connected directly to output port 'outport_peripheral2_rready_o'. (LINT-29)
Warning: In design 'axi4_lite_tap', input port 'inport_rready_i' is connected directly to output port 'outport_peripheral1_rready_o'. (LINT-29)
Warning: In design 'axi4_lite_tap', input port 'inport_rready_i' is connected directly to output port 'outport_peripheral0_rready_o'. (LINT-29)
Warning: In design 'axi4_lite_tap', input port 'inport_rready_i' is connected directly to output port 'outport_rready_o'. (LINT-29)
Warning: In design 'axi4_arb', input port 'outport_bresp_i[1]' is connected directly to output port 'inport3_bresp_o[1]'. (LINT-29)
Warning: In design 'axi4_arb', input port 'outport_bresp_i[1]' is connected directly to output port 'inport2_bresp_o[1]'. (LINT-29)
Warning: In design 'axi4_arb', input port 'outport_bresp_i[1]' is connected directly to output port 'inport1_bresp_o[1]'. (LINT-29)
Warning: In design 'axi4_arb', input port 'outport_bresp_i[1]' is connected directly to output port 'inport0_bresp_o[1]'. (LINT-29)
Warning: In design 'axi4_arb', input port 'outport_bresp_i[0]' is connected directly to output port 'inport3_bresp_o[0]'. (LINT-29)
Warning: In design 'axi4_arb', input port 'outport_bresp_i[0]' is connected directly to output port 'inport2_bresp_o[0]'. (LINT-29)
Warning: In design 'axi4_arb', input port 'outport_bresp_i[0]' is connected directly to output port 'inport1_bresp_o[0]'. (LINT-29)
Warning: In design 'axi4_arb', input port 'outport_bresp_i[0]' is connected directly to output port 'inport0_bresp_o[0]'. (LINT-29)
Warning: In design 'axi4_arb', input port 'outport_bid_i[3]' is connected directly to output port 'inport3_bid_o[3]'. (LINT-29)
Warning: In design 'axi4_arb', input port 'outport_bid_i[3]' is connected directly to output port 'inport2_bid_o[3]'. (LINT-29)
Warning: In design 'axi4_arb', input port 'outport_bid_i[3]' is connected directly to output port 'inport1_bid_o[3]'. (LINT-29)
Warning: In design 'axi4_arb', input port 'outport_bid_i[3]' is connected directly to output port 'inport0_bid_o[3]'. (LINT-29)
Warning: In design 'axi4_arb', input port 'outport_bid_i[2]' is connected directly to output port 'inport3_bid_o[2]'. (LINT-29)
Warning: In design 'axi4_arb', input port 'outport_bid_i[2]' is connected directly to output port 'inport2_bid_o[2]'. (LINT-29)
Warning: In design 'axi4_arb', input port 'outport_bid_i[2]' is connected directly to output port 'inport1_bid_o[2]'. (LINT-29)
Warning: In design 'axi4_arb', input port 'outport_bid_i[2]' is connected directly to output port 'inport0_bid_o[2]'. (LINT-29)
Warning: In design 'axi4_arb', input port 'outport_bid_i[1]' is connected directly to output port 'inport3_bid_o[1]'. (LINT-29)
Warning: In design 'axi4_arb', input port 'outport_bid_i[1]' is connected directly to output port 'inport2_bid_o[1]'. (LINT-29)
Warning: In design 'axi4_arb', input port 'outport_bid_i[1]' is connected directly to output port 'inport1_bid_o[1]'. (LINT-29)
Warning: In design 'axi4_arb', input port 'outport_bid_i[1]' is connected directly to output port 'inport0_bid_o[1]'. (LINT-29)
Warning: In design 'axi4_arb', input port 'outport_bid_i[0]' is connected directly to output port 'inport3_bid_o[0]'. (LINT-29)
Warning: In design 'axi4_arb', input port 'outport_bid_i[0]' is connected directly to output port 'inport2_bid_o[0]'. (LINT-29)
Warning: In design 'axi4_arb', input port 'outport_bid_i[0]' is connected directly to output port 'inport1_bid_o[0]'. (LINT-29)
Warning: In design 'axi4_arb', input port 'outport_bid_i[0]' is connected directly to output port 'inport0_bid_o[0]'. (LINT-29)
Warning: In design 'axi4_arb', input port 'outport_rdata_i[31]' is connected directly to output port 'inport3_rdata_o[31]'. (LINT-29)
Warning: In design 'axi4_arb', input port 'outport_rdata_i[31]' is connected directly to output port 'inport2_rdata_o[31]'. (LINT-29)
Warning: In design 'axi4_arb', input port 'outport_rdata_i[31]' is connected directly to output port 'inport1_rdata_o[31]'. (LINT-29)
Warning: In design 'axi4_arb', input port 'outport_rdata_i[31]' is connected directly to output port 'inport0_rdata_o[31]'. (LINT-29)
Warning: In design 'axi4_arb', input port 'outport_rdata_i[30]' is connected directly to output port 'inport3_rdata_o[30]'. (LINT-29)
Warning: In design 'axi4_arb', input port 'outport_rdata_i[30]' is connected directly to output port 'inport2_rdata_o[30]'. (LINT-29)
Warning: In design 'axi4_arb', input port 'outport_rdata_i[30]' is connected directly to output port 'inport1_rdata_o[30]'. (LINT-29)
Warning: In design 'axi4_arb', input port 'outport_rdata_i[30]' is connected directly to output port 'inport0_rdata_o[30]'. (LINT-29)
Warning: In design 'axi4_arb', input port 'outport_rdata_i[29]' is connected directly to output port 'inport3_rdata_o[29]'. (LINT-29)
Warning: In design 'axi4_arb', input port 'outport_rdata_i[29]' is connected directly to output port 'inport2_rdata_o[29]'. (LINT-29)
Warning: In design 'axi4_arb', input port 'outport_rdata_i[29]' is connected directly to output port 'inport1_rdata_o[29]'. (LINT-29)
Warning: In design 'axi4_arb', input port 'outport_rdata_i[29]' is connected directly to output port 'inport0_rdata_o[29]'. (LINT-29)
Warning: In design 'axi4_arb', input port 'outport_rdata_i[28]' is connected directly to output port 'inport3_rdata_o[28]'. (LINT-29)
Warning: In design 'axi4_arb', input port 'outport_rdata_i[28]' is connected directly to output port 'inport2_rdata_o[28]'. (LINT-29)
Warning: In design 'axi4_arb', input port 'outport_rdata_i[28]' is connected directly to output port 'inport1_rdata_o[28]'. (LINT-29)
Warning: In design 'axi4_arb', input port 'outport_rdata_i[28]' is connected directly to output port 'inport0_rdata_o[28]'. (LINT-29)
Warning: In design 'axi4_arb', input port 'outport_rdata_i[27]' is connected directly to output port 'inport3_rdata_o[27]'. (LINT-29)
Warning: In design 'axi4_arb', input port 'outport_rdata_i[27]' is connected directly to output port 'inport2_rdata_o[27]'. (LINT-29)
Warning: In design 'axi4_arb', input port 'outport_rdata_i[27]' is connected directly to output port 'inport1_rdata_o[27]'. (LINT-29)
Warning: In design 'axi4_arb', input port 'outport_rdata_i[27]' is connected directly to output port 'inport0_rdata_o[27]'. (LINT-29)
Warning: In design 'axi4_arb', input port 'outport_rdata_i[26]' is connected directly to output port 'inport3_rdata_o[26]'. (LINT-29)
Warning: In design 'axi4_arb', input port 'outport_rdata_i[26]' is connected directly to output port 'inport2_rdata_o[26]'. (LINT-29)
Warning: In design 'axi4_arb', input port 'outport_rdata_i[26]' is connected directly to output port 'inport1_rdata_o[26]'. (LINT-29)
Warning: In design 'axi4_arb', input port 'outport_rdata_i[26]' is connected directly to output port 'inport0_rdata_o[26]'. (LINT-29)
Warning: In design 'axi4_arb', input port 'outport_rdata_i[25]' is connected directly to output port 'inport3_rdata_o[25]'. (LINT-29)
Warning: In design 'axi4_arb', input port 'outport_rdata_i[25]' is connected directly to output port 'inport2_rdata_o[25]'. (LINT-29)
Warning: In design 'axi4_arb', input port 'outport_rdata_i[25]' is connected directly to output port 'inport1_rdata_o[25]'. (LINT-29)
Warning: In design 'axi4_arb', input port 'outport_rdata_i[25]' is connected directly to output port 'inport0_rdata_o[25]'. (LINT-29)
Warning: In design 'axi4_arb', input port 'outport_rdata_i[24]' is connected directly to output port 'inport3_rdata_o[24]'. (LINT-29)
Warning: In design 'axi4_arb', input port 'outport_rdata_i[24]' is connected directly to output port 'inport2_rdata_o[24]'. (LINT-29)
Warning: In design 'axi4_arb', input port 'outport_rdata_i[24]' is connected directly to output port 'inport1_rdata_o[24]'. (LINT-29)
Warning: In design 'axi4_arb', input port 'outport_rdata_i[24]' is connected directly to output port 'inport0_rdata_o[24]'. (LINT-29)
Warning: In design 'axi4_arb', input port 'outport_rdata_i[23]' is connected directly to output port 'inport3_rdata_o[23]'. (LINT-29)
Warning: In design 'axi4_arb', input port 'outport_rdata_i[23]' is connected directly to output port 'inport2_rdata_o[23]'. (LINT-29)
Warning: In design 'axi4_arb', input port 'outport_rdata_i[23]' is connected directly to output port 'inport1_rdata_o[23]'. (LINT-29)
Warning: In design 'axi4_arb', input port 'outport_rdata_i[23]' is connected directly to output port 'inport0_rdata_o[23]'. (LINT-29)
Warning: In design 'axi4_arb', input port 'outport_rdata_i[22]' is connected directly to output port 'inport3_rdata_o[22]'. (LINT-29)
Warning: In design 'axi4_arb', input port 'outport_rdata_i[22]' is connected directly to output port 'inport2_rdata_o[22]'. (LINT-29)
Warning: In design 'axi4_arb', input port 'outport_rdata_i[22]' is connected directly to output port 'inport1_rdata_o[22]'. (LINT-29)
Warning: In design 'axi4_arb', input port 'outport_rdata_i[22]' is connected directly to output port 'inport0_rdata_o[22]'. (LINT-29)
Warning: In design 'axi4_arb', input port 'outport_rdata_i[21]' is connected directly to output port 'inport3_rdata_o[21]'. (LINT-29)
Warning: In design 'axi4_arb', input port 'outport_rdata_i[21]' is connected directly to output port 'inport2_rdata_o[21]'. (LINT-29)
Warning: In design 'axi4_arb', input port 'outport_rdata_i[21]' is connected directly to output port 'inport1_rdata_o[21]'. (LINT-29)
Warning: In design 'axi4_arb', input port 'outport_rdata_i[21]' is connected directly to output port 'inport0_rdata_o[21]'. (LINT-29)
Warning: In design 'axi4_arb', input port 'outport_rdata_i[20]' is connected directly to output port 'inport3_rdata_o[20]'. (LINT-29)
Warning: In design 'axi4_arb', input port 'outport_rdata_i[20]' is connected directly to output port 'inport2_rdata_o[20]'. (LINT-29)
Warning: In design 'axi4_arb', input port 'outport_rdata_i[20]' is connected directly to output port 'inport1_rdata_o[20]'. (LINT-29)
Warning: In design 'axi4_arb', input port 'outport_rdata_i[20]' is connected directly to output port 'inport0_rdata_o[20]'. (LINT-29)
Warning: In design 'axi4_arb', input port 'outport_rdata_i[19]' is connected directly to output port 'inport3_rdata_o[19]'. (LINT-29)
Warning: In design 'axi4_arb', input port 'outport_rdata_i[19]' is connected directly to output port 'inport2_rdata_o[19]'. (LINT-29)
Warning: In design 'axi4_arb', input port 'outport_rdata_i[19]' is connected directly to output port 'inport1_rdata_o[19]'. (LINT-29)
Warning: In design 'axi4_arb', input port 'outport_rdata_i[19]' is connected directly to output port 'inport0_rdata_o[19]'. (LINT-29)
Warning: In design 'axi4_arb', input port 'outport_rdata_i[18]' is connected directly to output port 'inport3_rdata_o[18]'. (LINT-29)
Warning: In design 'axi4_arb', input port 'outport_rdata_i[18]' is connected directly to output port 'inport2_rdata_o[18]'. (LINT-29)
Warning: In design 'axi4_arb', input port 'outport_rdata_i[18]' is connected directly to output port 'inport1_rdata_o[18]'. (LINT-29)
Warning: In design 'axi4_arb', input port 'outport_rdata_i[18]' is connected directly to output port 'inport0_rdata_o[18]'. (LINT-29)
Warning: In design 'axi4_arb', input port 'outport_rdata_i[17]' is connected directly to output port 'inport3_rdata_o[17]'. (LINT-29)
Warning: In design 'axi4_arb', input port 'outport_rdata_i[17]' is connected directly to output port 'inport2_rdata_o[17]'. (LINT-29)
Warning: In design 'axi4_arb', input port 'outport_rdata_i[17]' is connected directly to output port 'inport1_rdata_o[17]'. (LINT-29)
Warning: In design 'axi4_arb', input port 'outport_rdata_i[17]' is connected directly to output port 'inport0_rdata_o[17]'. (LINT-29)
Warning: In design 'axi4_arb', input port 'outport_rdata_i[16]' is connected directly to output port 'inport3_rdata_o[16]'. (LINT-29)
Warning: In design 'axi4_arb', input port 'outport_rdata_i[16]' is connected directly to output port 'inport2_rdata_o[16]'. (LINT-29)
Warning: In design 'axi4_arb', input port 'outport_rdata_i[16]' is connected directly to output port 'inport1_rdata_o[16]'. (LINT-29)
Warning: In design 'axi4_arb', input port 'outport_rdata_i[16]' is connected directly to output port 'inport0_rdata_o[16]'. (LINT-29)
Warning: In design 'axi4_arb', input port 'outport_rdata_i[15]' is connected directly to output port 'inport3_rdata_o[15]'. (LINT-29)
Warning: In design 'axi4_arb', input port 'outport_rdata_i[15]' is connected directly to output port 'inport2_rdata_o[15]'. (LINT-29)
Warning: In design 'axi4_arb', input port 'outport_rdata_i[15]' is connected directly to output port 'inport1_rdata_o[15]'. (LINT-29)
Warning: In design 'axi4_arb', input port 'outport_rdata_i[15]' is connected directly to output port 'inport0_rdata_o[15]'. (LINT-29)
Warning: In design 'axi4_arb', input port 'outport_rdata_i[14]' is connected directly to output port 'inport3_rdata_o[14]'. (LINT-29)
Warning: In design 'axi4_arb', input port 'outport_rdata_i[14]' is connected directly to output port 'inport2_rdata_o[14]'. (LINT-29)
Warning: In design 'axi4_arb', input port 'outport_rdata_i[14]' is connected directly to output port 'inport1_rdata_o[14]'. (LINT-29)
Warning: In design 'axi4_arb', input port 'outport_rdata_i[14]' is connected directly to output port 'inport0_rdata_o[14]'. (LINT-29)
Warning: In design 'axi4_arb', input port 'outport_rdata_i[13]' is connected directly to output port 'inport3_rdata_o[13]'. (LINT-29)
Warning: In design 'axi4_arb', input port 'outport_rdata_i[13]' is connected directly to output port 'inport2_rdata_o[13]'. (LINT-29)
Warning: In design 'axi4_arb', input port 'outport_rdata_i[13]' is connected directly to output port 'inport1_rdata_o[13]'. (LINT-29)
Warning: In design 'axi4_arb', input port 'outport_rdata_i[13]' is connected directly to output port 'inport0_rdata_o[13]'. (LINT-29)
Warning: In design 'axi4_arb', input port 'outport_rdata_i[12]' is connected directly to output port 'inport3_rdata_o[12]'. (LINT-29)
Warning: In design 'axi4_arb', input port 'outport_rdata_i[12]' is connected directly to output port 'inport2_rdata_o[12]'. (LINT-29)
Warning: In design 'axi4_arb', input port 'outport_rdata_i[12]' is connected directly to output port 'inport1_rdata_o[12]'. (LINT-29)
Warning: In design 'axi4_arb', input port 'outport_rdata_i[12]' is connected directly to output port 'inport0_rdata_o[12]'. (LINT-29)
Warning: In design 'axi4_arb', input port 'outport_rdata_i[11]' is connected directly to output port 'inport3_rdata_o[11]'. (LINT-29)
Warning: In design 'axi4_arb', input port 'outport_rdata_i[11]' is connected directly to output port 'inport2_rdata_o[11]'. (LINT-29)
Warning: In design 'axi4_arb', input port 'outport_rdata_i[11]' is connected directly to output port 'inport1_rdata_o[11]'. (LINT-29)
Warning: In design 'axi4_arb', input port 'outport_rdata_i[11]' is connected directly to output port 'inport0_rdata_o[11]'. (LINT-29)
Warning: In design 'axi4_arb', input port 'outport_rdata_i[10]' is connected directly to output port 'inport3_rdata_o[10]'. (LINT-29)
Warning: In design 'axi4_arb', input port 'outport_rdata_i[10]' is connected directly to output port 'inport2_rdata_o[10]'. (LINT-29)
Warning: In design 'axi4_arb', input port 'outport_rdata_i[10]' is connected directly to output port 'inport1_rdata_o[10]'. (LINT-29)
Warning: In design 'axi4_arb', input port 'outport_rdata_i[10]' is connected directly to output port 'inport0_rdata_o[10]'. (LINT-29)
Warning: In design 'axi4_arb', input port 'outport_rdata_i[9]' is connected directly to output port 'inport3_rdata_o[9]'. (LINT-29)
Warning: In design 'axi4_arb', input port 'outport_rdata_i[9]' is connected directly to output port 'inport2_rdata_o[9]'. (LINT-29)
Warning: In design 'axi4_arb', input port 'outport_rdata_i[9]' is connected directly to output port 'inport1_rdata_o[9]'. (LINT-29)
Warning: In design 'axi4_arb', input port 'outport_rdata_i[9]' is connected directly to output port 'inport0_rdata_o[9]'. (LINT-29)
Warning: In design 'axi4_arb', input port 'outport_rdata_i[8]' is connected directly to output port 'inport3_rdata_o[8]'. (LINT-29)
Warning: In design 'axi4_arb', input port 'outport_rdata_i[8]' is connected directly to output port 'inport2_rdata_o[8]'. (LINT-29)
Warning: In design 'axi4_arb', input port 'outport_rdata_i[8]' is connected directly to output port 'inport1_rdata_o[8]'. (LINT-29)
Warning: In design 'axi4_arb', input port 'outport_rdata_i[8]' is connected directly to output port 'inport0_rdata_o[8]'. (LINT-29)
Warning: In design 'axi4_arb', input port 'outport_rdata_i[7]' is connected directly to output port 'inport3_rdata_o[7]'. (LINT-29)
Warning: In design 'axi4_arb', input port 'outport_rdata_i[7]' is connected directly to output port 'inport2_rdata_o[7]'. (LINT-29)
Warning: In design 'axi4_arb', input port 'outport_rdata_i[7]' is connected directly to output port 'inport1_rdata_o[7]'. (LINT-29)
Warning: In design 'axi4_arb', input port 'outport_rdata_i[7]' is connected directly to output port 'inport0_rdata_o[7]'. (LINT-29)
Warning: In design 'axi4_arb', input port 'outport_rdata_i[6]' is connected directly to output port 'inport3_rdata_o[6]'. (LINT-29)
Warning: In design 'axi4_arb', input port 'outport_rdata_i[6]' is connected directly to output port 'inport2_rdata_o[6]'. (LINT-29)
Warning: In design 'axi4_arb', input port 'outport_rdata_i[6]' is connected directly to output port 'inport1_rdata_o[6]'. (LINT-29)
Warning: In design 'axi4_arb', input port 'outport_rdata_i[6]' is connected directly to output port 'inport0_rdata_o[6]'. (LINT-29)
Warning: In design 'axi4_arb', input port 'outport_rdata_i[5]' is connected directly to output port 'inport3_rdata_o[5]'. (LINT-29)
Warning: In design 'axi4_arb', input port 'outport_rdata_i[5]' is connected directly to output port 'inport2_rdata_o[5]'. (LINT-29)
Warning: In design 'axi4_arb', input port 'outport_rdata_i[5]' is connected directly to output port 'inport1_rdata_o[5]'. (LINT-29)
Warning: In design 'axi4_arb', input port 'outport_rdata_i[5]' is connected directly to output port 'inport0_rdata_o[5]'. (LINT-29)
Warning: In design 'axi4_arb', input port 'outport_rdata_i[4]' is connected directly to output port 'inport3_rdata_o[4]'. (LINT-29)
Warning: In design 'axi4_arb', input port 'outport_rdata_i[4]' is connected directly to output port 'inport2_rdata_o[4]'. (LINT-29)
Warning: In design 'axi4_arb', input port 'outport_rdata_i[4]' is connected directly to output port 'inport1_rdata_o[4]'. (LINT-29)
Warning: In design 'axi4_arb', input port 'outport_rdata_i[4]' is connected directly to output port 'inport0_rdata_o[4]'. (LINT-29)
Warning: In design 'axi4_arb', input port 'outport_rdata_i[3]' is connected directly to output port 'inport3_rdata_o[3]'. (LINT-29)
Warning: In design 'axi4_arb', input port 'outport_rdata_i[3]' is connected directly to output port 'inport2_rdata_o[3]'. (LINT-29)
Warning: In design 'axi4_arb', input port 'outport_rdata_i[3]' is connected directly to output port 'inport1_rdata_o[3]'. (LINT-29)
Warning: In design 'axi4_arb', input port 'outport_rdata_i[3]' is connected directly to output port 'inport0_rdata_o[3]'. (LINT-29)
Warning: In design 'axi4_arb', input port 'outport_rdata_i[2]' is connected directly to output port 'inport3_rdata_o[2]'. (LINT-29)
Warning: In design 'axi4_arb', input port 'outport_rdata_i[2]' is connected directly to output port 'inport2_rdata_o[2]'. (LINT-29)
Warning: In design 'axi4_arb', input port 'outport_rdata_i[2]' is connected directly to output port 'inport1_rdata_o[2]'. (LINT-29)
Warning: In design 'axi4_arb', input port 'outport_rdata_i[2]' is connected directly to output port 'inport0_rdata_o[2]'. (LINT-29)
Warning: In design 'axi4_arb', input port 'outport_rdata_i[1]' is connected directly to output port 'inport3_rdata_o[1]'. (LINT-29)
Warning: In design 'axi4_arb', input port 'outport_rdata_i[1]' is connected directly to output port 'inport2_rdata_o[1]'. (LINT-29)
Warning: In design 'axi4_arb', input port 'outport_rdata_i[1]' is connected directly to output port 'inport1_rdata_o[1]'. (LINT-29)
Warning: In design 'axi4_arb', input port 'outport_rdata_i[1]' is connected directly to output port 'inport0_rdata_o[1]'. (LINT-29)
Warning: In design 'axi4_arb', input port 'outport_rdata_i[0]' is connected directly to output port 'inport3_rdata_o[0]'. (LINT-29)
Warning: In design 'axi4_arb', input port 'outport_rdata_i[0]' is connected directly to output port 'inport2_rdata_o[0]'. (LINT-29)
Warning: In design 'axi4_arb', input port 'outport_rdata_i[0]' is connected directly to output port 'inport1_rdata_o[0]'. (LINT-29)
Warning: In design 'axi4_arb', input port 'outport_rdata_i[0]' is connected directly to output port 'inport0_rdata_o[0]'. (LINT-29)
Warning: In design 'axi4_arb', input port 'outport_rresp_i[1]' is connected directly to output port 'inport3_rresp_o[1]'. (LINT-29)
Warning: In design 'axi4_arb', input port 'outport_rresp_i[1]' is connected directly to output port 'inport2_rresp_o[1]'. (LINT-29)
Warning: In design 'axi4_arb', input port 'outport_rresp_i[1]' is connected directly to output port 'inport1_rresp_o[1]'. (LINT-29)
Warning: In design 'axi4_arb', input port 'outport_rresp_i[1]' is connected directly to output port 'inport0_rresp_o[1]'. (LINT-29)
Warning: In design 'axi4_arb', input port 'outport_rresp_i[0]' is connected directly to output port 'inport3_rresp_o[0]'. (LINT-29)
Warning: In design 'axi4_arb', input port 'outport_rresp_i[0]' is connected directly to output port 'inport2_rresp_o[0]'. (LINT-29)
Warning: In design 'axi4_arb', input port 'outport_rresp_i[0]' is connected directly to output port 'inport1_rresp_o[0]'. (LINT-29)
Warning: In design 'axi4_arb', input port 'outport_rresp_i[0]' is connected directly to output port 'inport0_rresp_o[0]'. (LINT-29)
Warning: In design 'axi4_arb', input port 'outport_rid_i[3]' is connected directly to output port 'inport3_rid_o[3]'. (LINT-29)
Warning: In design 'axi4_arb', input port 'outport_rid_i[3]' is connected directly to output port 'inport2_rid_o[3]'. (LINT-29)
Warning: In design 'axi4_arb', input port 'outport_rid_i[3]' is connected directly to output port 'inport1_rid_o[3]'. (LINT-29)
Warning: In design 'axi4_arb', input port 'outport_rid_i[3]' is connected directly to output port 'inport0_rid_o[3]'. (LINT-29)
Warning: In design 'axi4_arb', input port 'outport_rid_i[2]' is connected directly to output port 'inport3_rid_o[2]'. (LINT-29)
Warning: In design 'axi4_arb', input port 'outport_rid_i[2]' is connected directly to output port 'inport2_rid_o[2]'. (LINT-29)
Warning: In design 'axi4_arb', input port 'outport_rid_i[2]' is connected directly to output port 'inport1_rid_o[2]'. (LINT-29)
Warning: In design 'axi4_arb', input port 'outport_rid_i[2]' is connected directly to output port 'inport0_rid_o[2]'. (LINT-29)
Warning: In design 'axi4_arb', input port 'outport_rid_i[1]' is connected directly to output port 'inport3_rid_o[1]'. (LINT-29)
Warning: In design 'axi4_arb', input port 'outport_rid_i[1]' is connected directly to output port 'inport2_rid_o[1]'. (LINT-29)
Warning: In design 'axi4_arb', input port 'outport_rid_i[1]' is connected directly to output port 'inport1_rid_o[1]'. (LINT-29)
Warning: In design 'axi4_arb', input port 'outport_rid_i[1]' is connected directly to output port 'inport0_rid_o[1]'. (LINT-29)
Warning: In design 'axi4_arb', input port 'outport_rid_i[0]' is connected directly to output port 'inport3_rid_o[0]'. (LINT-29)
Warning: In design 'axi4_arb', input port 'outport_rid_i[0]' is connected directly to output port 'inport2_rid_o[0]'. (LINT-29)
Warning: In design 'axi4_arb', input port 'outport_rid_i[0]' is connected directly to output port 'inport1_rid_o[0]'. (LINT-29)
Warning: In design 'axi4_arb', input port 'outport_rid_i[0]' is connected directly to output port 'inport0_rid_o[0]'. (LINT-29)
Warning: In design 'axi4_arb', input port 'outport_rlast_i' is connected directly to output port 'inport3_rlast_o'. (LINT-29)
Warning: In design 'axi4_arb', input port 'outport_rlast_i' is connected directly to output port 'inport2_rlast_o'. (LINT-29)
Warning: In design 'axi4_arb', input port 'outport_rlast_i' is connected directly to output port 'inport1_rlast_o'. (LINT-29)
Warning: In design 'axi4_arb', input port 'outport_rlast_i' is connected directly to output port 'inport0_rlast_o'. (LINT-29)
Warning: In design 'riscv_mmu', input port 'fetch_in_flush_i' is connected directly to output port 'fetch_out_flush_o'. (LINT-29)
Warning: In design 'riscv_mmu', input port 'fetch_in_invalidate_i' is connected directly to output port 'fetch_out_invalidate_o'. (LINT-29)
Warning: In design 'riscv_mmu', input port 'fetch_in_pc_i[31]' is connected directly to output port 'fetch_fault_addr_o[31]'. (LINT-29)
Warning: In design 'riscv_mmu', input port 'fetch_in_pc_i[30]' is connected directly to output port 'fetch_fault_addr_o[30]'. (LINT-29)
Warning: In design 'riscv_mmu', input port 'fetch_in_pc_i[29]' is connected directly to output port 'fetch_fault_addr_o[29]'. (LINT-29)
Warning: In design 'riscv_mmu', input port 'fetch_in_pc_i[28]' is connected directly to output port 'fetch_fault_addr_o[28]'. (LINT-29)
Warning: In design 'riscv_mmu', input port 'fetch_in_pc_i[27]' is connected directly to output port 'fetch_fault_addr_o[27]'. (LINT-29)
Warning: In design 'riscv_mmu', input port 'fetch_in_pc_i[26]' is connected directly to output port 'fetch_fault_addr_o[26]'. (LINT-29)
Warning: In design 'riscv_mmu', input port 'fetch_in_pc_i[25]' is connected directly to output port 'fetch_fault_addr_o[25]'. (LINT-29)
Warning: In design 'riscv_mmu', input port 'fetch_in_pc_i[24]' is connected directly to output port 'fetch_fault_addr_o[24]'. (LINT-29)
Warning: In design 'riscv_mmu', input port 'fetch_in_pc_i[23]' is connected directly to output port 'fetch_fault_addr_o[23]'. (LINT-29)
Warning: In design 'riscv_mmu', input port 'fetch_in_pc_i[22]' is connected directly to output port 'fetch_fault_addr_o[22]'. (LINT-29)
Warning: In design 'riscv_mmu', input port 'fetch_in_pc_i[21]' is connected directly to output port 'fetch_fault_addr_o[21]'. (LINT-29)
Warning: In design 'riscv_mmu', input port 'fetch_in_pc_i[20]' is connected directly to output port 'fetch_fault_addr_o[20]'. (LINT-29)
Warning: In design 'riscv_mmu', input port 'fetch_in_pc_i[19]' is connected directly to output port 'fetch_fault_addr_o[19]'. (LINT-29)
Warning: In design 'riscv_mmu', input port 'fetch_in_pc_i[18]' is connected directly to output port 'fetch_fault_addr_o[18]'. (LINT-29)
Warning: In design 'riscv_mmu', input port 'fetch_in_pc_i[17]' is connected directly to output port 'fetch_fault_addr_o[17]'. (LINT-29)
Warning: In design 'riscv_mmu', input port 'fetch_in_pc_i[16]' is connected directly to output port 'fetch_fault_addr_o[16]'. (LINT-29)
Warning: In design 'riscv_mmu', input port 'fetch_in_pc_i[15]' is connected directly to output port 'fetch_fault_addr_o[15]'. (LINT-29)
Warning: In design 'riscv_mmu', input port 'fetch_in_pc_i[14]' is connected directly to output port 'fetch_fault_addr_o[14]'. (LINT-29)
Warning: In design 'riscv_mmu', input port 'fetch_in_pc_i[13]' is connected directly to output port 'fetch_fault_addr_o[13]'. (LINT-29)
Warning: In design 'riscv_mmu', input port 'fetch_in_pc_i[12]' is connected directly to output port 'fetch_fault_addr_o[12]'. (LINT-29)
Warning: In design 'riscv_mmu', input port 'fetch_in_pc_i[11]' is connected directly to output port 'fetch_out_pc_o[11]'. (LINT-29)
Warning: In design 'riscv_mmu', input port 'fetch_in_pc_i[11]' is connected directly to output port 'fetch_fault_addr_o[11]'. (LINT-29)
Warning: In design 'riscv_mmu', input port 'fetch_in_pc_i[10]' is connected directly to output port 'fetch_out_pc_o[10]'. (LINT-29)
Warning: In design 'riscv_mmu', input port 'fetch_in_pc_i[10]' is connected directly to output port 'fetch_fault_addr_o[10]'. (LINT-29)
Warning: In design 'riscv_mmu', input port 'fetch_in_pc_i[9]' is connected directly to output port 'fetch_out_pc_o[9]'. (LINT-29)
Warning: In design 'riscv_mmu', input port 'fetch_in_pc_i[9]' is connected directly to output port 'fetch_fault_addr_o[9]'. (LINT-29)
Warning: In design 'riscv_mmu', input port 'fetch_in_pc_i[8]' is connected directly to output port 'fetch_out_pc_o[8]'. (LINT-29)
Warning: In design 'riscv_mmu', input port 'fetch_in_pc_i[8]' is connected directly to output port 'fetch_fault_addr_o[8]'. (LINT-29)
Warning: In design 'riscv_mmu', input port 'fetch_in_pc_i[7]' is connected directly to output port 'fetch_out_pc_o[7]'. (LINT-29)
Warning: In design 'riscv_mmu', input port 'fetch_in_pc_i[7]' is connected directly to output port 'fetch_fault_addr_o[7]'. (LINT-29)
Warning: In design 'riscv_mmu', input port 'fetch_in_pc_i[6]' is connected directly to output port 'fetch_out_pc_o[6]'. (LINT-29)
Warning: In design 'riscv_mmu', input port 'fetch_in_pc_i[6]' is connected directly to output port 'fetch_fault_addr_o[6]'. (LINT-29)
Warning: In design 'riscv_mmu', input port 'fetch_in_pc_i[5]' is connected directly to output port 'fetch_out_pc_o[5]'. (LINT-29)
Warning: In design 'riscv_mmu', input port 'fetch_in_pc_i[5]' is connected directly to output port 'fetch_fault_addr_o[5]'. (LINT-29)
Warning: In design 'riscv_mmu', input port 'fetch_in_pc_i[4]' is connected directly to output port 'fetch_out_pc_o[4]'. (LINT-29)
Warning: In design 'riscv_mmu', input port 'fetch_in_pc_i[4]' is connected directly to output port 'fetch_fault_addr_o[4]'. (LINT-29)
Warning: In design 'riscv_mmu', input port 'fetch_in_pc_i[3]' is connected directly to output port 'fetch_out_pc_o[3]'. (LINT-29)
Warning: In design 'riscv_mmu', input port 'fetch_in_pc_i[3]' is connected directly to output port 'fetch_fault_addr_o[3]'. (LINT-29)
Warning: In design 'riscv_mmu', input port 'fetch_in_pc_i[2]' is connected directly to output port 'fetch_out_pc_o[2]'. (LINT-29)
Warning: In design 'riscv_mmu', input port 'fetch_in_pc_i[2]' is connected directly to output port 'fetch_fault_addr_o[2]'. (LINT-29)
Warning: In design 'riscv_mmu', input port 'fetch_in_pc_i[1]' is connected directly to output port 'fetch_out_pc_o[1]'. (LINT-29)
Warning: In design 'riscv_mmu', input port 'fetch_in_pc_i[1]' is connected directly to output port 'fetch_fault_addr_o[1]'. (LINT-29)
Warning: In design 'riscv_mmu', input port 'fetch_in_pc_i[0]' is connected directly to output port 'fetch_out_pc_o[0]'. (LINT-29)
Warning: In design 'riscv_mmu', input port 'fetch_in_pc_i[0]' is connected directly to output port 'fetch_fault_addr_o[0]'. (LINT-29)
Warning: In design 'riscv_mmu', input port 'fetch_out_valid_i' is connected directly to output port 'fetch_in_valid_o'. (LINT-29)
Warning: In design 'riscv_mmu', input port 'fetch_out_error_i' is connected directly to output port 'fetch_in_error_o'. (LINT-29)
Warning: In design 'riscv_mmu', input port 'fetch_out_inst_i[31]' is connected directly to output port 'fetch_in_inst_o[31]'. (LINT-29)
Warning: In design 'riscv_mmu', input port 'fetch_out_inst_i[30]' is connected directly to output port 'fetch_in_inst_o[30]'. (LINT-29)
Warning: In design 'riscv_mmu', input port 'fetch_out_inst_i[29]' is connected directly to output port 'fetch_in_inst_o[29]'. (LINT-29)
Warning: In design 'riscv_mmu', input port 'fetch_out_inst_i[28]' is connected directly to output port 'fetch_in_inst_o[28]'. (LINT-29)
Warning: In design 'riscv_mmu', input port 'fetch_out_inst_i[27]' is connected directly to output port 'fetch_in_inst_o[27]'. (LINT-29)
Warning: In design 'riscv_mmu', input port 'fetch_out_inst_i[26]' is connected directly to output port 'fetch_in_inst_o[26]'. (LINT-29)
Warning: In design 'riscv_mmu', input port 'fetch_out_inst_i[25]' is connected directly to output port 'fetch_in_inst_o[25]'. (LINT-29)
Warning: In design 'riscv_mmu', input port 'fetch_out_inst_i[24]' is connected directly to output port 'fetch_in_inst_o[24]'. (LINT-29)
Warning: In design 'riscv_mmu', input port 'fetch_out_inst_i[23]' is connected directly to output port 'fetch_in_inst_o[23]'. (LINT-29)
Warning: In design 'riscv_mmu', input port 'fetch_out_inst_i[22]' is connected directly to output port 'fetch_in_inst_o[22]'. (LINT-29)
Warning: In design 'riscv_mmu', input port 'fetch_out_inst_i[21]' is connected directly to output port 'fetch_in_inst_o[21]'. (LINT-29)
Warning: In design 'riscv_mmu', input port 'fetch_out_inst_i[20]' is connected directly to output port 'fetch_in_inst_o[20]'. (LINT-29)
Warning: In design 'riscv_mmu', input port 'fetch_out_inst_i[19]' is connected directly to output port 'fetch_in_inst_o[19]'. (LINT-29)
Warning: In design 'riscv_mmu', input port 'fetch_out_inst_i[18]' is connected directly to output port 'fetch_in_inst_o[18]'. (LINT-29)
Warning: In design 'riscv_mmu', input port 'fetch_out_inst_i[17]' is connected directly to output port 'fetch_in_inst_o[17]'. (LINT-29)
Warning: In design 'riscv_mmu', input port 'fetch_out_inst_i[16]' is connected directly to output port 'fetch_in_inst_o[16]'. (LINT-29)
Warning: In design 'riscv_mmu', input port 'fetch_out_inst_i[15]' is connected directly to output port 'fetch_in_inst_o[15]'. (LINT-29)
Warning: In design 'riscv_mmu', input port 'fetch_out_inst_i[14]' is connected directly to output port 'fetch_in_inst_o[14]'. (LINT-29)
Warning: In design 'riscv_mmu', input port 'fetch_out_inst_i[13]' is connected directly to output port 'fetch_in_inst_o[13]'. (LINT-29)
Warning: In design 'riscv_mmu', input port 'fetch_out_inst_i[12]' is connected directly to output port 'fetch_in_inst_o[12]'. (LINT-29)
Warning: In design 'riscv_mmu', input port 'fetch_out_inst_i[11]' is connected directly to output port 'fetch_in_inst_o[11]'. (LINT-29)
Warning: In design 'riscv_mmu', input port 'fetch_out_inst_i[10]' is connected directly to output port 'fetch_in_inst_o[10]'. (LINT-29)
Warning: In design 'riscv_mmu', input port 'fetch_out_inst_i[9]' is connected directly to output port 'fetch_in_inst_o[9]'. (LINT-29)
Warning: In design 'riscv_mmu', input port 'fetch_out_inst_i[8]' is connected directly to output port 'fetch_in_inst_o[8]'. (LINT-29)
Warning: In design 'riscv_mmu', input port 'fetch_out_inst_i[7]' is connected directly to output port 'fetch_in_inst_o[7]'. (LINT-29)
Warning: In design 'riscv_mmu', input port 'fetch_out_inst_i[6]' is connected directly to output port 'fetch_in_inst_o[6]'. (LINT-29)
Warning: In design 'riscv_mmu', input port 'fetch_out_inst_i[5]' is connected directly to output port 'fetch_in_inst_o[5]'. (LINT-29)
Warning: In design 'riscv_mmu', input port 'fetch_out_inst_i[4]' is connected directly to output port 'fetch_in_inst_o[4]'. (LINT-29)
Warning: In design 'riscv_mmu', input port 'fetch_out_inst_i[3]' is connected directly to output port 'fetch_in_inst_o[3]'. (LINT-29)
Warning: In design 'riscv_mmu', input port 'fetch_out_inst_i[2]' is connected directly to output port 'fetch_in_inst_o[2]'. (LINT-29)
Warning: In design 'riscv_mmu', input port 'fetch_out_inst_i[1]' is connected directly to output port 'fetch_in_inst_o[1]'. (LINT-29)
Warning: In design 'riscv_mmu', input port 'fetch_out_inst_i[0]' is connected directly to output port 'fetch_in_inst_o[0]'. (LINT-29)
Warning: In design 'riscv_mmu', input port 'lsu_in_data_wr_i[31]' is connected directly to output port 'lsu_out_data_wr_o[31]'. (LINT-29)
Warning: In design 'riscv_mmu', input port 'lsu_in_data_wr_i[30]' is connected directly to output port 'lsu_out_data_wr_o[30]'. (LINT-29)
Warning: In design 'riscv_mmu', input port 'lsu_in_data_wr_i[29]' is connected directly to output port 'lsu_out_data_wr_o[29]'. (LINT-29)
Warning: In design 'riscv_mmu', input port 'lsu_in_data_wr_i[28]' is connected directly to output port 'lsu_out_data_wr_o[28]'. (LINT-29)
Warning: In design 'riscv_mmu', input port 'lsu_in_data_wr_i[27]' is connected directly to output port 'lsu_out_data_wr_o[27]'. (LINT-29)
Warning: In design 'riscv_mmu', input port 'lsu_in_data_wr_i[26]' is connected directly to output port 'lsu_out_data_wr_o[26]'. (LINT-29)
Warning: In design 'riscv_mmu', input port 'lsu_in_data_wr_i[25]' is connected directly to output port 'lsu_out_data_wr_o[25]'. (LINT-29)
Warning: In design 'riscv_mmu', input port 'lsu_in_data_wr_i[24]' is connected directly to output port 'lsu_out_data_wr_o[24]'. (LINT-29)
Warning: In design 'riscv_mmu', input port 'lsu_in_data_wr_i[23]' is connected directly to output port 'lsu_out_data_wr_o[23]'. (LINT-29)
Warning: In design 'riscv_mmu', input port 'lsu_in_data_wr_i[22]' is connected directly to output port 'lsu_out_data_wr_o[22]'. (LINT-29)
Warning: In design 'riscv_mmu', input port 'lsu_in_data_wr_i[21]' is connected directly to output port 'lsu_out_data_wr_o[21]'. (LINT-29)
Warning: In design 'riscv_mmu', input port 'lsu_in_data_wr_i[20]' is connected directly to output port 'lsu_out_data_wr_o[20]'. (LINT-29)
Warning: In design 'riscv_mmu', input port 'lsu_in_data_wr_i[19]' is connected directly to output port 'lsu_out_data_wr_o[19]'. (LINT-29)
Warning: In design 'riscv_mmu', input port 'lsu_in_data_wr_i[18]' is connected directly to output port 'lsu_out_data_wr_o[18]'. (LINT-29)
Warning: In design 'riscv_mmu', input port 'lsu_in_data_wr_i[17]' is connected directly to output port 'lsu_out_data_wr_o[17]'. (LINT-29)
Warning: In design 'riscv_mmu', input port 'lsu_in_data_wr_i[16]' is connected directly to output port 'lsu_out_data_wr_o[16]'. (LINT-29)
Warning: In design 'riscv_mmu', input port 'lsu_in_data_wr_i[15]' is connected directly to output port 'lsu_out_data_wr_o[15]'. (LINT-29)
Warning: In design 'riscv_mmu', input port 'lsu_in_data_wr_i[14]' is connected directly to output port 'lsu_out_data_wr_o[14]'. (LINT-29)
Warning: In design 'riscv_mmu', input port 'lsu_in_data_wr_i[13]' is connected directly to output port 'lsu_out_data_wr_o[13]'. (LINT-29)
Warning: In design 'riscv_mmu', input port 'lsu_in_data_wr_i[12]' is connected directly to output port 'lsu_out_data_wr_o[12]'. (LINT-29)
Warning: In design 'riscv_mmu', input port 'lsu_in_data_wr_i[11]' is connected directly to output port 'lsu_out_data_wr_o[11]'. (LINT-29)
Warning: In design 'riscv_mmu', input port 'lsu_in_data_wr_i[10]' is connected directly to output port 'lsu_out_data_wr_o[10]'. (LINT-29)
Warning: In design 'riscv_mmu', input port 'lsu_in_data_wr_i[9]' is connected directly to output port 'lsu_out_data_wr_o[9]'. (LINT-29)
Warning: In design 'riscv_mmu', input port 'lsu_in_data_wr_i[8]' is connected directly to output port 'lsu_out_data_wr_o[8]'. (LINT-29)
Warning: In design 'riscv_mmu', input port 'lsu_in_data_wr_i[7]' is connected directly to output port 'lsu_out_data_wr_o[7]'. (LINT-29)
Warning: In design 'riscv_mmu', input port 'lsu_in_data_wr_i[6]' is connected directly to output port 'lsu_out_data_wr_o[6]'. (LINT-29)
Warning: In design 'riscv_mmu', input port 'lsu_in_data_wr_i[5]' is connected directly to output port 'lsu_out_data_wr_o[5]'. (LINT-29)
Warning: In design 'riscv_mmu', input port 'lsu_in_data_wr_i[4]' is connected directly to output port 'lsu_out_data_wr_o[4]'. (LINT-29)
Warning: In design 'riscv_mmu', input port 'lsu_in_data_wr_i[3]' is connected directly to output port 'lsu_out_data_wr_o[3]'. (LINT-29)
Warning: In design 'riscv_mmu', input port 'lsu_in_data_wr_i[2]' is connected directly to output port 'lsu_out_data_wr_o[2]'. (LINT-29)
Warning: In design 'riscv_mmu', input port 'lsu_in_data_wr_i[1]' is connected directly to output port 'lsu_out_data_wr_o[1]'. (LINT-29)
Warning: In design 'riscv_mmu', input port 'lsu_in_data_wr_i[0]' is connected directly to output port 'lsu_out_data_wr_o[0]'. (LINT-29)
Warning: In design 'riscv_mmu', input port 'lsu_in_cacheable_i' is connected directly to output port 'lsu_out_cacheable_o'. (LINT-29)
Warning: In design 'riscv_mmu', input port 'lsu_in_req_tag_i[10]' is connected directly to output port 'lsu_out_req_tag_o[10]'. (LINT-29)
Warning: In design 'riscv_mmu', input port 'lsu_in_req_tag_i[9]' is connected directly to output port 'lsu_out_req_tag_o[9]'. (LINT-29)
Warning: In design 'riscv_mmu', input port 'lsu_in_req_tag_i[8]' is connected directly to output port 'lsu_out_req_tag_o[8]'. (LINT-29)
Warning: In design 'riscv_mmu', input port 'lsu_in_req_tag_i[7]' is connected directly to output port 'lsu_out_req_tag_o[7]'. (LINT-29)
Warning: In design 'riscv_mmu', input port 'lsu_in_req_tag_i[6]' is connected directly to output port 'lsu_out_req_tag_o[6]'. (LINT-29)
Warning: In design 'riscv_mmu', input port 'lsu_in_req_tag_i[5]' is connected directly to output port 'lsu_out_req_tag_o[5]'. (LINT-29)
Warning: In design 'riscv_mmu', input port 'lsu_in_req_tag_i[4]' is connected directly to output port 'lsu_out_req_tag_o[4]'. (LINT-29)
Warning: In design 'riscv_mmu', input port 'lsu_in_req_tag_i[3]' is connected directly to output port 'lsu_out_req_tag_o[3]'. (LINT-29)
Warning: In design 'riscv_mmu', input port 'lsu_in_req_tag_i[2]' is connected directly to output port 'lsu_out_req_tag_o[2]'. (LINT-29)
Warning: In design 'riscv_mmu', input port 'lsu_in_req_tag_i[1]' is connected directly to output port 'lsu_out_req_tag_o[1]'. (LINT-29)
Warning: In design 'riscv_mmu', input port 'lsu_in_req_tag_i[0]' is connected directly to output port 'lsu_out_req_tag_o[0]'. (LINT-29)
Warning: In design 'riscv_mmu', input port 'lsu_in_invalidate_i' is connected directly to output port 'lsu_out_invalidate_o'. (LINT-29)
Warning: In design 'riscv_mmu', input port 'lsu_in_flush_i' is connected directly to output port 'lsu_out_flush_o'. (LINT-29)
Warning: In design 'riscv_mmu', input port 'lsu_out_data_rd_i[31]' is connected directly to output port 'lsu_in_data_rd_o[31]'. (LINT-29)
Warning: In design 'riscv_mmu', input port 'lsu_out_data_rd_i[30]' is connected directly to output port 'lsu_in_data_rd_o[30]'. (LINT-29)
Warning: In design 'riscv_mmu', input port 'lsu_out_data_rd_i[29]' is connected directly to output port 'lsu_in_data_rd_o[29]'. (LINT-29)
Warning: In design 'riscv_mmu', input port 'lsu_out_data_rd_i[28]' is connected directly to output port 'lsu_in_data_rd_o[28]'. (LINT-29)
Warning: In design 'riscv_mmu', input port 'lsu_out_data_rd_i[27]' is connected directly to output port 'lsu_in_data_rd_o[27]'. (LINT-29)
Warning: In design 'riscv_mmu', input port 'lsu_out_data_rd_i[26]' is connected directly to output port 'lsu_in_data_rd_o[26]'. (LINT-29)
Warning: In design 'riscv_mmu', input port 'lsu_out_data_rd_i[25]' is connected directly to output port 'lsu_in_data_rd_o[25]'. (LINT-29)
Warning: In design 'riscv_mmu', input port 'lsu_out_data_rd_i[24]' is connected directly to output port 'lsu_in_data_rd_o[24]'. (LINT-29)
Warning: In design 'riscv_mmu', input port 'lsu_out_data_rd_i[23]' is connected directly to output port 'lsu_in_data_rd_o[23]'. (LINT-29)
Warning: In design 'riscv_mmu', input port 'lsu_out_data_rd_i[22]' is connected directly to output port 'lsu_in_data_rd_o[22]'. (LINT-29)
Warning: In design 'riscv_mmu', input port 'lsu_out_data_rd_i[21]' is connected directly to output port 'lsu_in_data_rd_o[21]'. (LINT-29)
Warning: In design 'riscv_mmu', input port 'lsu_out_data_rd_i[20]' is connected directly to output port 'lsu_in_data_rd_o[20]'. (LINT-29)
Warning: In design 'riscv_mmu', input port 'lsu_out_data_rd_i[19]' is connected directly to output port 'lsu_in_data_rd_o[19]'. (LINT-29)
Warning: In design 'riscv_mmu', input port 'lsu_out_data_rd_i[18]' is connected directly to output port 'lsu_in_data_rd_o[18]'. (LINT-29)
Warning: In design 'riscv_mmu', input port 'lsu_out_data_rd_i[17]' is connected directly to output port 'lsu_in_data_rd_o[17]'. (LINT-29)
Warning: In design 'riscv_mmu', input port 'lsu_out_data_rd_i[16]' is connected directly to output port 'lsu_in_data_rd_o[16]'. (LINT-29)
Warning: In design 'riscv_mmu', input port 'lsu_out_data_rd_i[15]' is connected directly to output port 'lsu_in_data_rd_o[15]'. (LINT-29)
Warning: In design 'riscv_mmu', input port 'lsu_out_data_rd_i[14]' is connected directly to output port 'lsu_in_data_rd_o[14]'. (LINT-29)
Warning: In design 'riscv_mmu', input port 'lsu_out_data_rd_i[13]' is connected directly to output port 'lsu_in_data_rd_o[13]'. (LINT-29)
Warning: In design 'riscv_mmu', input port 'lsu_out_data_rd_i[12]' is connected directly to output port 'lsu_in_data_rd_o[12]'. (LINT-29)
Warning: In design 'riscv_mmu', input port 'lsu_out_data_rd_i[11]' is connected directly to output port 'lsu_in_data_rd_o[11]'. (LINT-29)
Warning: In design 'riscv_mmu', input port 'lsu_out_data_rd_i[10]' is connected directly to output port 'lsu_in_data_rd_o[10]'. (LINT-29)
Warning: In design 'riscv_mmu', input port 'lsu_out_data_rd_i[9]' is connected directly to output port 'lsu_in_data_rd_o[9]'. (LINT-29)
Warning: In design 'riscv_mmu', input port 'lsu_out_data_rd_i[8]' is connected directly to output port 'lsu_in_data_rd_o[8]'. (LINT-29)
Warning: In design 'riscv_mmu', input port 'lsu_out_data_rd_i[7]' is connected directly to output port 'lsu_in_data_rd_o[7]'. (LINT-29)
Warning: In design 'riscv_mmu', input port 'lsu_out_data_rd_i[6]' is connected directly to output port 'lsu_in_data_rd_o[6]'. (LINT-29)
Warning: In design 'riscv_mmu', input port 'lsu_out_data_rd_i[5]' is connected directly to output port 'lsu_in_data_rd_o[5]'. (LINT-29)
Warning: In design 'riscv_mmu', input port 'lsu_out_data_rd_i[4]' is connected directly to output port 'lsu_in_data_rd_o[4]'. (LINT-29)
Warning: In design 'riscv_mmu', input port 'lsu_out_data_rd_i[3]' is connected directly to output port 'lsu_in_data_rd_o[3]'. (LINT-29)
Warning: In design 'riscv_mmu', input port 'lsu_out_data_rd_i[2]' is connected directly to output port 'lsu_in_data_rd_o[2]'. (LINT-29)
Warning: In design 'riscv_mmu', input port 'lsu_out_data_rd_i[1]' is connected directly to output port 'lsu_in_data_rd_o[1]'. (LINT-29)
Warning: In design 'riscv_mmu', input port 'lsu_out_data_rd_i[0]' is connected directly to output port 'lsu_in_data_rd_o[0]'. (LINT-29)
Warning: In design 'riscv_mmu', input port 'lsu_out_ack_i' is connected directly to output port 'lsu_in_ack_o'. (LINT-29)
Warning: In design 'riscv_mmu', input port 'lsu_out_error_i' is connected directly to output port 'lsu_in_error_o'. (LINT-29)
Warning: In design 'riscv_mmu', input port 'lsu_out_resp_tag_i[10]' is connected directly to output port 'lsu_in_resp_tag_o[10]'. (LINT-29)
Warning: In design 'riscv_mmu', input port 'lsu_out_resp_tag_i[9]' is connected directly to output port 'lsu_in_resp_tag_o[9]'. (LINT-29)
Warning: In design 'riscv_mmu', input port 'lsu_out_resp_tag_i[8]' is connected directly to output port 'lsu_in_resp_tag_o[8]'. (LINT-29)
Warning: In design 'riscv_mmu', input port 'lsu_out_resp_tag_i[7]' is connected directly to output port 'lsu_in_resp_tag_o[7]'. (LINT-29)
Warning: In design 'riscv_mmu', input port 'lsu_out_resp_tag_i[6]' is connected directly to output port 'lsu_in_resp_tag_o[6]'. (LINT-29)
Warning: In design 'riscv_mmu', input port 'lsu_out_resp_tag_i[5]' is connected directly to output port 'lsu_in_resp_tag_o[5]'. (LINT-29)
Warning: In design 'riscv_mmu', input port 'lsu_out_resp_tag_i[4]' is connected directly to output port 'lsu_in_resp_tag_o[4]'. (LINT-29)
Warning: In design 'riscv_mmu', input port 'lsu_out_resp_tag_i[3]' is connected directly to output port 'lsu_in_resp_tag_o[3]'. (LINT-29)
Warning: In design 'riscv_mmu', input port 'lsu_out_resp_tag_i[2]' is connected directly to output port 'lsu_in_resp_tag_o[2]'. (LINT-29)
Warning: In design 'riscv_mmu', input port 'lsu_out_resp_tag_i[1]' is connected directly to output port 'lsu_in_resp_tag_o[1]'. (LINT-29)
Warning: In design 'riscv_mmu', input port 'lsu_out_resp_tag_i[0]' is connected directly to output port 'lsu_in_resp_tag_o[0]'. (LINT-29)
Warning: In design 'riscv_mmu_arb', input port 'outport_data_rd_i[31]' is connected directly to output port 'inport_mmu_data_rd_o[31]'. (LINT-29)
Warning: In design 'riscv_mmu_arb', input port 'outport_data_rd_i[31]' is connected directly to output port 'inport_cpu_data_rd_o[31]'. (LINT-29)
Warning: In design 'riscv_mmu_arb', input port 'outport_data_rd_i[30]' is connected directly to output port 'inport_mmu_data_rd_o[30]'. (LINT-29)
Warning: In design 'riscv_mmu_arb', input port 'outport_data_rd_i[30]' is connected directly to output port 'inport_cpu_data_rd_o[30]'. (LINT-29)
Warning: In design 'riscv_mmu_arb', input port 'outport_data_rd_i[29]' is connected directly to output port 'inport_mmu_data_rd_o[29]'. (LINT-29)
Warning: In design 'riscv_mmu_arb', input port 'outport_data_rd_i[29]' is connected directly to output port 'inport_cpu_data_rd_o[29]'. (LINT-29)
Warning: In design 'riscv_mmu_arb', input port 'outport_data_rd_i[28]' is connected directly to output port 'inport_mmu_data_rd_o[28]'. (LINT-29)
Warning: In design 'riscv_mmu_arb', input port 'outport_data_rd_i[28]' is connected directly to output port 'inport_cpu_data_rd_o[28]'. (LINT-29)
Warning: In design 'riscv_mmu_arb', input port 'outport_data_rd_i[27]' is connected directly to output port 'inport_mmu_data_rd_o[27]'. (LINT-29)
Warning: In design 'riscv_mmu_arb', input port 'outport_data_rd_i[27]' is connected directly to output port 'inport_cpu_data_rd_o[27]'. (LINT-29)
Warning: In design 'riscv_mmu_arb', input port 'outport_data_rd_i[26]' is connected directly to output port 'inport_mmu_data_rd_o[26]'. (LINT-29)
Warning: In design 'riscv_mmu_arb', input port 'outport_data_rd_i[26]' is connected directly to output port 'inport_cpu_data_rd_o[26]'. (LINT-29)
Warning: In design 'riscv_mmu_arb', input port 'outport_data_rd_i[25]' is connected directly to output port 'inport_mmu_data_rd_o[25]'. (LINT-29)
Warning: In design 'riscv_mmu_arb', input port 'outport_data_rd_i[25]' is connected directly to output port 'inport_cpu_data_rd_o[25]'. (LINT-29)
Warning: In design 'riscv_mmu_arb', input port 'outport_data_rd_i[24]' is connected directly to output port 'inport_mmu_data_rd_o[24]'. (LINT-29)
Warning: In design 'riscv_mmu_arb', input port 'outport_data_rd_i[24]' is connected directly to output port 'inport_cpu_data_rd_o[24]'. (LINT-29)
Warning: In design 'riscv_mmu_arb', input port 'outport_data_rd_i[23]' is connected directly to output port 'inport_mmu_data_rd_o[23]'. (LINT-29)
Warning: In design 'riscv_mmu_arb', input port 'outport_data_rd_i[23]' is connected directly to output port 'inport_cpu_data_rd_o[23]'. (LINT-29)
Warning: In design 'riscv_mmu_arb', input port 'outport_data_rd_i[22]' is connected directly to output port 'inport_mmu_data_rd_o[22]'. (LINT-29)
Warning: In design 'riscv_mmu_arb', input port 'outport_data_rd_i[22]' is connected directly to output port 'inport_cpu_data_rd_o[22]'. (LINT-29)
Warning: In design 'riscv_mmu_arb', input port 'outport_data_rd_i[21]' is connected directly to output port 'inport_mmu_data_rd_o[21]'. (LINT-29)
Warning: In design 'riscv_mmu_arb', input port 'outport_data_rd_i[21]' is connected directly to output port 'inport_cpu_data_rd_o[21]'. (LINT-29)
Warning: In design 'riscv_mmu_arb', input port 'outport_data_rd_i[20]' is connected directly to output port 'inport_mmu_data_rd_o[20]'. (LINT-29)
Warning: In design 'riscv_mmu_arb', input port 'outport_data_rd_i[20]' is connected directly to output port 'inport_cpu_data_rd_o[20]'. (LINT-29)
Warning: In design 'riscv_mmu_arb', input port 'outport_data_rd_i[19]' is connected directly to output port 'inport_mmu_data_rd_o[19]'. (LINT-29)
Warning: In design 'riscv_mmu_arb', input port 'outport_data_rd_i[19]' is connected directly to output port 'inport_cpu_data_rd_o[19]'. (LINT-29)
Warning: In design 'riscv_mmu_arb', input port 'outport_data_rd_i[18]' is connected directly to output port 'inport_mmu_data_rd_o[18]'. (LINT-29)
Warning: In design 'riscv_mmu_arb', input port 'outport_data_rd_i[18]' is connected directly to output port 'inport_cpu_data_rd_o[18]'. (LINT-29)
Warning: In design 'riscv_mmu_arb', input port 'outport_data_rd_i[17]' is connected directly to output port 'inport_mmu_data_rd_o[17]'. (LINT-29)
Warning: In design 'riscv_mmu_arb', input port 'outport_data_rd_i[17]' is connected directly to output port 'inport_cpu_data_rd_o[17]'. (LINT-29)
Warning: In design 'riscv_mmu_arb', input port 'outport_data_rd_i[16]' is connected directly to output port 'inport_mmu_data_rd_o[16]'. (LINT-29)
Warning: In design 'riscv_mmu_arb', input port 'outport_data_rd_i[16]' is connected directly to output port 'inport_cpu_data_rd_o[16]'. (LINT-29)
Warning: In design 'riscv_mmu_arb', input port 'outport_data_rd_i[15]' is connected directly to output port 'inport_mmu_data_rd_o[15]'. (LINT-29)
Warning: In design 'riscv_mmu_arb', input port 'outport_data_rd_i[15]' is connected directly to output port 'inport_cpu_data_rd_o[15]'. (LINT-29)
Warning: In design 'riscv_mmu_arb', input port 'outport_data_rd_i[14]' is connected directly to output port 'inport_mmu_data_rd_o[14]'. (LINT-29)
Warning: In design 'riscv_mmu_arb', input port 'outport_data_rd_i[14]' is connected directly to output port 'inport_cpu_data_rd_o[14]'. (LINT-29)
Warning: In design 'riscv_mmu_arb', input port 'outport_data_rd_i[13]' is connected directly to output port 'inport_mmu_data_rd_o[13]'. (LINT-29)
Warning: In design 'riscv_mmu_arb', input port 'outport_data_rd_i[13]' is connected directly to output port 'inport_cpu_data_rd_o[13]'. (LINT-29)
Warning: In design 'riscv_mmu_arb', input port 'outport_data_rd_i[12]' is connected directly to output port 'inport_mmu_data_rd_o[12]'. (LINT-29)
Warning: In design 'riscv_mmu_arb', input port 'outport_data_rd_i[12]' is connected directly to output port 'inport_cpu_data_rd_o[12]'. (LINT-29)
Warning: In design 'riscv_mmu_arb', input port 'outport_data_rd_i[11]' is connected directly to output port 'inport_mmu_data_rd_o[11]'. (LINT-29)
Warning: In design 'riscv_mmu_arb', input port 'outport_data_rd_i[11]' is connected directly to output port 'inport_cpu_data_rd_o[11]'. (LINT-29)
Warning: In design 'riscv_mmu_arb', input port 'outport_data_rd_i[10]' is connected directly to output port 'inport_mmu_data_rd_o[10]'. (LINT-29)
Warning: In design 'riscv_mmu_arb', input port 'outport_data_rd_i[10]' is connected directly to output port 'inport_cpu_data_rd_o[10]'. (LINT-29)
Warning: In design 'riscv_mmu_arb', input port 'outport_data_rd_i[9]' is connected directly to output port 'inport_mmu_data_rd_o[9]'. (LINT-29)
Warning: In design 'riscv_mmu_arb', input port 'outport_data_rd_i[9]' is connected directly to output port 'inport_cpu_data_rd_o[9]'. (LINT-29)
Warning: In design 'riscv_mmu_arb', input port 'outport_data_rd_i[8]' is connected directly to output port 'inport_mmu_data_rd_o[8]'. (LINT-29)
Warning: In design 'riscv_mmu_arb', input port 'outport_data_rd_i[8]' is connected directly to output port 'inport_cpu_data_rd_o[8]'. (LINT-29)
Warning: In design 'riscv_mmu_arb', input port 'outport_data_rd_i[7]' is connected directly to output port 'inport_mmu_data_rd_o[7]'. (LINT-29)
Warning: In design 'riscv_mmu_arb', input port 'outport_data_rd_i[7]' is connected directly to output port 'inport_cpu_data_rd_o[7]'. (LINT-29)
Warning: In design 'riscv_mmu_arb', input port 'outport_data_rd_i[6]' is connected directly to output port 'inport_mmu_data_rd_o[6]'. (LINT-29)
Warning: In design 'riscv_mmu_arb', input port 'outport_data_rd_i[6]' is connected directly to output port 'inport_cpu_data_rd_o[6]'. (LINT-29)
Warning: In design 'riscv_mmu_arb', input port 'outport_data_rd_i[5]' is connected directly to output port 'inport_mmu_data_rd_o[5]'. (LINT-29)
Warning: In design 'riscv_mmu_arb', input port 'outport_data_rd_i[5]' is connected directly to output port 'inport_cpu_data_rd_o[5]'. (LINT-29)
Warning: In design 'riscv_mmu_arb', input port 'outport_data_rd_i[4]' is connected directly to output port 'inport_mmu_data_rd_o[4]'. (LINT-29)
Warning: In design 'riscv_mmu_arb', input port 'outport_data_rd_i[4]' is connected directly to output port 'inport_cpu_data_rd_o[4]'. (LINT-29)
Warning: In design 'riscv_mmu_arb', input port 'outport_data_rd_i[3]' is connected directly to output port 'inport_mmu_data_rd_o[3]'. (LINT-29)
Warning: In design 'riscv_mmu_arb', input port 'outport_data_rd_i[3]' is connected directly to output port 'inport_cpu_data_rd_o[3]'. (LINT-29)
Warning: In design 'riscv_mmu_arb', input port 'outport_data_rd_i[2]' is connected directly to output port 'inport_mmu_data_rd_o[2]'. (LINT-29)
Warning: In design 'riscv_mmu_arb', input port 'outport_data_rd_i[2]' is connected directly to output port 'inport_cpu_data_rd_o[2]'. (LINT-29)
Warning: In design 'riscv_mmu_arb', input port 'outport_data_rd_i[1]' is connected directly to output port 'inport_mmu_data_rd_o[1]'. (LINT-29)
Warning: In design 'riscv_mmu_arb', input port 'outport_data_rd_i[1]' is connected directly to output port 'inport_cpu_data_rd_o[1]'. (LINT-29)
Warning: In design 'riscv_mmu_arb', input port 'outport_data_rd_i[0]' is connected directly to output port 'inport_mmu_data_rd_o[0]'. (LINT-29)
Warning: In design 'riscv_mmu_arb', input port 'outport_data_rd_i[0]' is connected directly to output port 'inport_cpu_data_rd_o[0]'. (LINT-29)
Warning: In design 'riscv_mmu_arb', input port 'outport_resp_tag_i[10]' is connected directly to output port 'inport_mmu_resp_tag_o[10]'. (LINT-29)
Warning: In design 'riscv_mmu_arb', input port 'outport_resp_tag_i[10]' is connected directly to output port 'inport_cpu_resp_tag_o[10]'. (LINT-29)
Warning: In design 'riscv_mmu_arb', input port 'outport_resp_tag_i[9]' is connected directly to output port 'inport_mmu_resp_tag_o[9]'. (LINT-29)
Warning: In design 'riscv_mmu_arb', input port 'outport_resp_tag_i[9]' is connected directly to output port 'inport_cpu_resp_tag_o[9]'. (LINT-29)
Warning: In design 'riscv_mmu_arb', input port 'outport_resp_tag_i[8]' is connected directly to output port 'inport_mmu_resp_tag_o[8]'. (LINT-29)
Warning: In design 'riscv_mmu_arb', input port 'outport_resp_tag_i[8]' is connected directly to output port 'inport_cpu_resp_tag_o[8]'. (LINT-29)
Warning: In design 'riscv_mmu_arb', input port 'outport_resp_tag_i[7]' is connected directly to output port 'inport_mmu_resp_tag_o[7]'. (LINT-29)
Warning: In design 'riscv_mmu_arb', input port 'outport_resp_tag_i[7]' is connected directly to output port 'inport_cpu_resp_tag_o[7]'. (LINT-29)
Warning: In design 'riscv_mmu_arb', input port 'outport_resp_tag_i[6]' is connected directly to output port 'inport_mmu_resp_tag_o[6]'. (LINT-29)
Warning: In design 'riscv_mmu_arb', input port 'outport_resp_tag_i[6]' is connected directly to output port 'inport_cpu_resp_tag_o[6]'. (LINT-29)
Warning: In design 'riscv_mmu_arb', input port 'outport_resp_tag_i[5]' is connected directly to output port 'inport_mmu_resp_tag_o[5]'. (LINT-29)
Warning: In design 'riscv_mmu_arb', input port 'outport_resp_tag_i[5]' is connected directly to output port 'inport_cpu_resp_tag_o[5]'. (LINT-29)
Warning: In design 'riscv_mmu_arb', input port 'outport_resp_tag_i[4]' is connected directly to output port 'inport_mmu_resp_tag_o[4]'. (LINT-29)
Warning: In design 'riscv_mmu_arb', input port 'outport_resp_tag_i[4]' is connected directly to output port 'inport_cpu_resp_tag_o[4]'. (LINT-29)
Warning: In design 'riscv_mmu_arb', input port 'outport_resp_tag_i[3]' is connected directly to output port 'inport_mmu_resp_tag_o[3]'. (LINT-29)
Warning: In design 'riscv_mmu_arb', input port 'outport_resp_tag_i[3]' is connected directly to output port 'inport_cpu_resp_tag_o[3]'. (LINT-29)
Warning: In design 'riscv_mmu_arb', input port 'outport_resp_tag_i[2]' is connected directly to output port 'inport_mmu_resp_tag_o[2]'. (LINT-29)
Warning: In design 'riscv_mmu_arb', input port 'outport_resp_tag_i[2]' is connected directly to output port 'inport_cpu_resp_tag_o[2]'. (LINT-29)
Warning: In design 'riscv_mmu_arb', input port 'outport_resp_tag_i[1]' is connected directly to output port 'inport_mmu_resp_tag_o[1]'. (LINT-29)
Warning: In design 'riscv_mmu_arb', input port 'outport_resp_tag_i[1]' is connected directly to output port 'inport_cpu_resp_tag_o[1]'. (LINT-29)
Warning: In design 'riscv_mmu_arb', input port 'outport_resp_tag_i[0]' is connected directly to output port 'inport_mmu_resp_tag_o[0]'. (LINT-29)
Warning: In design 'riscv_mmu_arb', input port 'outport_resp_tag_i[0]' is connected directly to output port 'inport_cpu_resp_tag_o[0]'. (LINT-29)
Warning: In design 'riscv_lsu', input port 'mmu_load_fault_i' is connected directly to output port 'fault_page_load_o'. (LINT-29)
Warning: In design 'riscv_lsu', input port 'mmu_store_fault_i' is connected directly to output port 'fault_page_store_o'. (LINT-29)
Warning: In design 'axi4lite_axi4_conv', output port 'outport_awid_o[3]' is connected directly to output port 'outport_arburst_o[1]'. (LINT-31)
Warning: In design 'axi4lite_axi4_conv', output port 'outport_awid_o[3]' is connected directly to output port 'outport_awburst_o[1]'. (LINT-31)
Warning: In design 'axi4lite_axi4_conv', output port 'outport_awid_o[3]' is connected directly to output port 'outport_arlen_o[0]'. (LINT-31)
Warning: In design 'axi4lite_axi4_conv', output port 'outport_awid_o[3]' is connected directly to output port 'outport_arlen_o[1]'. (LINT-31)
Warning: In design 'axi4lite_axi4_conv', output port 'outport_awid_o[3]' is connected directly to output port 'outport_arlen_o[2]'. (LINT-31)
Warning: In design 'axi4lite_axi4_conv', output port 'outport_awid_o[3]' is connected directly to output port 'outport_arlen_o[3]'. (LINT-31)
Warning: In design 'axi4lite_axi4_conv', output port 'outport_awid_o[3]' is connected directly to output port 'outport_arlen_o[4]'. (LINT-31)
Warning: In design 'axi4lite_axi4_conv', output port 'outport_awid_o[3]' is connected directly to output port 'outport_arlen_o[5]'. (LINT-31)
Warning: In design 'axi4lite_axi4_conv', output port 'outport_awid_o[3]' is connected directly to output port 'outport_arlen_o[6]'. (LINT-31)
Warning: In design 'axi4lite_axi4_conv', output port 'outport_awid_o[3]' is connected directly to output port 'outport_arlen_o[7]'. (LINT-31)
Warning: In design 'axi4lite_axi4_conv', output port 'outport_awid_o[3]' is connected directly to output port 'outport_awlen_o[0]'. (LINT-31)
Warning: In design 'axi4lite_axi4_conv', output port 'outport_awid_o[3]' is connected directly to output port 'outport_awlen_o[1]'. (LINT-31)
Warning: In design 'axi4lite_axi4_conv', output port 'outport_awid_o[3]' is connected directly to output port 'outport_awlen_o[2]'. (LINT-31)
Warning: In design 'axi4lite_axi4_conv', output port 'outport_awid_o[3]' is connected directly to output port 'outport_awlen_o[3]'. (LINT-31)
Warning: In design 'axi4lite_axi4_conv', output port 'outport_awid_o[3]' is connected directly to output port 'outport_awlen_o[4]'. (LINT-31)
Warning: In design 'axi4lite_axi4_conv', output port 'outport_awid_o[3]' is connected directly to output port 'outport_awlen_o[5]'. (LINT-31)
Warning: In design 'axi4lite_axi4_conv', output port 'outport_awid_o[3]' is connected directly to output port 'outport_awlen_o[6]'. (LINT-31)
Warning: In design 'axi4lite_axi4_conv', output port 'outport_awid_o[3]' is connected directly to output port 'outport_awlen_o[7]'. (LINT-31)
Warning: In design 'axi4lite_axi4_conv', output port 'outport_awid_o[3]' is connected directly to output port 'outport_arid_o[0]'. (LINT-31)
Warning: In design 'axi4lite_axi4_conv', output port 'outport_awid_o[3]' is connected directly to output port 'outport_arid_o[1]'. (LINT-31)
Warning: In design 'axi4lite_axi4_conv', output port 'outport_awid_o[3]' is connected directly to output port 'outport_arid_o[2]'. (LINT-31)
Warning: In design 'axi4lite_axi4_conv', output port 'outport_awid_o[3]' is connected directly to output port 'outport_arid_o[3]'. (LINT-31)
Warning: In design 'axi4lite_axi4_conv', output port 'outport_awid_o[3]' is connected directly to output port 'outport_awid_o[0]'. (LINT-31)
Warning: In design 'axi4lite_axi4_conv', output port 'outport_awid_o[3]' is connected directly to output port 'outport_awid_o[1]'. (LINT-31)
Warning: In design 'axi4lite_axi4_conv', output port 'outport_awid_o[3]' is connected directly to output port 'outport_awid_o[2]'. (LINT-31)
Warning: In design 'axi4lite_axi4_conv', output port 'outport_awburst_o[0]' is connected directly to output port 'outport_wlast_o'. (LINT-31)
Warning: In design 'axi4lite_axi4_conv', output port 'outport_awburst_o[0]' is connected directly to output port 'outport_arburst_o[0]'. (LINT-31)
Warning: In design 'dport_bridge', output port 'axi_awaddr_o[31]' is connected directly to output port 'axi_araddr_o[31]'. (LINT-31)
Warning: In design 'dport_bridge', output port 'axi_awaddr_o[30]' is connected directly to output port 'axi_araddr_o[30]'. (LINT-31)
Warning: In design 'dport_bridge', output port 'axi_awaddr_o[29]' is connected directly to output port 'axi_araddr_o[29]'. (LINT-31)
Warning: In design 'dport_bridge', output port 'axi_awaddr_o[28]' is connected directly to output port 'axi_araddr_o[28]'. (LINT-31)
Warning: In design 'dport_bridge', output port 'axi_awaddr_o[27]' is connected directly to output port 'axi_araddr_o[27]'. (LINT-31)
Warning: In design 'dport_bridge', output port 'axi_awaddr_o[26]' is connected directly to output port 'axi_araddr_o[26]'. (LINT-31)
Warning: In design 'dport_bridge', output port 'axi_awaddr_o[25]' is connected directly to output port 'axi_araddr_o[25]'. (LINT-31)
Warning: In design 'dport_bridge', output port 'axi_awaddr_o[24]' is connected directly to output port 'axi_araddr_o[24]'. (LINT-31)
Warning: In design 'dport_bridge', output port 'axi_awaddr_o[23]' is connected directly to output port 'axi_araddr_o[23]'. (LINT-31)
Warning: In design 'dport_bridge', output port 'axi_awaddr_o[22]' is connected directly to output port 'axi_araddr_o[22]'. (LINT-31)
Warning: In design 'dport_bridge', output port 'axi_awaddr_o[21]' is connected directly to output port 'axi_araddr_o[21]'. (LINT-31)
Warning: In design 'dport_bridge', output port 'axi_awaddr_o[20]' is connected directly to output port 'axi_araddr_o[20]'. (LINT-31)
Warning: In design 'dport_bridge', output port 'axi_awaddr_o[19]' is connected directly to output port 'axi_araddr_o[19]'. (LINT-31)
Warning: In design 'dport_bridge', output port 'axi_awaddr_o[18]' is connected directly to output port 'axi_araddr_o[18]'. (LINT-31)
Warning: In design 'dport_bridge', output port 'axi_awaddr_o[17]' is connected directly to output port 'axi_araddr_o[17]'. (LINT-31)
Warning: In design 'dport_bridge', output port 'axi_awaddr_o[16]' is connected directly to output port 'axi_araddr_o[16]'. (LINT-31)
Warning: In design 'dport_bridge', output port 'axi_awaddr_o[15]' is connected directly to output port 'axi_araddr_o[15]'. (LINT-31)
Warning: In design 'dport_bridge', output port 'axi_awaddr_o[14]' is connected directly to output port 'axi_araddr_o[14]'. (LINT-31)
Warning: In design 'dport_bridge', output port 'axi_awaddr_o[13]' is connected directly to output port 'axi_araddr_o[13]'. (LINT-31)
Warning: In design 'dport_bridge', output port 'axi_awaddr_o[12]' is connected directly to output port 'axi_araddr_o[12]'. (LINT-31)
Warning: In design 'dport_bridge', output port 'axi_awaddr_o[11]' is connected directly to output port 'axi_araddr_o[11]'. (LINT-31)
Warning: In design 'dport_bridge', output port 'axi_awaddr_o[10]' is connected directly to output port 'axi_araddr_o[10]'. (LINT-31)
Warning: In design 'dport_bridge', output port 'axi_awaddr_o[9]' is connected directly to output port 'axi_araddr_o[9]'. (LINT-31)
Warning: In design 'dport_bridge', output port 'axi_awaddr_o[8]' is connected directly to output port 'axi_araddr_o[8]'. (LINT-31)
Warning: In design 'dport_bridge', output port 'axi_awaddr_o[7]' is connected directly to output port 'axi_araddr_o[7]'. (LINT-31)
Warning: In design 'dport_bridge', output port 'axi_awaddr_o[6]' is connected directly to output port 'axi_araddr_o[6]'. (LINT-31)
Warning: In design 'dport_bridge', output port 'axi_awaddr_o[5]' is connected directly to output port 'axi_araddr_o[5]'. (LINT-31)
Warning: In design 'dport_bridge', output port 'axi_awaddr_o[4]' is connected directly to output port 'axi_araddr_o[4]'. (LINT-31)
Warning: In design 'dport_bridge', output port 'axi_awaddr_o[3]' is connected directly to output port 'axi_araddr_o[3]'. (LINT-31)
Warning: In design 'dport_bridge', output port 'axi_awaddr_o[2]' is connected directly to output port 'axi_araddr_o[2]'. (LINT-31)
Warning: In design 'dport_bridge', output port 'axi_awaddr_o[1]' is connected directly to output port 'axi_arburst_o[1]'. (LINT-31)
Warning: In design 'dport_bridge', output port 'axi_awaddr_o[1]' is connected directly to output port 'axi_arlen_o[0]'. (LINT-31)
Warning: In design 'dport_bridge', output port 'axi_awaddr_o[1]' is connected directly to output port 'axi_arlen_o[1]'. (LINT-31)
Warning: In design 'dport_bridge', output port 'axi_awaddr_o[1]' is connected directly to output port 'axi_arlen_o[2]'. (LINT-31)
Warning: In design 'dport_bridge', output port 'axi_awaddr_o[1]' is connected directly to output port 'axi_arlen_o[3]'. (LINT-31)
Warning: In design 'dport_bridge', output port 'axi_awaddr_o[1]' is connected directly to output port 'axi_arlen_o[4]'. (LINT-31)
Warning: In design 'dport_bridge', output port 'axi_awaddr_o[1]' is connected directly to output port 'axi_arlen_o[5]'. (LINT-31)
Warning: In design 'dport_bridge', output port 'axi_awaddr_o[1]' is connected directly to output port 'axi_arlen_o[6]'. (LINT-31)
Warning: In design 'dport_bridge', output port 'axi_awaddr_o[1]' is connected directly to output port 'axi_arlen_o[7]'. (LINT-31)
Warning: In design 'dport_bridge', output port 'axi_awaddr_o[1]' is connected directly to output port 'axi_arid_o[0]'. (LINT-31)
Warning: In design 'dport_bridge', output port 'axi_awaddr_o[1]' is connected directly to output port 'axi_arid_o[1]'. (LINT-31)
Warning: In design 'dport_bridge', output port 'axi_awaddr_o[1]' is connected directly to output port 'axi_arid_o[3]'. (LINT-31)
Warning: In design 'dport_bridge', output port 'axi_awaddr_o[1]' is connected directly to output port 'axi_araddr_o[0]'. (LINT-31)
Warning: In design 'dport_bridge', output port 'axi_awaddr_o[1]' is connected directly to output port 'axi_araddr_o[1]'. (LINT-31)
Warning: In design 'dport_bridge', output port 'axi_awaddr_o[1]' is connected directly to output port 'axi_awburst_o[1]'. (LINT-31)
Warning: In design 'dport_bridge', output port 'axi_awaddr_o[1]' is connected directly to output port 'axi_awlen_o[0]'. (LINT-31)
Warning: In design 'dport_bridge', output port 'axi_awaddr_o[1]' is connected directly to output port 'axi_awlen_o[1]'. (LINT-31)
Warning: In design 'dport_bridge', output port 'axi_awaddr_o[1]' is connected directly to output port 'axi_awlen_o[2]'. (LINT-31)
Warning: In design 'dport_bridge', output port 'axi_awaddr_o[1]' is connected directly to output port 'axi_awlen_o[3]'. (LINT-31)
Warning: In design 'dport_bridge', output port 'axi_awaddr_o[1]' is connected directly to output port 'axi_awlen_o[4]'. (LINT-31)
Warning: In design 'dport_bridge', output port 'axi_awaddr_o[1]' is connected directly to output port 'axi_awlen_o[5]'. (LINT-31)
Warning: In design 'dport_bridge', output port 'axi_awaddr_o[1]' is connected directly to output port 'axi_awlen_o[6]'. (LINT-31)
Warning: In design 'dport_bridge', output port 'axi_awaddr_o[1]' is connected directly to output port 'axi_awlen_o[7]'. (LINT-31)
Warning: In design 'dport_bridge', output port 'axi_awaddr_o[1]' is connected directly to output port 'axi_awid_o[0]'. (LINT-31)
Warning: In design 'dport_bridge', output port 'axi_awaddr_o[1]' is connected directly to output port 'axi_awid_o[1]'. (LINT-31)
Warning: In design 'dport_bridge', output port 'axi_awaddr_o[1]' is connected directly to output port 'axi_awid_o[3]'. (LINT-31)
Warning: In design 'dport_bridge', output port 'axi_awaddr_o[1]' is connected directly to output port 'axi_awaddr_o[0]'. (LINT-31)
Warning: In design 'dport_bridge', output port 'axi_awid_o[2]' is connected directly to output port 'axi_rready_o'. (LINT-31)
Warning: In design 'dport_bridge', output port 'axi_awid_o[2]' is connected directly to output port 'axi_arburst_o[0]'. (LINT-31)
Warning: In design 'dport_bridge', output port 'axi_awid_o[2]' is connected directly to output port 'axi_arid_o[2]'. (LINT-31)
Warning: In design 'dport_bridge', output port 'axi_awid_o[2]' is connected directly to output port 'axi_bready_o'. (LINT-31)
Warning: In design 'dport_bridge', output port 'axi_awid_o[2]' is connected directly to output port 'axi_wlast_o'. (LINT-31)
Warning: In design 'dport_bridge', output port 'axi_awid_o[2]' is connected directly to output port 'axi_awburst_o[0]'. (LINT-31)
Warning: In design 'icache', output port 'axi_awvalid_o' is connected directly to output port 'axi_arlen_o[3]'. (LINT-31)
Warning: In design 'icache', output port 'axi_awvalid_o' is connected directly to output port 'axi_arlen_o[4]'. (LINT-31)
Warning: In design 'icache', output port 'axi_awvalid_o' is connected directly to output port 'axi_arlen_o[5]'. (LINT-31)
Warning: In design 'icache', output port 'axi_awvalid_o' is connected directly to output port 'axi_arlen_o[6]'. (LINT-31)
Warning: In design 'icache', output port 'axi_awvalid_o' is connected directly to output port 'axi_arlen_o[7]'. (LINT-31)
Warning: In design 'icache', output port 'axi_awvalid_o' is connected directly to output port 'axi_arid_o[0]'. (LINT-31)
Warning: In design 'icache', output port 'axi_awvalid_o' is connected directly to output port 'axi_arid_o[1]'. (LINT-31)
Warning: In design 'icache', output port 'axi_awvalid_o' is connected directly to output port 'axi_arid_o[2]'. (LINT-31)
Warning: In design 'icache', output port 'axi_awvalid_o' is connected directly to output port 'axi_arburst_o[1]'. (LINT-31)
Warning: In design 'icache', output port 'axi_awvalid_o' is connected directly to output port 'axi_araddr_o[0]'. (LINT-31)
Warning: In design 'icache', output port 'axi_awvalid_o' is connected directly to output port 'axi_araddr_o[1]'. (LINT-31)
Warning: In design 'icache', output port 'axi_awvalid_o' is connected directly to output port 'axi_araddr_o[2]'. (LINT-31)
Warning: In design 'icache', output port 'axi_awvalid_o' is connected directly to output port 'axi_araddr_o[3]'. (LINT-31)
Warning: In design 'icache', output port 'axi_awvalid_o' is connected directly to output port 'axi_araddr_o[4]'. (LINT-31)
Warning: In design 'icache', output port 'axi_awvalid_o' is connected directly to output port 'axi_bready_o'. (LINT-31)
Warning: In design 'icache', output port 'axi_awvalid_o' is connected directly to output port 'axi_wlast_o'. (LINT-31)
Warning: In design 'icache', output port 'axi_awvalid_o' is connected directly to output port 'axi_wstrb_o[0]'. (LINT-31)
Warning: In design 'icache', output port 'axi_awvalid_o' is connected directly to output port 'axi_wstrb_o[1]'. (LINT-31)
Warning: In design 'icache', output port 'axi_awvalid_o' is connected directly to output port 'axi_wstrb_o[2]'. (LINT-31)
Warning: In design 'icache', output port 'axi_awvalid_o' is connected directly to output port 'axi_wstrb_o[3]'. (LINT-31)
Warning: In design 'icache', output port 'axi_awvalid_o' is connected directly to output port 'axi_wdata_o[0]'. (LINT-31)
Warning: In design 'icache', output port 'axi_awvalid_o' is connected directly to output port 'axi_wdata_o[1]'. (LINT-31)
Warning: In design 'icache', output port 'axi_awvalid_o' is connected directly to output port 'axi_wdata_o[2]'. (LINT-31)
Warning: In design 'icache', output port 'axi_awvalid_o' is connected directly to output port 'axi_wdata_o[3]'. (LINT-31)
Warning: In design 'icache', output port 'axi_awvalid_o' is connected directly to output port 'axi_wdata_o[4]'. (LINT-31)
Warning: In design 'icache', output port 'axi_awvalid_o' is connected directly to output port 'axi_wdata_o[5]'. (LINT-31)
Warning: In design 'icache', output port 'axi_awvalid_o' is connected directly to output port 'axi_wdata_o[6]'. (LINT-31)
Warning: In design 'icache', output port 'axi_awvalid_o' is connected directly to output port 'axi_wdata_o[7]'. (LINT-31)
Warning: In design 'icache', output port 'axi_awvalid_o' is connected directly to output port 'axi_wdata_o[8]'. (LINT-31)
Warning: In design 'icache', output port 'axi_awvalid_o' is connected directly to output port 'axi_wdata_o[9]'. (LINT-31)
Warning: In design 'icache', output port 'axi_awvalid_o' is connected directly to output port 'axi_wdata_o[10]'. (LINT-31)
Warning: In design 'icache', output port 'axi_awvalid_o' is connected directly to output port 'axi_wdata_o[11]'. (LINT-31)
Warning: In design 'icache', output port 'axi_awvalid_o' is connected directly to output port 'axi_wdata_o[12]'. (LINT-31)
Warning: In design 'icache', output port 'axi_awvalid_o' is connected directly to output port 'axi_wdata_o[13]'. (LINT-31)
Warning: In design 'icache', output port 'axi_awvalid_o' is connected directly to output port 'axi_wdata_o[14]'. (LINT-31)
Warning: In design 'icache', output port 'axi_awvalid_o' is connected directly to output port 'axi_wdata_o[15]'. (LINT-31)
Warning: In design 'icache', output port 'axi_awvalid_o' is connected directly to output port 'axi_wdata_o[16]'. (LINT-31)
Warning: In design 'icache', output port 'axi_awvalid_o' is connected directly to output port 'axi_wdata_o[17]'. (LINT-31)
Warning: In design 'icache', output port 'axi_awvalid_o' is connected directly to output port 'axi_wdata_o[18]'. (LINT-31)
Warning: In design 'icache', output port 'axi_awvalid_o' is connected directly to output port 'axi_wdata_o[19]'. (LINT-31)
Warning: In design 'icache', output port 'axi_awvalid_o' is connected directly to output port 'axi_wdata_o[20]'. (LINT-31)
Warning: In design 'icache', output port 'axi_awvalid_o' is connected directly to output port 'axi_wdata_o[21]'. (LINT-31)
Warning: In design 'icache', output port 'axi_awvalid_o' is connected directly to output port 'axi_wdata_o[22]'. (LINT-31)
Warning: In design 'icache', output port 'axi_awvalid_o' is connected directly to output port 'axi_wdata_o[23]'. (LINT-31)
Warning: In design 'icache', output port 'axi_awvalid_o' is connected directly to output port 'axi_wdata_o[24]'. (LINT-31)
Warning: In design 'icache', output port 'axi_awvalid_o' is connected directly to output port 'axi_wdata_o[25]'. (LINT-31)
Warning: In design 'icache', output port 'axi_awvalid_o' is connected directly to output port 'axi_wdata_o[26]'. (LINT-31)
Warning: In design 'icache', output port 'axi_awvalid_o' is connected directly to output port 'axi_wdata_o[27]'. (LINT-31)
Warning: In design 'icache', output port 'axi_awvalid_o' is connected directly to output port 'axi_wdata_o[28]'. (LINT-31)
Warning: In design 'icache', output port 'axi_awvalid_o' is connected directly to output port 'axi_wdata_o[29]'. (LINT-31)
Warning: In design 'icache', output port 'axi_awvalid_o' is connected directly to output port 'axi_wdata_o[30]'. (LINT-31)
Warning: In design 'icache', output port 'axi_awvalid_o' is connected directly to output port 'axi_wdata_o[31]'. (LINT-31)
Warning: In design 'icache', output port 'axi_awvalid_o' is connected directly to output port 'axi_wvalid_o'. (LINT-31)
Warning: In design 'icache', output port 'axi_awvalid_o' is connected directly to output port 'axi_awburst_o[0]'. (LINT-31)
Warning: In design 'icache', output port 'axi_awvalid_o' is connected directly to output port 'axi_awburst_o[1]'. (LINT-31)
Warning: In design 'icache', output port 'axi_awvalid_o' is connected directly to output port 'axi_awlen_o[0]'. (LINT-31)
Warning: In design 'icache', output port 'axi_awvalid_o' is connected directly to output port 'axi_awlen_o[1]'. (LINT-31)
Warning: In design 'icache', output port 'axi_awvalid_o' is connected directly to output port 'axi_awlen_o[2]'. (LINT-31)
Warning: In design 'icache', output port 'axi_awvalid_o' is connected directly to output port 'axi_awlen_o[3]'. (LINT-31)
Warning: In design 'icache', output port 'axi_awvalid_o' is connected directly to output port 'axi_awlen_o[4]'. (LINT-31)
Warning: In design 'icache', output port 'axi_awvalid_o' is connected directly to output port 'axi_awlen_o[5]'. (LINT-31)
Warning: In design 'icache', output port 'axi_awvalid_o' is connected directly to output port 'axi_awlen_o[6]'. (LINT-31)
Warning: In design 'icache', output port 'axi_awvalid_o' is connected directly to output port 'axi_awlen_o[7]'. (LINT-31)
Warning: In design 'icache', output port 'axi_awvalid_o' is connected directly to output port 'axi_awid_o[0]'. (LINT-31)
Warning: In design 'icache', output port 'axi_awvalid_o' is connected directly to output port 'axi_awid_o[1]'. (LINT-31)
Warning: In design 'icache', output port 'axi_awvalid_o' is connected directly to output port 'axi_awid_o[2]'. (LINT-31)
Warning: In design 'icache', output port 'axi_awvalid_o' is connected directly to output port 'axi_awid_o[3]'. (LINT-31)
Warning: In design 'icache', output port 'axi_awvalid_o' is connected directly to output port 'axi_awaddr_o[0]'. (LINT-31)
Warning: In design 'icache', output port 'axi_awvalid_o' is connected directly to output port 'axi_awaddr_o[1]'. (LINT-31)
Warning: In design 'icache', output port 'axi_awvalid_o' is connected directly to output port 'axi_awaddr_o[2]'. (LINT-31)
Warning: In design 'icache', output port 'axi_awvalid_o' is connected directly to output port 'axi_awaddr_o[3]'. (LINT-31)
Warning: In design 'icache', output port 'axi_awvalid_o' is connected directly to output port 'axi_awaddr_o[4]'. (LINT-31)
Warning: In design 'icache', output port 'axi_awvalid_o' is connected directly to output port 'axi_awaddr_o[5]'. (LINT-31)
Warning: In design 'icache', output port 'axi_awvalid_o' is connected directly to output port 'axi_awaddr_o[6]'. (LINT-31)
Warning: In design 'icache', output port 'axi_awvalid_o' is connected directly to output port 'axi_awaddr_o[7]'. (LINT-31)
Warning: In design 'icache', output port 'axi_awvalid_o' is connected directly to output port 'axi_awaddr_o[8]'. (LINT-31)
Warning: In design 'icache', output port 'axi_awvalid_o' is connected directly to output port 'axi_awaddr_o[9]'. (LINT-31)
Warning: In design 'icache', output port 'axi_awvalid_o' is connected directly to output port 'axi_awaddr_o[10]'. (LINT-31)
Warning: In design 'icache', output port 'axi_awvalid_o' is connected directly to output port 'axi_awaddr_o[11]'. (LINT-31)
Warning: In design 'icache', output port 'axi_awvalid_o' is connected directly to output port 'axi_awaddr_o[12]'. (LINT-31)
Warning: In design 'icache', output port 'axi_awvalid_o' is connected directly to output port 'axi_awaddr_o[13]'. (LINT-31)
Warning: In design 'icache', output port 'axi_awvalid_o' is connected directly to output port 'axi_awaddr_o[14]'. (LINT-31)
Warning: In design 'icache', output port 'axi_awvalid_o' is connected directly to output port 'axi_awaddr_o[15]'. (LINT-31)
Warning: In design 'icache', output port 'axi_awvalid_o' is connected directly to output port 'axi_awaddr_o[16]'. (LINT-31)
Warning: In design 'icache', output port 'axi_awvalid_o' is connected directly to output port 'axi_awaddr_o[17]'. (LINT-31)
Warning: In design 'icache', output port 'axi_awvalid_o' is connected directly to output port 'axi_awaddr_o[18]'. (LINT-31)
Warning: In design 'icache', output port 'axi_awvalid_o' is connected directly to output port 'axi_awaddr_o[19]'. (LINT-31)
Warning: In design 'icache', output port 'axi_awvalid_o' is connected directly to output port 'axi_awaddr_o[20]'. (LINT-31)
Warning: In design 'icache', output port 'axi_awvalid_o' is connected directly to output port 'axi_awaddr_o[21]'. (LINT-31)
Warning: In design 'icache', output port 'axi_awvalid_o' is connected directly to output port 'axi_awaddr_o[22]'. (LINT-31)
Warning: In design 'icache', output port 'axi_awvalid_o' is connected directly to output port 'axi_awaddr_o[23]'. (LINT-31)
Warning: In design 'icache', output port 'axi_awvalid_o' is connected directly to output port 'axi_awaddr_o[24]'. (LINT-31)
Warning: In design 'icache', output port 'axi_awvalid_o' is connected directly to output port 'axi_awaddr_o[25]'. (LINT-31)
Warning: In design 'icache', output port 'axi_awvalid_o' is connected directly to output port 'axi_awaddr_o[26]'. (LINT-31)
Warning: In design 'icache', output port 'axi_awvalid_o' is connected directly to output port 'axi_awaddr_o[27]'. (LINT-31)
Warning: In design 'icache', output port 'axi_awvalid_o' is connected directly to output port 'axi_awaddr_o[28]'. (LINT-31)
Warning: In design 'icache', output port 'axi_awvalid_o' is connected directly to output port 'axi_awaddr_o[29]'. (LINT-31)
Warning: In design 'icache', output port 'axi_awvalid_o' is connected directly to output port 'axi_awaddr_o[30]'. (LINT-31)
Warning: In design 'icache', output port 'axi_awvalid_o' is connected directly to output port 'axi_awaddr_o[31]'. (LINT-31)
Warning: In design 'icache', output port 'axi_arid_o[3]' is connected directly to output port 'axi_rready_o'. (LINT-31)
Warning: In design 'icache', output port 'axi_arid_o[3]' is connected directly to output port 'axi_arlen_o[0]'. (LINT-31)
Warning: In design 'icache', output port 'axi_arid_o[3]' is connected directly to output port 'axi_arlen_o[1]'. (LINT-31)
Warning: In design 'icache', output port 'axi_arid_o[3]' is connected directly to output port 'axi_arlen_o[2]'. (LINT-31)
Warning: In design 'icache', output port 'axi_arid_o[3]' is connected directly to output port 'axi_arburst_o[0]'. (LINT-31)
Warning: In design 'irq_ctrl', output port 'cfg_awready_o' is connected directly to output port 'cfg_wready_o'. (LINT-31)
Warning: In design 'irq_ctrl', output port 'cfg_bresp_o[1]' is connected directly to output port 'cfg_bresp_o[0]'. (LINT-31)
Warning: In design 'irq_ctrl', output port 'cfg_bresp_o[1]' is connected directly to output port 'cfg_rresp_o[0]'. (LINT-31)
Warning: In design 'irq_ctrl', output port 'cfg_bresp_o[1]' is connected directly to output port 'cfg_rresp_o[1]'. (LINT-31)
Warning: In design 'uart_lite', output port 'cfg_awready_o' is connected directly to output port 'cfg_wready_o'. (LINT-31)
Warning: In design 'uart_lite', output port 'cfg_bresp_o[1]' is connected directly to output port 'cfg_bresp_o[0]'. (LINT-31)
Warning: In design 'uart_lite', output port 'cfg_bresp_o[1]' is connected directly to output port 'cfg_rresp_o[0]'. (LINT-31)
Warning: In design 'uart_lite', output port 'cfg_bresp_o[1]' is connected directly to output port 'cfg_rresp_o[1]'. (LINT-31)
Warning: In design 'timer', output port 'cfg_awready_o' is connected directly to output port 'cfg_wready_o'. (LINT-31)
Warning: In design 'timer', output port 'cfg_bresp_o[1]' is connected directly to output port 'cfg_bresp_o[0]'. (LINT-31)
Warning: In design 'timer', output port 'cfg_bresp_o[1]' is connected directly to output port 'cfg_rresp_o[0]'. (LINT-31)
Warning: In design 'timer', output port 'cfg_bresp_o[1]' is connected directly to output port 'cfg_rresp_o[1]'. (LINT-31)
Warning: In design 'axi4_lite_tap', output port 'outport_awaddr_o[31]' is connected directly to output port 'outport_peripheral4_awaddr_o[31]'. (LINT-31)
Warning: In design 'axi4_lite_tap', output port 'outport_awaddr_o[31]' is connected directly to output port 'outport_peripheral3_awaddr_o[31]'. (LINT-31)
Warning: In design 'axi4_lite_tap', output port 'outport_awaddr_o[31]' is connected directly to output port 'outport_peripheral2_awaddr_o[31]'. (LINT-31)
Warning: In design 'axi4_lite_tap', output port 'outport_awaddr_o[31]' is connected directly to output port 'outport_peripheral1_awaddr_o[31]'. (LINT-31)
Warning: In design 'axi4_lite_tap', output port 'outport_awaddr_o[31]' is connected directly to output port 'outport_peripheral0_awaddr_o[31]'. (LINT-31)
Warning: In design 'axi4_lite_tap', output port 'outport_awaddr_o[30]' is connected directly to output port 'outport_peripheral4_awaddr_o[30]'. (LINT-31)
Warning: In design 'axi4_lite_tap', output port 'outport_awaddr_o[30]' is connected directly to output port 'outport_peripheral3_awaddr_o[30]'. (LINT-31)
Warning: In design 'axi4_lite_tap', output port 'outport_awaddr_o[30]' is connected directly to output port 'outport_peripheral2_awaddr_o[30]'. (LINT-31)
Warning: In design 'axi4_lite_tap', output port 'outport_awaddr_o[30]' is connected directly to output port 'outport_peripheral1_awaddr_o[30]'. (LINT-31)
Warning: In design 'axi4_lite_tap', output port 'outport_awaddr_o[30]' is connected directly to output port 'outport_peripheral0_awaddr_o[30]'. (LINT-31)
Warning: In design 'axi4_lite_tap', output port 'outport_awaddr_o[29]' is connected directly to output port 'outport_peripheral4_awaddr_o[29]'. (LINT-31)
Warning: In design 'axi4_lite_tap', output port 'outport_awaddr_o[29]' is connected directly to output port 'outport_peripheral3_awaddr_o[29]'. (LINT-31)
Warning: In design 'axi4_lite_tap', output port 'outport_awaddr_o[29]' is connected directly to output port 'outport_peripheral2_awaddr_o[29]'. (LINT-31)
Warning: In design 'axi4_lite_tap', output port 'outport_awaddr_o[29]' is connected directly to output port 'outport_peripheral1_awaddr_o[29]'. (LINT-31)
Warning: In design 'axi4_lite_tap', output port 'outport_awaddr_o[29]' is connected directly to output port 'outport_peripheral0_awaddr_o[29]'. (LINT-31)
Warning: In design 'axi4_lite_tap', output port 'outport_awaddr_o[28]' is connected directly to output port 'outport_peripheral4_awaddr_o[28]'. (LINT-31)
Warning: In design 'axi4_lite_tap', output port 'outport_awaddr_o[28]' is connected directly to output port 'outport_peripheral3_awaddr_o[28]'. (LINT-31)
Warning: In design 'axi4_lite_tap', output port 'outport_awaddr_o[28]' is connected directly to output port 'outport_peripheral2_awaddr_o[28]'. (LINT-31)
Warning: In design 'axi4_lite_tap', output port 'outport_awaddr_o[28]' is connected directly to output port 'outport_peripheral1_awaddr_o[28]'. (LINT-31)
Warning: In design 'axi4_lite_tap', output port 'outport_awaddr_o[28]' is connected directly to output port 'outport_peripheral0_awaddr_o[28]'. (LINT-31)
Warning: In design 'axi4_lite_tap', output port 'outport_awaddr_o[27]' is connected directly to output port 'outport_peripheral4_awaddr_o[27]'. (LINT-31)
Warning: In design 'axi4_lite_tap', output port 'outport_awaddr_o[27]' is connected directly to output port 'outport_peripheral3_awaddr_o[27]'. (LINT-31)
Warning: In design 'axi4_lite_tap', output port 'outport_awaddr_o[27]' is connected directly to output port 'outport_peripheral2_awaddr_o[27]'. (LINT-31)
Warning: In design 'axi4_lite_tap', output port 'outport_awaddr_o[27]' is connected directly to output port 'outport_peripheral1_awaddr_o[27]'. (LINT-31)
Warning: In design 'axi4_lite_tap', output port 'outport_awaddr_o[27]' is connected directly to output port 'outport_peripheral0_awaddr_o[27]'. (LINT-31)
Warning: In design 'axi4_lite_tap', output port 'outport_awaddr_o[26]' is connected directly to output port 'outport_peripheral4_awaddr_o[26]'. (LINT-31)
Warning: In design 'axi4_lite_tap', output port 'outport_awaddr_o[26]' is connected directly to output port 'outport_peripheral3_awaddr_o[26]'. (LINT-31)
Warning: In design 'axi4_lite_tap', output port 'outport_awaddr_o[26]' is connected directly to output port 'outport_peripheral2_awaddr_o[26]'. (LINT-31)
Warning: In design 'axi4_lite_tap', output port 'outport_awaddr_o[26]' is connected directly to output port 'outport_peripheral1_awaddr_o[26]'. (LINT-31)
Warning: In design 'axi4_lite_tap', output port 'outport_awaddr_o[26]' is connected directly to output port 'outport_peripheral0_awaddr_o[26]'. (LINT-31)
Warning: In design 'axi4_lite_tap', output port 'outport_awaddr_o[25]' is connected directly to output port 'outport_peripheral4_awaddr_o[25]'. (LINT-31)
Warning: In design 'axi4_lite_tap', output port 'outport_awaddr_o[25]' is connected directly to output port 'outport_peripheral3_awaddr_o[25]'. (LINT-31)
Warning: In design 'axi4_lite_tap', output port 'outport_awaddr_o[25]' is connected directly to output port 'outport_peripheral2_awaddr_o[25]'. (LINT-31)
Warning: In design 'axi4_lite_tap', output port 'outport_awaddr_o[25]' is connected directly to output port 'outport_peripheral1_awaddr_o[25]'. (LINT-31)
Warning: In design 'axi4_lite_tap', output port 'outport_awaddr_o[25]' is connected directly to output port 'outport_peripheral0_awaddr_o[25]'. (LINT-31)
Warning: In design 'axi4_lite_tap', output port 'outport_awaddr_o[24]' is connected directly to output port 'outport_peripheral4_awaddr_o[24]'. (LINT-31)
Warning: In design 'axi4_lite_tap', output port 'outport_awaddr_o[24]' is connected directly to output port 'outport_peripheral3_awaddr_o[24]'. (LINT-31)
Warning: In design 'axi4_lite_tap', output port 'outport_awaddr_o[24]' is connected directly to output port 'outport_peripheral2_awaddr_o[24]'. (LINT-31)
Warning: In design 'axi4_lite_tap', output port 'outport_awaddr_o[24]' is connected directly to output port 'outport_peripheral1_awaddr_o[24]'. (LINT-31)
Warning: In design 'axi4_lite_tap', output port 'outport_awaddr_o[24]' is connected directly to output port 'outport_peripheral0_awaddr_o[24]'. (LINT-31)
Warning: In design 'axi4_lite_tap', output port 'outport_awaddr_o[23]' is connected directly to output port 'outport_peripheral4_awaddr_o[23]'. (LINT-31)
Warning: In design 'axi4_lite_tap', output port 'outport_awaddr_o[23]' is connected directly to output port 'outport_peripheral3_awaddr_o[23]'. (LINT-31)
Warning: In design 'axi4_lite_tap', output port 'outport_awaddr_o[23]' is connected directly to output port 'outport_peripheral2_awaddr_o[23]'. (LINT-31)
Warning: In design 'axi4_lite_tap', output port 'outport_awaddr_o[23]' is connected directly to output port 'outport_peripheral1_awaddr_o[23]'. (LINT-31)
Warning: In design 'axi4_lite_tap', output port 'outport_awaddr_o[23]' is connected directly to output port 'outport_peripheral0_awaddr_o[23]'. (LINT-31)
Warning: In design 'axi4_lite_tap', output port 'outport_awaddr_o[22]' is connected directly to output port 'outport_peripheral4_awaddr_o[22]'. (LINT-31)
Warning: In design 'axi4_lite_tap', output port 'outport_awaddr_o[22]' is connected directly to output port 'outport_peripheral3_awaddr_o[22]'. (LINT-31)
Warning: In design 'axi4_lite_tap', output port 'outport_awaddr_o[22]' is connected directly to output port 'outport_peripheral2_awaddr_o[22]'. (LINT-31)
Warning: In design 'axi4_lite_tap', output port 'outport_awaddr_o[22]' is connected directly to output port 'outport_peripheral1_awaddr_o[22]'. (LINT-31)
Warning: In design 'axi4_lite_tap', output port 'outport_awaddr_o[22]' is connected directly to output port 'outport_peripheral0_awaddr_o[22]'. (LINT-31)
Warning: In design 'axi4_lite_tap', output port 'outport_awaddr_o[21]' is connected directly to output port 'outport_peripheral4_awaddr_o[21]'. (LINT-31)
Warning: In design 'axi4_lite_tap', output port 'outport_awaddr_o[21]' is connected directly to output port 'outport_peripheral3_awaddr_o[21]'. (LINT-31)
Warning: In design 'axi4_lite_tap', output port 'outport_awaddr_o[21]' is connected directly to output port 'outport_peripheral2_awaddr_o[21]'. (LINT-31)
Warning: In design 'axi4_lite_tap', output port 'outport_awaddr_o[21]' is connected directly to output port 'outport_peripheral1_awaddr_o[21]'. (LINT-31)
Warning: In design 'axi4_lite_tap', output port 'outport_awaddr_o[21]' is connected directly to output port 'outport_peripheral0_awaddr_o[21]'. (LINT-31)
Warning: In design 'axi4_lite_tap', output port 'outport_awaddr_o[20]' is connected directly to output port 'outport_peripheral4_awaddr_o[20]'. (LINT-31)
Warning: In design 'axi4_lite_tap', output port 'outport_awaddr_o[20]' is connected directly to output port 'outport_peripheral3_awaddr_o[20]'. (LINT-31)
Warning: In design 'axi4_lite_tap', output port 'outport_awaddr_o[20]' is connected directly to output port 'outport_peripheral2_awaddr_o[20]'. (LINT-31)
Warning: In design 'axi4_lite_tap', output port 'outport_awaddr_o[20]' is connected directly to output port 'outport_peripheral1_awaddr_o[20]'. (LINT-31)
Warning: In design 'axi4_lite_tap', output port 'outport_awaddr_o[20]' is connected directly to output port 'outport_peripheral0_awaddr_o[20]'. (LINT-31)
Warning: In design 'axi4_lite_tap', output port 'outport_awaddr_o[19]' is connected directly to output port 'outport_peripheral4_awaddr_o[19]'. (LINT-31)
Warning: In design 'axi4_lite_tap', output port 'outport_awaddr_o[19]' is connected directly to output port 'outport_peripheral3_awaddr_o[19]'. (LINT-31)
Warning: In design 'axi4_lite_tap', output port 'outport_awaddr_o[19]' is connected directly to output port 'outport_peripheral2_awaddr_o[19]'. (LINT-31)
Warning: In design 'axi4_lite_tap', output port 'outport_awaddr_o[19]' is connected directly to output port 'outport_peripheral1_awaddr_o[19]'. (LINT-31)
Warning: In design 'axi4_lite_tap', output port 'outport_awaddr_o[19]' is connected directly to output port 'outport_peripheral0_awaddr_o[19]'. (LINT-31)
Warning: In design 'axi4_lite_tap', output port 'outport_awaddr_o[18]' is connected directly to output port 'outport_peripheral4_awaddr_o[18]'. (LINT-31)
Warning: In design 'axi4_lite_tap', output port 'outport_awaddr_o[18]' is connected directly to output port 'outport_peripheral3_awaddr_o[18]'. (LINT-31)
Warning: In design 'axi4_lite_tap', output port 'outport_awaddr_o[18]' is connected directly to output port 'outport_peripheral2_awaddr_o[18]'. (LINT-31)
Warning: In design 'axi4_lite_tap', output port 'outport_awaddr_o[18]' is connected directly to output port 'outport_peripheral1_awaddr_o[18]'. (LINT-31)
Warning: In design 'axi4_lite_tap', output port 'outport_awaddr_o[18]' is connected directly to output port 'outport_peripheral0_awaddr_o[18]'. (LINT-31)
Warning: In design 'axi4_lite_tap', output port 'outport_awaddr_o[17]' is connected directly to output port 'outport_peripheral4_awaddr_o[17]'. (LINT-31)
Warning: In design 'axi4_lite_tap', output port 'outport_awaddr_o[17]' is connected directly to output port 'outport_peripheral3_awaddr_o[17]'. (LINT-31)
Warning: In design 'axi4_lite_tap', output port 'outport_awaddr_o[17]' is connected directly to output port 'outport_peripheral2_awaddr_o[17]'. (LINT-31)
Warning: In design 'axi4_lite_tap', output port 'outport_awaddr_o[17]' is connected directly to output port 'outport_peripheral1_awaddr_o[17]'. (LINT-31)
Warning: In design 'axi4_lite_tap', output port 'outport_awaddr_o[17]' is connected directly to output port 'outport_peripheral0_awaddr_o[17]'. (LINT-31)
Warning: In design 'axi4_lite_tap', output port 'outport_awaddr_o[16]' is connected directly to output port 'outport_peripheral4_awaddr_o[16]'. (LINT-31)
Warning: In design 'axi4_lite_tap', output port 'outport_awaddr_o[16]' is connected directly to output port 'outport_peripheral3_awaddr_o[16]'. (LINT-31)
Warning: In design 'axi4_lite_tap', output port 'outport_awaddr_o[16]' is connected directly to output port 'outport_peripheral2_awaddr_o[16]'. (LINT-31)
Warning: In design 'axi4_lite_tap', output port 'outport_awaddr_o[16]' is connected directly to output port 'outport_peripheral1_awaddr_o[16]'. (LINT-31)
Warning: In design 'axi4_lite_tap', output port 'outport_awaddr_o[16]' is connected directly to output port 'outport_peripheral0_awaddr_o[16]'. (LINT-31)
Warning: In design 'axi4_lite_tap', output port 'outport_awaddr_o[15]' is connected directly to output port 'outport_peripheral4_awaddr_o[15]'. (LINT-31)
Warning: In design 'axi4_lite_tap', output port 'outport_awaddr_o[15]' is connected directly to output port 'outport_peripheral3_awaddr_o[15]'. (LINT-31)
Warning: In design 'axi4_lite_tap', output port 'outport_awaddr_o[15]' is connected directly to output port 'outport_peripheral2_awaddr_o[15]'. (LINT-31)
Warning: In design 'axi4_lite_tap', output port 'outport_awaddr_o[15]' is connected directly to output port 'outport_peripheral1_awaddr_o[15]'. (LINT-31)
Warning: In design 'axi4_lite_tap', output port 'outport_awaddr_o[15]' is connected directly to output port 'outport_peripheral0_awaddr_o[15]'. (LINT-31)
Warning: In design 'axi4_lite_tap', output port 'outport_awaddr_o[14]' is connected directly to output port 'outport_peripheral4_awaddr_o[14]'. (LINT-31)
Warning: In design 'axi4_lite_tap', output port 'outport_awaddr_o[14]' is connected directly to output port 'outport_peripheral3_awaddr_o[14]'. (LINT-31)
Warning: In design 'axi4_lite_tap', output port 'outport_awaddr_o[14]' is connected directly to output port 'outport_peripheral2_awaddr_o[14]'. (LINT-31)
Warning: In design 'axi4_lite_tap', output port 'outport_awaddr_o[14]' is connected directly to output port 'outport_peripheral1_awaddr_o[14]'. (LINT-31)
Warning: In design 'axi4_lite_tap', output port 'outport_awaddr_o[14]' is connected directly to output port 'outport_peripheral0_awaddr_o[14]'. (LINT-31)
Warning: In design 'axi4_lite_tap', output port 'outport_awaddr_o[13]' is connected directly to output port 'outport_peripheral4_awaddr_o[13]'. (LINT-31)
Warning: In design 'axi4_lite_tap', output port 'outport_awaddr_o[13]' is connected directly to output port 'outport_peripheral3_awaddr_o[13]'. (LINT-31)
Warning: In design 'axi4_lite_tap', output port 'outport_awaddr_o[13]' is connected directly to output port 'outport_peripheral2_awaddr_o[13]'. (LINT-31)
Warning: In design 'axi4_lite_tap', output port 'outport_awaddr_o[13]' is connected directly to output port 'outport_peripheral1_awaddr_o[13]'. (LINT-31)
Warning: In design 'axi4_lite_tap', output port 'outport_awaddr_o[13]' is connected directly to output port 'outport_peripheral0_awaddr_o[13]'. (LINT-31)
Warning: In design 'axi4_lite_tap', output port 'outport_awaddr_o[12]' is connected directly to output port 'outport_peripheral4_awaddr_o[12]'. (LINT-31)
Warning: In design 'axi4_lite_tap', output port 'outport_awaddr_o[12]' is connected directly to output port 'outport_peripheral3_awaddr_o[12]'. (LINT-31)
Warning: In design 'axi4_lite_tap', output port 'outport_awaddr_o[12]' is connected directly to output port 'outport_peripheral2_awaddr_o[12]'. (LINT-31)
Warning: In design 'axi4_lite_tap', output port 'outport_awaddr_o[12]' is connected directly to output port 'outport_peripheral1_awaddr_o[12]'. (LINT-31)
Warning: In design 'axi4_lite_tap', output port 'outport_awaddr_o[12]' is connected directly to output port 'outport_peripheral0_awaddr_o[12]'. (LINT-31)
Warning: In design 'axi4_lite_tap', output port 'outport_awaddr_o[11]' is connected directly to output port 'outport_peripheral4_awaddr_o[11]'. (LINT-31)
Warning: In design 'axi4_lite_tap', output port 'outport_awaddr_o[11]' is connected directly to output port 'outport_peripheral3_awaddr_o[11]'. (LINT-31)
Warning: In design 'axi4_lite_tap', output port 'outport_awaddr_o[11]' is connected directly to output port 'outport_peripheral2_awaddr_o[11]'. (LINT-31)
Warning: In design 'axi4_lite_tap', output port 'outport_awaddr_o[11]' is connected directly to output port 'outport_peripheral1_awaddr_o[11]'. (LINT-31)
Warning: In design 'axi4_lite_tap', output port 'outport_awaddr_o[11]' is connected directly to output port 'outport_peripheral0_awaddr_o[11]'. (LINT-31)
Warning: In design 'axi4_lite_tap', output port 'outport_awaddr_o[10]' is connected directly to output port 'outport_peripheral4_awaddr_o[10]'. (LINT-31)
Warning: In design 'axi4_lite_tap', output port 'outport_awaddr_o[10]' is connected directly to output port 'outport_peripheral3_awaddr_o[10]'. (LINT-31)
Warning: In design 'axi4_lite_tap', output port 'outport_awaddr_o[10]' is connected directly to output port 'outport_peripheral2_awaddr_o[10]'. (LINT-31)
Warning: In design 'axi4_lite_tap', output port 'outport_awaddr_o[10]' is connected directly to output port 'outport_peripheral1_awaddr_o[10]'. (LINT-31)
Warning: In design 'axi4_lite_tap', output port 'outport_awaddr_o[10]' is connected directly to output port 'outport_peripheral0_awaddr_o[10]'. (LINT-31)
Warning: In design 'axi4_lite_tap', output port 'outport_awaddr_o[9]' is connected directly to output port 'outport_peripheral4_awaddr_o[9]'. (LINT-31)
Warning: In design 'axi4_lite_tap', output port 'outport_awaddr_o[9]' is connected directly to output port 'outport_peripheral3_awaddr_o[9]'. (LINT-31)
Warning: In design 'axi4_lite_tap', output port 'outport_awaddr_o[9]' is connected directly to output port 'outport_peripheral2_awaddr_o[9]'. (LINT-31)
Warning: In design 'axi4_lite_tap', output port 'outport_awaddr_o[9]' is connected directly to output port 'outport_peripheral1_awaddr_o[9]'. (LINT-31)
Warning: In design 'axi4_lite_tap', output port 'outport_awaddr_o[9]' is connected directly to output port 'outport_peripheral0_awaddr_o[9]'. (LINT-31)
Warning: In design 'axi4_lite_tap', output port 'outport_awaddr_o[8]' is connected directly to output port 'outport_peripheral4_awaddr_o[8]'. (LINT-31)
Warning: In design 'axi4_lite_tap', output port 'outport_awaddr_o[8]' is connected directly to output port 'outport_peripheral3_awaddr_o[8]'. (LINT-31)
Warning: In design 'axi4_lite_tap', output port 'outport_awaddr_o[8]' is connected directly to output port 'outport_peripheral2_awaddr_o[8]'. (LINT-31)
Warning: In design 'axi4_lite_tap', output port 'outport_awaddr_o[8]' is connected directly to output port 'outport_peripheral1_awaddr_o[8]'. (LINT-31)
Warning: In design 'axi4_lite_tap', output port 'outport_awaddr_o[8]' is connected directly to output port 'outport_peripheral0_awaddr_o[8]'. (LINT-31)
Warning: In design 'axi4_lite_tap', output port 'outport_awaddr_o[7]' is connected directly to output port 'outport_peripheral4_awaddr_o[7]'. (LINT-31)
Warning: In design 'axi4_lite_tap', output port 'outport_awaddr_o[7]' is connected directly to output port 'outport_peripheral3_awaddr_o[7]'. (LINT-31)
Warning: In design 'axi4_lite_tap', output port 'outport_awaddr_o[7]' is connected directly to output port 'outport_peripheral2_awaddr_o[7]'. (LINT-31)
Warning: In design 'axi4_lite_tap', output port 'outport_awaddr_o[7]' is connected directly to output port 'outport_peripheral1_awaddr_o[7]'. (LINT-31)
Warning: In design 'axi4_lite_tap', output port 'outport_awaddr_o[7]' is connected directly to output port 'outport_peripheral0_awaddr_o[7]'. (LINT-31)
Warning: In design 'axi4_lite_tap', output port 'outport_awaddr_o[6]' is connected directly to output port 'outport_peripheral4_awaddr_o[6]'. (LINT-31)
Warning: In design 'axi4_lite_tap', output port 'outport_awaddr_o[6]' is connected directly to output port 'outport_peripheral3_awaddr_o[6]'. (LINT-31)
Warning: In design 'axi4_lite_tap', output port 'outport_awaddr_o[6]' is connected directly to output port 'outport_peripheral2_awaddr_o[6]'. (LINT-31)
Warning: In design 'axi4_lite_tap', output port 'outport_awaddr_o[6]' is connected directly to output port 'outport_peripheral1_awaddr_o[6]'. (LINT-31)
Warning: In design 'axi4_lite_tap', output port 'outport_awaddr_o[6]' is connected directly to output port 'outport_peripheral0_awaddr_o[6]'. (LINT-31)
Warning: In design 'axi4_lite_tap', output port 'outport_awaddr_o[5]' is connected directly to output port 'outport_peripheral4_awaddr_o[5]'. (LINT-31)
Warning: In design 'axi4_lite_tap', output port 'outport_awaddr_o[5]' is connected directly to output port 'outport_peripheral3_awaddr_o[5]'. (LINT-31)
Warning: In design 'axi4_lite_tap', output port 'outport_awaddr_o[5]' is connected directly to output port 'outport_peripheral2_awaddr_o[5]'. (LINT-31)
Warning: In design 'axi4_lite_tap', output port 'outport_awaddr_o[5]' is connected directly to output port 'outport_peripheral1_awaddr_o[5]'. (LINT-31)
Warning: In design 'axi4_lite_tap', output port 'outport_awaddr_o[5]' is connected directly to output port 'outport_peripheral0_awaddr_o[5]'. (LINT-31)
Warning: In design 'axi4_lite_tap', output port 'outport_awaddr_o[4]' is connected directly to output port 'outport_peripheral4_awaddr_o[4]'. (LINT-31)
Warning: In design 'axi4_lite_tap', output port 'outport_awaddr_o[4]' is connected directly to output port 'outport_peripheral3_awaddr_o[4]'. (LINT-31)
Warning: In design 'axi4_lite_tap', output port 'outport_awaddr_o[4]' is connected directly to output port 'outport_peripheral2_awaddr_o[4]'. (LINT-31)
Warning: In design 'axi4_lite_tap', output port 'outport_awaddr_o[4]' is connected directly to output port 'outport_peripheral1_awaddr_o[4]'. (LINT-31)
Warning: In design 'axi4_lite_tap', output port 'outport_awaddr_o[4]' is connected directly to output port 'outport_peripheral0_awaddr_o[4]'. (LINT-31)
Warning: In design 'axi4_lite_tap', output port 'outport_awaddr_o[3]' is connected directly to output port 'outport_peripheral4_awaddr_o[3]'. (LINT-31)
Warning: In design 'axi4_lite_tap', output port 'outport_awaddr_o[3]' is connected directly to output port 'outport_peripheral3_awaddr_o[3]'. (LINT-31)
Warning: In design 'axi4_lite_tap', output port 'outport_awaddr_o[3]' is connected directly to output port 'outport_peripheral2_awaddr_o[3]'. (LINT-31)
Warning: In design 'axi4_lite_tap', output port 'outport_awaddr_o[3]' is connected directly to output port 'outport_peripheral1_awaddr_o[3]'. (LINT-31)
Warning: In design 'axi4_lite_tap', output port 'outport_awaddr_o[3]' is connected directly to output port 'outport_peripheral0_awaddr_o[3]'. (LINT-31)
Warning: In design 'axi4_lite_tap', output port 'outport_awaddr_o[2]' is connected directly to output port 'outport_peripheral4_awaddr_o[2]'. (LINT-31)
Warning: In design 'axi4_lite_tap', output port 'outport_awaddr_o[2]' is connected directly to output port 'outport_peripheral3_awaddr_o[2]'. (LINT-31)
Warning: In design 'axi4_lite_tap', output port 'outport_awaddr_o[2]' is connected directly to output port 'outport_peripheral2_awaddr_o[2]'. (LINT-31)
Warning: In design 'axi4_lite_tap', output port 'outport_awaddr_o[2]' is connected directly to output port 'outport_peripheral1_awaddr_o[2]'. (LINT-31)
Warning: In design 'axi4_lite_tap', output port 'outport_awaddr_o[2]' is connected directly to output port 'outport_peripheral0_awaddr_o[2]'. (LINT-31)
Warning: In design 'axi4_lite_tap', output port 'outport_awaddr_o[1]' is connected directly to output port 'outport_peripheral4_awaddr_o[1]'. (LINT-31)
Warning: In design 'axi4_lite_tap', output port 'outport_awaddr_o[1]' is connected directly to output port 'outport_peripheral3_awaddr_o[1]'. (LINT-31)
Warning: In design 'axi4_lite_tap', output port 'outport_awaddr_o[1]' is connected directly to output port 'outport_peripheral2_awaddr_o[1]'. (LINT-31)
Warning: In design 'axi4_lite_tap', output port 'outport_awaddr_o[1]' is connected directly to output port 'outport_peripheral1_awaddr_o[1]'. (LINT-31)
Warning: In design 'axi4_lite_tap', output port 'outport_awaddr_o[1]' is connected directly to output port 'outport_peripheral0_awaddr_o[1]'. (LINT-31)
Warning: In design 'axi4_lite_tap', output port 'outport_awaddr_o[0]' is connected directly to output port 'outport_peripheral4_awaddr_o[0]'. (LINT-31)
Warning: In design 'axi4_lite_tap', output port 'outport_awaddr_o[0]' is connected directly to output port 'outport_peripheral3_awaddr_o[0]'. (LINT-31)
Warning: In design 'axi4_lite_tap', output port 'outport_awaddr_o[0]' is connected directly to output port 'outport_peripheral2_awaddr_o[0]'. (LINT-31)
Warning: In design 'axi4_lite_tap', output port 'outport_awaddr_o[0]' is connected directly to output port 'outport_peripheral1_awaddr_o[0]'. (LINT-31)
Warning: In design 'axi4_lite_tap', output port 'outport_awaddr_o[0]' is connected directly to output port 'outport_peripheral0_awaddr_o[0]'. (LINT-31)
Warning: In design 'axi4_lite_tap', output port 'outport_wdata_o[31]' is connected directly to output port 'outport_peripheral4_wdata_o[31]'. (LINT-31)
Warning: In design 'axi4_lite_tap', output port 'outport_wdata_o[31]' is connected directly to output port 'outport_peripheral3_wdata_o[31]'. (LINT-31)
Warning: In design 'axi4_lite_tap', output port 'outport_wdata_o[31]' is connected directly to output port 'outport_peripheral2_wdata_o[31]'. (LINT-31)
Warning: In design 'axi4_lite_tap', output port 'outport_wdata_o[31]' is connected directly to output port 'outport_peripheral1_wdata_o[31]'. (LINT-31)
Warning: In design 'axi4_lite_tap', output port 'outport_wdata_o[31]' is connected directly to output port 'outport_peripheral0_wdata_o[31]'. (LINT-31)
Warning: In design 'axi4_lite_tap', output port 'outport_wdata_o[30]' is connected directly to output port 'outport_peripheral4_wdata_o[30]'. (LINT-31)
Warning: In design 'axi4_lite_tap', output port 'outport_wdata_o[30]' is connected directly to output port 'outport_peripheral3_wdata_o[30]'. (LINT-31)
Warning: In design 'axi4_lite_tap', output port 'outport_wdata_o[30]' is connected directly to output port 'outport_peripheral2_wdata_o[30]'. (LINT-31)
Warning: In design 'axi4_lite_tap', output port 'outport_wdata_o[30]' is connected directly to output port 'outport_peripheral1_wdata_o[30]'. (LINT-31)
Warning: In design 'axi4_lite_tap', output port 'outport_wdata_o[30]' is connected directly to output port 'outport_peripheral0_wdata_o[30]'. (LINT-31)
Warning: In design 'axi4_lite_tap', output port 'outport_wdata_o[29]' is connected directly to output port 'outport_peripheral4_wdata_o[29]'. (LINT-31)
Warning: In design 'axi4_lite_tap', output port 'outport_wdata_o[29]' is connected directly to output port 'outport_peripheral3_wdata_o[29]'. (LINT-31)
Warning: In design 'axi4_lite_tap', output port 'outport_wdata_o[29]' is connected directly to output port 'outport_peripheral2_wdata_o[29]'. (LINT-31)
Warning: In design 'axi4_lite_tap', output port 'outport_wdata_o[29]' is connected directly to output port 'outport_peripheral1_wdata_o[29]'. (LINT-31)
Warning: In design 'axi4_lite_tap', output port 'outport_wdata_o[29]' is connected directly to output port 'outport_peripheral0_wdata_o[29]'. (LINT-31)
Warning: In design 'axi4_lite_tap', output port 'outport_wdata_o[28]' is connected directly to output port 'outport_peripheral4_wdata_o[28]'. (LINT-31)
Warning: In design 'axi4_lite_tap', output port 'outport_wdata_o[28]' is connected directly to output port 'outport_peripheral3_wdata_o[28]'. (LINT-31)
Warning: In design 'axi4_lite_tap', output port 'outport_wdata_o[28]' is connected directly to output port 'outport_peripheral2_wdata_o[28]'. (LINT-31)
Warning: In design 'axi4_lite_tap', output port 'outport_wdata_o[28]' is connected directly to output port 'outport_peripheral1_wdata_o[28]'. (LINT-31)
Warning: In design 'axi4_lite_tap', output port 'outport_wdata_o[28]' is connected directly to output port 'outport_peripheral0_wdata_o[28]'. (LINT-31)
Warning: In design 'axi4_lite_tap', output port 'outport_wdata_o[27]' is connected directly to output port 'outport_peripheral4_wdata_o[27]'. (LINT-31)
Warning: In design 'axi4_lite_tap', output port 'outport_wdata_o[27]' is connected directly to output port 'outport_peripheral3_wdata_o[27]'. (LINT-31)
Warning: In design 'axi4_lite_tap', output port 'outport_wdata_o[27]' is connected directly to output port 'outport_peripheral2_wdata_o[27]'. (LINT-31)
Warning: In design 'axi4_lite_tap', output port 'outport_wdata_o[27]' is connected directly to output port 'outport_peripheral1_wdata_o[27]'. (LINT-31)
Warning: In design 'axi4_lite_tap', output port 'outport_wdata_o[27]' is connected directly to output port 'outport_peripheral0_wdata_o[27]'. (LINT-31)
Warning: In design 'axi4_lite_tap', output port 'outport_wdata_o[26]' is connected directly to output port 'outport_peripheral4_wdata_o[26]'. (LINT-31)
Warning: In design 'axi4_lite_tap', output port 'outport_wdata_o[26]' is connected directly to output port 'outport_peripheral3_wdata_o[26]'. (LINT-31)
Warning: In design 'axi4_lite_tap', output port 'outport_wdata_o[26]' is connected directly to output port 'outport_peripheral2_wdata_o[26]'. (LINT-31)
Warning: In design 'axi4_lite_tap', output port 'outport_wdata_o[26]' is connected directly to output port 'outport_peripheral1_wdata_o[26]'. (LINT-31)
Warning: In design 'axi4_lite_tap', output port 'outport_wdata_o[26]' is connected directly to output port 'outport_peripheral0_wdata_o[26]'. (LINT-31)
Warning: In design 'axi4_lite_tap', output port 'outport_wdata_o[25]' is connected directly to output port 'outport_peripheral4_wdata_o[25]'. (LINT-31)
Warning: In design 'axi4_lite_tap', output port 'outport_wdata_o[25]' is connected directly to output port 'outport_peripheral3_wdata_o[25]'. (LINT-31)
Warning: In design 'axi4_lite_tap', output port 'outport_wdata_o[25]' is connected directly to output port 'outport_peripheral2_wdata_o[25]'. (LINT-31)
Warning: In design 'axi4_lite_tap', output port 'outport_wdata_o[25]' is connected directly to output port 'outport_peripheral1_wdata_o[25]'. (LINT-31)
Warning: In design 'axi4_lite_tap', output port 'outport_wdata_o[25]' is connected directly to output port 'outport_peripheral0_wdata_o[25]'. (LINT-31)
Warning: In design 'axi4_lite_tap', output port 'outport_wdata_o[24]' is connected directly to output port 'outport_peripheral4_wdata_o[24]'. (LINT-31)
Warning: In design 'axi4_lite_tap', output port 'outport_wdata_o[24]' is connected directly to output port 'outport_peripheral3_wdata_o[24]'. (LINT-31)
Warning: In design 'axi4_lite_tap', output port 'outport_wdata_o[24]' is connected directly to output port 'outport_peripheral2_wdata_o[24]'. (LINT-31)
Warning: In design 'axi4_lite_tap', output port 'outport_wdata_o[24]' is connected directly to output port 'outport_peripheral1_wdata_o[24]'. (LINT-31)
Warning: In design 'axi4_lite_tap', output port 'outport_wdata_o[24]' is connected directly to output port 'outport_peripheral0_wdata_o[24]'. (LINT-31)
Warning: In design 'axi4_lite_tap', output port 'outport_wdata_o[23]' is connected directly to output port 'outport_peripheral4_wdata_o[23]'. (LINT-31)
Warning: In design 'axi4_lite_tap', output port 'outport_wdata_o[23]' is connected directly to output port 'outport_peripheral3_wdata_o[23]'. (LINT-31)
Warning: In design 'axi4_lite_tap', output port 'outport_wdata_o[23]' is connected directly to output port 'outport_peripheral2_wdata_o[23]'. (LINT-31)
Warning: In design 'axi4_lite_tap', output port 'outport_wdata_o[23]' is connected directly to output port 'outport_peripheral1_wdata_o[23]'. (LINT-31)
Warning: In design 'axi4_lite_tap', output port 'outport_wdata_o[23]' is connected directly to output port 'outport_peripheral0_wdata_o[23]'. (LINT-31)
Warning: In design 'axi4_lite_tap', output port 'outport_wdata_o[22]' is connected directly to output port 'outport_peripheral4_wdata_o[22]'. (LINT-31)
Warning: In design 'axi4_lite_tap', output port 'outport_wdata_o[22]' is connected directly to output port 'outport_peripheral3_wdata_o[22]'. (LINT-31)
Warning: In design 'axi4_lite_tap', output port 'outport_wdata_o[22]' is connected directly to output port 'outport_peripheral2_wdata_o[22]'. (LINT-31)
Warning: In design 'axi4_lite_tap', output port 'outport_wdata_o[22]' is connected directly to output port 'outport_peripheral1_wdata_o[22]'. (LINT-31)
Warning: In design 'axi4_lite_tap', output port 'outport_wdata_o[22]' is connected directly to output port 'outport_peripheral0_wdata_o[22]'. (LINT-31)
Warning: In design 'axi4_lite_tap', output port 'outport_wdata_o[21]' is connected directly to output port 'outport_peripheral4_wdata_o[21]'. (LINT-31)
Warning: In design 'axi4_lite_tap', output port 'outport_wdata_o[21]' is connected directly to output port 'outport_peripheral3_wdata_o[21]'. (LINT-31)
Warning: In design 'axi4_lite_tap', output port 'outport_wdata_o[21]' is connected directly to output port 'outport_peripheral2_wdata_o[21]'. (LINT-31)
Warning: In design 'axi4_lite_tap', output port 'outport_wdata_o[21]' is connected directly to output port 'outport_peripheral1_wdata_o[21]'. (LINT-31)
Warning: In design 'axi4_lite_tap', output port 'outport_wdata_o[21]' is connected directly to output port 'outport_peripheral0_wdata_o[21]'. (LINT-31)
Warning: In design 'axi4_lite_tap', output port 'outport_wdata_o[20]' is connected directly to output port 'outport_peripheral4_wdata_o[20]'. (LINT-31)
Warning: In design 'axi4_lite_tap', output port 'outport_wdata_o[20]' is connected directly to output port 'outport_peripheral3_wdata_o[20]'. (LINT-31)
Warning: In design 'axi4_lite_tap', output port 'outport_wdata_o[20]' is connected directly to output port 'outport_peripheral2_wdata_o[20]'. (LINT-31)
Warning: In design 'axi4_lite_tap', output port 'outport_wdata_o[20]' is connected directly to output port 'outport_peripheral1_wdata_o[20]'. (LINT-31)
Warning: In design 'axi4_lite_tap', output port 'outport_wdata_o[20]' is connected directly to output port 'outport_peripheral0_wdata_o[20]'. (LINT-31)
Warning: In design 'axi4_lite_tap', output port 'outport_wdata_o[19]' is connected directly to output port 'outport_peripheral4_wdata_o[19]'. (LINT-31)
Warning: In design 'axi4_lite_tap', output port 'outport_wdata_o[19]' is connected directly to output port 'outport_peripheral3_wdata_o[19]'. (LINT-31)
Warning: In design 'axi4_lite_tap', output port 'outport_wdata_o[19]' is connected directly to output port 'outport_peripheral2_wdata_o[19]'. (LINT-31)
Warning: In design 'axi4_lite_tap', output port 'outport_wdata_o[19]' is connected directly to output port 'outport_peripheral1_wdata_o[19]'. (LINT-31)
Warning: In design 'axi4_lite_tap', output port 'outport_wdata_o[19]' is connected directly to output port 'outport_peripheral0_wdata_o[19]'. (LINT-31)
Warning: In design 'axi4_lite_tap', output port 'outport_wdata_o[18]' is connected directly to output port 'outport_peripheral4_wdata_o[18]'. (LINT-31)
Warning: In design 'axi4_lite_tap', output port 'outport_wdata_o[18]' is connected directly to output port 'outport_peripheral3_wdata_o[18]'. (LINT-31)
Warning: In design 'axi4_lite_tap', output port 'outport_wdata_o[18]' is connected directly to output port 'outport_peripheral2_wdata_o[18]'. (LINT-31)
Warning: In design 'axi4_lite_tap', output port 'outport_wdata_o[18]' is connected directly to output port 'outport_peripheral1_wdata_o[18]'. (LINT-31)
Warning: In design 'axi4_lite_tap', output port 'outport_wdata_o[18]' is connected directly to output port 'outport_peripheral0_wdata_o[18]'. (LINT-31)
Warning: In design 'axi4_lite_tap', output port 'outport_wdata_o[17]' is connected directly to output port 'outport_peripheral4_wdata_o[17]'. (LINT-31)
Warning: In design 'axi4_lite_tap', output port 'outport_wdata_o[17]' is connected directly to output port 'outport_peripheral3_wdata_o[17]'. (LINT-31)
Warning: In design 'axi4_lite_tap', output port 'outport_wdata_o[17]' is connected directly to output port 'outport_peripheral2_wdata_o[17]'. (LINT-31)
Warning: In design 'axi4_lite_tap', output port 'outport_wdata_o[17]' is connected directly to output port 'outport_peripheral1_wdata_o[17]'. (LINT-31)
Warning: In design 'axi4_lite_tap', output port 'outport_wdata_o[17]' is connected directly to output port 'outport_peripheral0_wdata_o[17]'. (LINT-31)
Warning: In design 'axi4_lite_tap', output port 'outport_wdata_o[16]' is connected directly to output port 'outport_peripheral4_wdata_o[16]'. (LINT-31)
Warning: In design 'axi4_lite_tap', output port 'outport_wdata_o[16]' is connected directly to output port 'outport_peripheral3_wdata_o[16]'. (LINT-31)
Warning: In design 'axi4_lite_tap', output port 'outport_wdata_o[16]' is connected directly to output port 'outport_peripheral2_wdata_o[16]'. (LINT-31)
Warning: In design 'axi4_lite_tap', output port 'outport_wdata_o[16]' is connected directly to output port 'outport_peripheral1_wdata_o[16]'. (LINT-31)
Warning: In design 'axi4_lite_tap', output port 'outport_wdata_o[16]' is connected directly to output port 'outport_peripheral0_wdata_o[16]'. (LINT-31)
Warning: In design 'axi4_lite_tap', output port 'outport_wdata_o[15]' is connected directly to output port 'outport_peripheral4_wdata_o[15]'. (LINT-31)
Warning: In design 'axi4_lite_tap', output port 'outport_wdata_o[15]' is connected directly to output port 'outport_peripheral3_wdata_o[15]'. (LINT-31)
Warning: In design 'axi4_lite_tap', output port 'outport_wdata_o[15]' is connected directly to output port 'outport_peripheral2_wdata_o[15]'. (LINT-31)
Warning: In design 'axi4_lite_tap', output port 'outport_wdata_o[15]' is connected directly to output port 'outport_peripheral1_wdata_o[15]'. (LINT-31)
Warning: In design 'axi4_lite_tap', output port 'outport_wdata_o[15]' is connected directly to output port 'outport_peripheral0_wdata_o[15]'. (LINT-31)
Warning: In design 'axi4_lite_tap', output port 'outport_wdata_o[14]' is connected directly to output port 'outport_peripheral4_wdata_o[14]'. (LINT-31)
Warning: In design 'axi4_lite_tap', output port 'outport_wdata_o[14]' is connected directly to output port 'outport_peripheral3_wdata_o[14]'. (LINT-31)
Warning: In design 'axi4_lite_tap', output port 'outport_wdata_o[14]' is connected directly to output port 'outport_peripheral2_wdata_o[14]'. (LINT-31)
Warning: In design 'axi4_lite_tap', output port 'outport_wdata_o[14]' is connected directly to output port 'outport_peripheral1_wdata_o[14]'. (LINT-31)
Warning: In design 'axi4_lite_tap', output port 'outport_wdata_o[14]' is connected directly to output port 'outport_peripheral0_wdata_o[14]'. (LINT-31)
Warning: In design 'axi4_lite_tap', output port 'outport_wdata_o[13]' is connected directly to output port 'outport_peripheral4_wdata_o[13]'. (LINT-31)
Warning: In design 'axi4_lite_tap', output port 'outport_wdata_o[13]' is connected directly to output port 'outport_peripheral3_wdata_o[13]'. (LINT-31)
Warning: In design 'axi4_lite_tap', output port 'outport_wdata_o[13]' is connected directly to output port 'outport_peripheral2_wdata_o[13]'. (LINT-31)
Warning: In design 'axi4_lite_tap', output port 'outport_wdata_o[13]' is connected directly to output port 'outport_peripheral1_wdata_o[13]'. (LINT-31)
Warning: In design 'axi4_lite_tap', output port 'outport_wdata_o[13]' is connected directly to output port 'outport_peripheral0_wdata_o[13]'. (LINT-31)
Warning: In design 'axi4_lite_tap', output port 'outport_wdata_o[12]' is connected directly to output port 'outport_peripheral4_wdata_o[12]'. (LINT-31)
Warning: In design 'axi4_lite_tap', output port 'outport_wdata_o[12]' is connected directly to output port 'outport_peripheral3_wdata_o[12]'. (LINT-31)
Warning: In design 'axi4_lite_tap', output port 'outport_wdata_o[12]' is connected directly to output port 'outport_peripheral2_wdata_o[12]'. (LINT-31)
Warning: In design 'axi4_lite_tap', output port 'outport_wdata_o[12]' is connected directly to output port 'outport_peripheral1_wdata_o[12]'. (LINT-31)
Warning: In design 'axi4_lite_tap', output port 'outport_wdata_o[12]' is connected directly to output port 'outport_peripheral0_wdata_o[12]'. (LINT-31)
Warning: In design 'axi4_lite_tap', output port 'outport_wdata_o[11]' is connected directly to output port 'outport_peripheral4_wdata_o[11]'. (LINT-31)
Warning: In design 'axi4_lite_tap', output port 'outport_wdata_o[11]' is connected directly to output port 'outport_peripheral3_wdata_o[11]'. (LINT-31)
Warning: In design 'axi4_lite_tap', output port 'outport_wdata_o[11]' is connected directly to output port 'outport_peripheral2_wdata_o[11]'. (LINT-31)
Warning: In design 'axi4_lite_tap', output port 'outport_wdata_o[11]' is connected directly to output port 'outport_peripheral1_wdata_o[11]'. (LINT-31)
Warning: In design 'axi4_lite_tap', output port 'outport_wdata_o[11]' is connected directly to output port 'outport_peripheral0_wdata_o[11]'. (LINT-31)
Warning: In design 'axi4_lite_tap', output port 'outport_wdata_o[10]' is connected directly to output port 'outport_peripheral4_wdata_o[10]'. (LINT-31)
Warning: In design 'axi4_lite_tap', output port 'outport_wdata_o[10]' is connected directly to output port 'outport_peripheral3_wdata_o[10]'. (LINT-31)
Warning: In design 'axi4_lite_tap', output port 'outport_wdata_o[10]' is connected directly to output port 'outport_peripheral2_wdata_o[10]'. (LINT-31)
Warning: In design 'axi4_lite_tap', output port 'outport_wdata_o[10]' is connected directly to output port 'outport_peripheral1_wdata_o[10]'. (LINT-31)
Warning: In design 'axi4_lite_tap', output port 'outport_wdata_o[10]' is connected directly to output port 'outport_peripheral0_wdata_o[10]'. (LINT-31)
Warning: In design 'axi4_lite_tap', output port 'outport_wdata_o[9]' is connected directly to output port 'outport_peripheral4_wdata_o[9]'. (LINT-31)
Warning: In design 'axi4_lite_tap', output port 'outport_wdata_o[9]' is connected directly to output port 'outport_peripheral3_wdata_o[9]'. (LINT-31)
Warning: In design 'axi4_lite_tap', output port 'outport_wdata_o[9]' is connected directly to output port 'outport_peripheral2_wdata_o[9]'. (LINT-31)
Warning: In design 'axi4_lite_tap', output port 'outport_wdata_o[9]' is connected directly to output port 'outport_peripheral1_wdata_o[9]'. (LINT-31)
Warning: In design 'axi4_lite_tap', output port 'outport_wdata_o[9]' is connected directly to output port 'outport_peripheral0_wdata_o[9]'. (LINT-31)
Warning: In design 'axi4_lite_tap', output port 'outport_wdata_o[8]' is connected directly to output port 'outport_peripheral4_wdata_o[8]'. (LINT-31)
Warning: In design 'axi4_lite_tap', output port 'outport_wdata_o[8]' is connected directly to output port 'outport_peripheral3_wdata_o[8]'. (LINT-31)
Warning: In design 'axi4_lite_tap', output port 'outport_wdata_o[8]' is connected directly to output port 'outport_peripheral2_wdata_o[8]'. (LINT-31)
Warning: In design 'axi4_lite_tap', output port 'outport_wdata_o[8]' is connected directly to output port 'outport_peripheral1_wdata_o[8]'. (LINT-31)
Warning: In design 'axi4_lite_tap', output port 'outport_wdata_o[8]' is connected directly to output port 'outport_peripheral0_wdata_o[8]'. (LINT-31)
Warning: In design 'axi4_lite_tap', output port 'outport_wdata_o[7]' is connected directly to output port 'outport_peripheral4_wdata_o[7]'. (LINT-31)
Warning: In design 'axi4_lite_tap', output port 'outport_wdata_o[7]' is connected directly to output port 'outport_peripheral3_wdata_o[7]'. (LINT-31)
Warning: In design 'axi4_lite_tap', output port 'outport_wdata_o[7]' is connected directly to output port 'outport_peripheral2_wdata_o[7]'. (LINT-31)
Warning: In design 'axi4_lite_tap', output port 'outport_wdata_o[7]' is connected directly to output port 'outport_peripheral1_wdata_o[7]'. (LINT-31)
Warning: In design 'axi4_lite_tap', output port 'outport_wdata_o[7]' is connected directly to output port 'outport_peripheral0_wdata_o[7]'. (LINT-31)
Warning: In design 'axi4_lite_tap', output port 'outport_wdata_o[6]' is connected directly to output port 'outport_peripheral4_wdata_o[6]'. (LINT-31)
Warning: In design 'axi4_lite_tap', output port 'outport_wdata_o[6]' is connected directly to output port 'outport_peripheral3_wdata_o[6]'. (LINT-31)
Warning: In design 'axi4_lite_tap', output port 'outport_wdata_o[6]' is connected directly to output port 'outport_peripheral2_wdata_o[6]'. (LINT-31)
Warning: In design 'axi4_lite_tap', output port 'outport_wdata_o[6]' is connected directly to output port 'outport_peripheral1_wdata_o[6]'. (LINT-31)
Warning: In design 'axi4_lite_tap', output port 'outport_wdata_o[6]' is connected directly to output port 'outport_peripheral0_wdata_o[6]'. (LINT-31)
Warning: In design 'axi4_lite_tap', output port 'outport_wdata_o[5]' is connected directly to output port 'outport_peripheral4_wdata_o[5]'. (LINT-31)
Warning: In design 'axi4_lite_tap', output port 'outport_wdata_o[5]' is connected directly to output port 'outport_peripheral3_wdata_o[5]'. (LINT-31)
Warning: In design 'axi4_lite_tap', output port 'outport_wdata_o[5]' is connected directly to output port 'outport_peripheral2_wdata_o[5]'. (LINT-31)
Warning: In design 'axi4_lite_tap', output port 'outport_wdata_o[5]' is connected directly to output port 'outport_peripheral1_wdata_o[5]'. (LINT-31)
Warning: In design 'axi4_lite_tap', output port 'outport_wdata_o[5]' is connected directly to output port 'outport_peripheral0_wdata_o[5]'. (LINT-31)
Warning: In design 'axi4_lite_tap', output port 'outport_wdata_o[4]' is connected directly to output port 'outport_peripheral4_wdata_o[4]'. (LINT-31)
Warning: In design 'axi4_lite_tap', output port 'outport_wdata_o[4]' is connected directly to output port 'outport_peripheral3_wdata_o[4]'. (LINT-31)
Warning: In design 'axi4_lite_tap', output port 'outport_wdata_o[4]' is connected directly to output port 'outport_peripheral2_wdata_o[4]'. (LINT-31)
Warning: In design 'axi4_lite_tap', output port 'outport_wdata_o[4]' is connected directly to output port 'outport_peripheral1_wdata_o[4]'. (LINT-31)
Warning: In design 'axi4_lite_tap', output port 'outport_wdata_o[4]' is connected directly to output port 'outport_peripheral0_wdata_o[4]'. (LINT-31)
Warning: In design 'axi4_lite_tap', output port 'outport_wdata_o[3]' is connected directly to output port 'outport_peripheral4_wdata_o[3]'. (LINT-31)
Warning: In design 'axi4_lite_tap', output port 'outport_wdata_o[3]' is connected directly to output port 'outport_peripheral3_wdata_o[3]'. (LINT-31)
Warning: In design 'axi4_lite_tap', output port 'outport_wdata_o[3]' is connected directly to output port 'outport_peripheral2_wdata_o[3]'. (LINT-31)
Warning: In design 'axi4_lite_tap', output port 'outport_wdata_o[3]' is connected directly to output port 'outport_peripheral1_wdata_o[3]'. (LINT-31)
Warning: In design 'axi4_lite_tap', output port 'outport_wdata_o[3]' is connected directly to output port 'outport_peripheral0_wdata_o[3]'. (LINT-31)
Warning: In design 'axi4_lite_tap', output port 'outport_wdata_o[2]' is connected directly to output port 'outport_peripheral4_wdata_o[2]'. (LINT-31)
Warning: In design 'axi4_lite_tap', output port 'outport_wdata_o[2]' is connected directly to output port 'outport_peripheral3_wdata_o[2]'. (LINT-31)
Warning: In design 'axi4_lite_tap', output port 'outport_wdata_o[2]' is connected directly to output port 'outport_peripheral2_wdata_o[2]'. (LINT-31)
Warning: In design 'axi4_lite_tap', output port 'outport_wdata_o[2]' is connected directly to output port 'outport_peripheral1_wdata_o[2]'. (LINT-31)
Warning: In design 'axi4_lite_tap', output port 'outport_wdata_o[2]' is connected directly to output port 'outport_peripheral0_wdata_o[2]'. (LINT-31)
Warning: In design 'axi4_lite_tap', output port 'outport_wdata_o[1]' is connected directly to output port 'outport_peripheral4_wdata_o[1]'. (LINT-31)
Warning: In design 'axi4_lite_tap', output port 'outport_wdata_o[1]' is connected directly to output port 'outport_peripheral3_wdata_o[1]'. (LINT-31)
Warning: In design 'axi4_lite_tap', output port 'outport_wdata_o[1]' is connected directly to output port 'outport_peripheral2_wdata_o[1]'. (LINT-31)
Warning: In design 'axi4_lite_tap', output port 'outport_wdata_o[1]' is connected directly to output port 'outport_peripheral1_wdata_o[1]'. (LINT-31)
Warning: In design 'axi4_lite_tap', output port 'outport_wdata_o[1]' is connected directly to output port 'outport_peripheral0_wdata_o[1]'. (LINT-31)
Warning: In design 'axi4_lite_tap', output port 'outport_wdata_o[0]' is connected directly to output port 'outport_peripheral4_wdata_o[0]'. (LINT-31)
Warning: In design 'axi4_lite_tap', output port 'outport_wdata_o[0]' is connected directly to output port 'outport_peripheral3_wdata_o[0]'. (LINT-31)
Warning: In design 'axi4_lite_tap', output port 'outport_wdata_o[0]' is connected directly to output port 'outport_peripheral2_wdata_o[0]'. (LINT-31)
Warning: In design 'axi4_lite_tap', output port 'outport_wdata_o[0]' is connected directly to output port 'outport_peripheral1_wdata_o[0]'. (LINT-31)
Warning: In design 'axi4_lite_tap', output port 'outport_wdata_o[0]' is connected directly to output port 'outport_peripheral0_wdata_o[0]'. (LINT-31)
Warning: In design 'axi4_lite_tap', output port 'outport_wstrb_o[3]' is connected directly to output port 'outport_peripheral4_wstrb_o[3]'. (LINT-31)
Warning: In design 'axi4_lite_tap', output port 'outport_wstrb_o[3]' is connected directly to output port 'outport_peripheral3_wstrb_o[3]'. (LINT-31)
Warning: In design 'axi4_lite_tap', output port 'outport_wstrb_o[3]' is connected directly to output port 'outport_peripheral2_wstrb_o[3]'. (LINT-31)
Warning: In design 'axi4_lite_tap', output port 'outport_wstrb_o[3]' is connected directly to output port 'outport_peripheral1_wstrb_o[3]'. (LINT-31)
Warning: In design 'axi4_lite_tap', output port 'outport_wstrb_o[3]' is connected directly to output port 'outport_peripheral0_wstrb_o[3]'. (LINT-31)
Warning: In design 'axi4_lite_tap', output port 'outport_wstrb_o[2]' is connected directly to output port 'outport_peripheral4_wstrb_o[2]'. (LINT-31)
Warning: In design 'axi4_lite_tap', output port 'outport_wstrb_o[2]' is connected directly to output port 'outport_peripheral3_wstrb_o[2]'. (LINT-31)
Warning: In design 'axi4_lite_tap', output port 'outport_wstrb_o[2]' is connected directly to output port 'outport_peripheral2_wstrb_o[2]'. (LINT-31)
Warning: In design 'axi4_lite_tap', output port 'outport_wstrb_o[2]' is connected directly to output port 'outport_peripheral1_wstrb_o[2]'. (LINT-31)
Warning: In design 'axi4_lite_tap', output port 'outport_wstrb_o[2]' is connected directly to output port 'outport_peripheral0_wstrb_o[2]'. (LINT-31)
Warning: In design 'axi4_lite_tap', output port 'outport_wstrb_o[1]' is connected directly to output port 'outport_peripheral4_wstrb_o[1]'. (LINT-31)
Warning: In design 'axi4_lite_tap', output port 'outport_wstrb_o[1]' is connected directly to output port 'outport_peripheral3_wstrb_o[1]'. (LINT-31)
Warning: In design 'axi4_lite_tap', output port 'outport_wstrb_o[1]' is connected directly to output port 'outport_peripheral2_wstrb_o[1]'. (LINT-31)
Warning: In design 'axi4_lite_tap', output port 'outport_wstrb_o[1]' is connected directly to output port 'outport_peripheral1_wstrb_o[1]'. (LINT-31)
Warning: In design 'axi4_lite_tap', output port 'outport_wstrb_o[1]' is connected directly to output port 'outport_peripheral0_wstrb_o[1]'. (LINT-31)
Warning: In design 'axi4_lite_tap', output port 'outport_wstrb_o[0]' is connected directly to output port 'outport_peripheral4_wstrb_o[0]'. (LINT-31)
Warning: In design 'axi4_lite_tap', output port 'outport_wstrb_o[0]' is connected directly to output port 'outport_peripheral3_wstrb_o[0]'. (LINT-31)
Warning: In design 'axi4_lite_tap', output port 'outport_wstrb_o[0]' is connected directly to output port 'outport_peripheral2_wstrb_o[0]'. (LINT-31)
Warning: In design 'axi4_lite_tap', output port 'outport_wstrb_o[0]' is connected directly to output port 'outport_peripheral1_wstrb_o[0]'. (LINT-31)
Warning: In design 'axi4_lite_tap', output port 'outport_wstrb_o[0]' is connected directly to output port 'outport_peripheral0_wstrb_o[0]'. (LINT-31)
Warning: In design 'axi4_lite_tap', output port 'outport_bready_o' is connected directly to output port 'outport_peripheral4_bready_o'. (LINT-31)
Warning: In design 'axi4_lite_tap', output port 'outport_bready_o' is connected directly to output port 'outport_peripheral3_bready_o'. (LINT-31)
Warning: In design 'axi4_lite_tap', output port 'outport_bready_o' is connected directly to output port 'outport_peripheral2_bready_o'. (LINT-31)
Warning: In design 'axi4_lite_tap', output port 'outport_bready_o' is connected directly to output port 'outport_peripheral1_bready_o'. (LINT-31)
Warning: In design 'axi4_lite_tap', output port 'outport_bready_o' is connected directly to output port 'outport_peripheral0_bready_o'. (LINT-31)
Warning: In design 'axi4_lite_tap', output port 'outport_araddr_o[31]' is connected directly to output port 'outport_peripheral4_araddr_o[31]'. (LINT-31)
Warning: In design 'axi4_lite_tap', output port 'outport_araddr_o[31]' is connected directly to output port 'outport_peripheral3_araddr_o[31]'. (LINT-31)
Warning: In design 'axi4_lite_tap', output port 'outport_araddr_o[31]' is connected directly to output port 'outport_peripheral2_araddr_o[31]'. (LINT-31)
Warning: In design 'axi4_lite_tap', output port 'outport_araddr_o[31]' is connected directly to output port 'outport_peripheral1_araddr_o[31]'. (LINT-31)
Warning: In design 'axi4_lite_tap', output port 'outport_araddr_o[31]' is connected directly to output port 'outport_peripheral0_araddr_o[31]'. (LINT-31)
Warning: In design 'axi4_lite_tap', output port 'outport_araddr_o[30]' is connected directly to output port 'outport_peripheral4_araddr_o[30]'. (LINT-31)
Warning: In design 'axi4_lite_tap', output port 'outport_araddr_o[30]' is connected directly to output port 'outport_peripheral3_araddr_o[30]'. (LINT-31)
Warning: In design 'axi4_lite_tap', output port 'outport_araddr_o[30]' is connected directly to output port 'outport_peripheral2_araddr_o[30]'. (LINT-31)
Warning: In design 'axi4_lite_tap', output port 'outport_araddr_o[30]' is connected directly to output port 'outport_peripheral1_araddr_o[30]'. (LINT-31)
Warning: In design 'axi4_lite_tap', output port 'outport_araddr_o[30]' is connected directly to output port 'outport_peripheral0_araddr_o[30]'. (LINT-31)
Warning: In design 'axi4_lite_tap', output port 'outport_araddr_o[29]' is connected directly to output port 'outport_peripheral4_araddr_o[29]'. (LINT-31)
Warning: In design 'axi4_lite_tap', output port 'outport_araddr_o[29]' is connected directly to output port 'outport_peripheral3_araddr_o[29]'. (LINT-31)
Warning: In design 'axi4_lite_tap', output port 'outport_araddr_o[29]' is connected directly to output port 'outport_peripheral2_araddr_o[29]'. (LINT-31)
Warning: In design 'axi4_lite_tap', output port 'outport_araddr_o[29]' is connected directly to output port 'outport_peripheral1_araddr_o[29]'. (LINT-31)
Warning: In design 'axi4_lite_tap', output port 'outport_araddr_o[29]' is connected directly to output port 'outport_peripheral0_araddr_o[29]'. (LINT-31)
Warning: In design 'axi4_lite_tap', output port 'outport_araddr_o[28]' is connected directly to output port 'outport_peripheral4_araddr_o[28]'. (LINT-31)
Warning: In design 'axi4_lite_tap', output port 'outport_araddr_o[28]' is connected directly to output port 'outport_peripheral3_araddr_o[28]'. (LINT-31)
Warning: In design 'axi4_lite_tap', output port 'outport_araddr_o[28]' is connected directly to output port 'outport_peripheral2_araddr_o[28]'. (LINT-31)
Warning: In design 'axi4_lite_tap', output port 'outport_araddr_o[28]' is connected directly to output port 'outport_peripheral1_araddr_o[28]'. (LINT-31)
Warning: In design 'axi4_lite_tap', output port 'outport_araddr_o[28]' is connected directly to output port 'outport_peripheral0_araddr_o[28]'. (LINT-31)
Warning: In design 'axi4_lite_tap', output port 'outport_araddr_o[27]' is connected directly to output port 'outport_peripheral4_araddr_o[27]'. (LINT-31)
Warning: In design 'axi4_lite_tap', output port 'outport_araddr_o[27]' is connected directly to output port 'outport_peripheral3_araddr_o[27]'. (LINT-31)
Warning: In design 'axi4_lite_tap', output port 'outport_araddr_o[27]' is connected directly to output port 'outport_peripheral2_araddr_o[27]'. (LINT-31)
Warning: In design 'axi4_lite_tap', output port 'outport_araddr_o[27]' is connected directly to output port 'outport_peripheral1_araddr_o[27]'. (LINT-31)
Warning: In design 'axi4_lite_tap', output port 'outport_araddr_o[27]' is connected directly to output port 'outport_peripheral0_araddr_o[27]'. (LINT-31)
Warning: In design 'axi4_lite_tap', output port 'outport_araddr_o[26]' is connected directly to output port 'outport_peripheral4_araddr_o[26]'. (LINT-31)
Warning: In design 'axi4_lite_tap', output port 'outport_araddr_o[26]' is connected directly to output port 'outport_peripheral3_araddr_o[26]'. (LINT-31)
Warning: In design 'axi4_lite_tap', output port 'outport_araddr_o[26]' is connected directly to output port 'outport_peripheral2_araddr_o[26]'. (LINT-31)
Warning: In design 'axi4_lite_tap', output port 'outport_araddr_o[26]' is connected directly to output port 'outport_peripheral1_araddr_o[26]'. (LINT-31)
Warning: In design 'axi4_lite_tap', output port 'outport_araddr_o[26]' is connected directly to output port 'outport_peripheral0_araddr_o[26]'. (LINT-31)
Warning: In design 'axi4_lite_tap', output port 'outport_araddr_o[25]' is connected directly to output port 'outport_peripheral4_araddr_o[25]'. (LINT-31)
Warning: In design 'axi4_lite_tap', output port 'outport_araddr_o[25]' is connected directly to output port 'outport_peripheral3_araddr_o[25]'. (LINT-31)
Warning: In design 'axi4_lite_tap', output port 'outport_araddr_o[25]' is connected directly to output port 'outport_peripheral2_araddr_o[25]'. (LINT-31)
Warning: In design 'axi4_lite_tap', output port 'outport_araddr_o[25]' is connected directly to output port 'outport_peripheral1_araddr_o[25]'. (LINT-31)
Warning: In design 'axi4_lite_tap', output port 'outport_araddr_o[25]' is connected directly to output port 'outport_peripheral0_araddr_o[25]'. (LINT-31)
Warning: In design 'axi4_lite_tap', output port 'outport_araddr_o[24]' is connected directly to output port 'outport_peripheral4_araddr_o[24]'. (LINT-31)
Warning: In design 'axi4_lite_tap', output port 'outport_araddr_o[24]' is connected directly to output port 'outport_peripheral3_araddr_o[24]'. (LINT-31)
Warning: In design 'axi4_lite_tap', output port 'outport_araddr_o[24]' is connected directly to output port 'outport_peripheral2_araddr_o[24]'. (LINT-31)
Warning: In design 'axi4_lite_tap', output port 'outport_araddr_o[24]' is connected directly to output port 'outport_peripheral1_araddr_o[24]'. (LINT-31)
Warning: In design 'axi4_lite_tap', output port 'outport_araddr_o[24]' is connected directly to output port 'outport_peripheral0_araddr_o[24]'. (LINT-31)
Warning: In design 'axi4_lite_tap', output port 'outport_araddr_o[23]' is connected directly to output port 'outport_peripheral4_araddr_o[23]'. (LINT-31)
Warning: In design 'axi4_lite_tap', output port 'outport_araddr_o[23]' is connected directly to output port 'outport_peripheral3_araddr_o[23]'. (LINT-31)
Warning: In design 'axi4_lite_tap', output port 'outport_araddr_o[23]' is connected directly to output port 'outport_peripheral2_araddr_o[23]'. (LINT-31)
Warning: In design 'axi4_lite_tap', output port 'outport_araddr_o[23]' is connected directly to output port 'outport_peripheral1_araddr_o[23]'. (LINT-31)
Warning: In design 'axi4_lite_tap', output port 'outport_araddr_o[23]' is connected directly to output port 'outport_peripheral0_araddr_o[23]'. (LINT-31)
Warning: In design 'axi4_lite_tap', output port 'outport_araddr_o[22]' is connected directly to output port 'outport_peripheral4_araddr_o[22]'. (LINT-31)
Warning: In design 'axi4_lite_tap', output port 'outport_araddr_o[22]' is connected directly to output port 'outport_peripheral3_araddr_o[22]'. (LINT-31)
Warning: In design 'axi4_lite_tap', output port 'outport_araddr_o[22]' is connected directly to output port 'outport_peripheral2_araddr_o[22]'. (LINT-31)
Warning: In design 'axi4_lite_tap', output port 'outport_araddr_o[22]' is connected directly to output port 'outport_peripheral1_araddr_o[22]'. (LINT-31)
Warning: In design 'axi4_lite_tap', output port 'outport_araddr_o[22]' is connected directly to output port 'outport_peripheral0_araddr_o[22]'. (LINT-31)
Warning: In design 'axi4_lite_tap', output port 'outport_araddr_o[21]' is connected directly to output port 'outport_peripheral4_araddr_o[21]'. (LINT-31)
Warning: In design 'axi4_lite_tap', output port 'outport_araddr_o[21]' is connected directly to output port 'outport_peripheral3_araddr_o[21]'. (LINT-31)
Warning: In design 'axi4_lite_tap', output port 'outport_araddr_o[21]' is connected directly to output port 'outport_peripheral2_araddr_o[21]'. (LINT-31)
Warning: In design 'axi4_lite_tap', output port 'outport_araddr_o[21]' is connected directly to output port 'outport_peripheral1_araddr_o[21]'. (LINT-31)
Warning: In design 'axi4_lite_tap', output port 'outport_araddr_o[21]' is connected directly to output port 'outport_peripheral0_araddr_o[21]'. (LINT-31)
Warning: In design 'axi4_lite_tap', output port 'outport_araddr_o[20]' is connected directly to output port 'outport_peripheral4_araddr_o[20]'. (LINT-31)
Warning: In design 'axi4_lite_tap', output port 'outport_araddr_o[20]' is connected directly to output port 'outport_peripheral3_araddr_o[20]'. (LINT-31)
Warning: In design 'axi4_lite_tap', output port 'outport_araddr_o[20]' is connected directly to output port 'outport_peripheral2_araddr_o[20]'. (LINT-31)
Warning: In design 'axi4_lite_tap', output port 'outport_araddr_o[20]' is connected directly to output port 'outport_peripheral1_araddr_o[20]'. (LINT-31)
Warning: In design 'axi4_lite_tap', output port 'outport_araddr_o[20]' is connected directly to output port 'outport_peripheral0_araddr_o[20]'. (LINT-31)
Warning: In design 'axi4_lite_tap', output port 'outport_araddr_o[19]' is connected directly to output port 'outport_peripheral4_araddr_o[19]'. (LINT-31)
Warning: In design 'axi4_lite_tap', output port 'outport_araddr_o[19]' is connected directly to output port 'outport_peripheral3_araddr_o[19]'. (LINT-31)
Warning: In design 'axi4_lite_tap', output port 'outport_araddr_o[19]' is connected directly to output port 'outport_peripheral2_araddr_o[19]'. (LINT-31)
Warning: In design 'axi4_lite_tap', output port 'outport_araddr_o[19]' is connected directly to output port 'outport_peripheral1_araddr_o[19]'. (LINT-31)
Warning: In design 'axi4_lite_tap', output port 'outport_araddr_o[19]' is connected directly to output port 'outport_peripheral0_araddr_o[19]'. (LINT-31)
Warning: In design 'axi4_lite_tap', output port 'outport_araddr_o[18]' is connected directly to output port 'outport_peripheral4_araddr_o[18]'. (LINT-31)
Warning: In design 'axi4_lite_tap', output port 'outport_araddr_o[18]' is connected directly to output port 'outport_peripheral3_araddr_o[18]'. (LINT-31)
Warning: In design 'axi4_lite_tap', output port 'outport_araddr_o[18]' is connected directly to output port 'outport_peripheral2_araddr_o[18]'. (LINT-31)
Warning: In design 'axi4_lite_tap', output port 'outport_araddr_o[18]' is connected directly to output port 'outport_peripheral1_araddr_o[18]'. (LINT-31)
Warning: In design 'axi4_lite_tap', output port 'outport_araddr_o[18]' is connected directly to output port 'outport_peripheral0_araddr_o[18]'. (LINT-31)
Warning: In design 'axi4_lite_tap', output port 'outport_araddr_o[17]' is connected directly to output port 'outport_peripheral4_araddr_o[17]'. (LINT-31)
Warning: In design 'axi4_lite_tap', output port 'outport_araddr_o[17]' is connected directly to output port 'outport_peripheral3_araddr_o[17]'. (LINT-31)
Warning: In design 'axi4_lite_tap', output port 'outport_araddr_o[17]' is connected directly to output port 'outport_peripheral2_araddr_o[17]'. (LINT-31)
Warning: In design 'axi4_lite_tap', output port 'outport_araddr_o[17]' is connected directly to output port 'outport_peripheral1_araddr_o[17]'. (LINT-31)
Warning: In design 'axi4_lite_tap', output port 'outport_araddr_o[17]' is connected directly to output port 'outport_peripheral0_araddr_o[17]'. (LINT-31)
Warning: In design 'axi4_lite_tap', output port 'outport_araddr_o[16]' is connected directly to output port 'outport_peripheral4_araddr_o[16]'. (LINT-31)
Warning: In design 'axi4_lite_tap', output port 'outport_araddr_o[16]' is connected directly to output port 'outport_peripheral3_araddr_o[16]'. (LINT-31)
Warning: In design 'axi4_lite_tap', output port 'outport_araddr_o[16]' is connected directly to output port 'outport_peripheral2_araddr_o[16]'. (LINT-31)
Warning: In design 'axi4_lite_tap', output port 'outport_araddr_o[16]' is connected directly to output port 'outport_peripheral1_araddr_o[16]'. (LINT-31)
Warning: In design 'axi4_lite_tap', output port 'outport_araddr_o[16]' is connected directly to output port 'outport_peripheral0_araddr_o[16]'. (LINT-31)
Warning: In design 'axi4_lite_tap', output port 'outport_araddr_o[15]' is connected directly to output port 'outport_peripheral4_araddr_o[15]'. (LINT-31)
Warning: In design 'axi4_lite_tap', output port 'outport_araddr_o[15]' is connected directly to output port 'outport_peripheral3_araddr_o[15]'. (LINT-31)
Warning: In design 'axi4_lite_tap', output port 'outport_araddr_o[15]' is connected directly to output port 'outport_peripheral2_araddr_o[15]'. (LINT-31)
Warning: In design 'axi4_lite_tap', output port 'outport_araddr_o[15]' is connected directly to output port 'outport_peripheral1_araddr_o[15]'. (LINT-31)
Warning: In design 'axi4_lite_tap', output port 'outport_araddr_o[15]' is connected directly to output port 'outport_peripheral0_araddr_o[15]'. (LINT-31)
Warning: In design 'axi4_lite_tap', output port 'outport_araddr_o[14]' is connected directly to output port 'outport_peripheral4_araddr_o[14]'. (LINT-31)
Warning: In design 'axi4_lite_tap', output port 'outport_araddr_o[14]' is connected directly to output port 'outport_peripheral3_araddr_o[14]'. (LINT-31)
Warning: In design 'axi4_lite_tap', output port 'outport_araddr_o[14]' is connected directly to output port 'outport_peripheral2_araddr_o[14]'. (LINT-31)
Warning: In design 'axi4_lite_tap', output port 'outport_araddr_o[14]' is connected directly to output port 'outport_peripheral1_araddr_o[14]'. (LINT-31)
Warning: In design 'axi4_lite_tap', output port 'outport_araddr_o[14]' is connected directly to output port 'outport_peripheral0_araddr_o[14]'. (LINT-31)
Warning: In design 'axi4_lite_tap', output port 'outport_araddr_o[13]' is connected directly to output port 'outport_peripheral4_araddr_o[13]'. (LINT-31)
Warning: In design 'axi4_lite_tap', output port 'outport_araddr_o[13]' is connected directly to output port 'outport_peripheral3_araddr_o[13]'. (LINT-31)
Warning: In design 'axi4_lite_tap', output port 'outport_araddr_o[13]' is connected directly to output port 'outport_peripheral2_araddr_o[13]'. (LINT-31)
Warning: In design 'axi4_lite_tap', output port 'outport_araddr_o[13]' is connected directly to output port 'outport_peripheral1_araddr_o[13]'. (LINT-31)
Warning: In design 'axi4_lite_tap', output port 'outport_araddr_o[13]' is connected directly to output port 'outport_peripheral0_araddr_o[13]'. (LINT-31)
Warning: In design 'axi4_lite_tap', output port 'outport_araddr_o[12]' is connected directly to output port 'outport_peripheral4_araddr_o[12]'. (LINT-31)
Warning: In design 'axi4_lite_tap', output port 'outport_araddr_o[12]' is connected directly to output port 'outport_peripheral3_araddr_o[12]'. (LINT-31)
Warning: In design 'axi4_lite_tap', output port 'outport_araddr_o[12]' is connected directly to output port 'outport_peripheral2_araddr_o[12]'. (LINT-31)
Warning: In design 'axi4_lite_tap', output port 'outport_araddr_o[12]' is connected directly to output port 'outport_peripheral1_araddr_o[12]'. (LINT-31)
Warning: In design 'axi4_lite_tap', output port 'outport_araddr_o[12]' is connected directly to output port 'outport_peripheral0_araddr_o[12]'. (LINT-31)
Warning: In design 'axi4_lite_tap', output port 'outport_araddr_o[11]' is connected directly to output port 'outport_peripheral4_araddr_o[11]'. (LINT-31)
Warning: In design 'axi4_lite_tap', output port 'outport_araddr_o[11]' is connected directly to output port 'outport_peripheral3_araddr_o[11]'. (LINT-31)
Warning: In design 'axi4_lite_tap', output port 'outport_araddr_o[11]' is connected directly to output port 'outport_peripheral2_araddr_o[11]'. (LINT-31)
Warning: In design 'axi4_lite_tap', output port 'outport_araddr_o[11]' is connected directly to output port 'outport_peripheral1_araddr_o[11]'. (LINT-31)
Warning: In design 'axi4_lite_tap', output port 'outport_araddr_o[11]' is connected directly to output port 'outport_peripheral0_araddr_o[11]'. (LINT-31)
Warning: In design 'axi4_lite_tap', output port 'outport_araddr_o[10]' is connected directly to output port 'outport_peripheral4_araddr_o[10]'. (LINT-31)
Warning: In design 'axi4_lite_tap', output port 'outport_araddr_o[10]' is connected directly to output port 'outport_peripheral3_araddr_o[10]'. (LINT-31)
Warning: In design 'axi4_lite_tap', output port 'outport_araddr_o[10]' is connected directly to output port 'outport_peripheral2_araddr_o[10]'. (LINT-31)
Warning: In design 'axi4_lite_tap', output port 'outport_araddr_o[10]' is connected directly to output port 'outport_peripheral1_araddr_o[10]'. (LINT-31)
Warning: In design 'axi4_lite_tap', output port 'outport_araddr_o[10]' is connected directly to output port 'outport_peripheral0_araddr_o[10]'. (LINT-31)
Warning: In design 'axi4_lite_tap', output port 'outport_araddr_o[9]' is connected directly to output port 'outport_peripheral4_araddr_o[9]'. (LINT-31)
Warning: In design 'axi4_lite_tap', output port 'outport_araddr_o[9]' is connected directly to output port 'outport_peripheral3_araddr_o[9]'. (LINT-31)
Warning: In design 'axi4_lite_tap', output port 'outport_araddr_o[9]' is connected directly to output port 'outport_peripheral2_araddr_o[9]'. (LINT-31)
Warning: In design 'axi4_lite_tap', output port 'outport_araddr_o[9]' is connected directly to output port 'outport_peripheral1_araddr_o[9]'. (LINT-31)
Warning: In design 'axi4_lite_tap', output port 'outport_araddr_o[9]' is connected directly to output port 'outport_peripheral0_araddr_o[9]'. (LINT-31)
Warning: In design 'axi4_lite_tap', output port 'outport_araddr_o[8]' is connected directly to output port 'outport_peripheral4_araddr_o[8]'. (LINT-31)
Warning: In design 'axi4_lite_tap', output port 'outport_araddr_o[8]' is connected directly to output port 'outport_peripheral3_araddr_o[8]'. (LINT-31)
Warning: In design 'axi4_lite_tap', output port 'outport_araddr_o[8]' is connected directly to output port 'outport_peripheral2_araddr_o[8]'. (LINT-31)
Warning: In design 'axi4_lite_tap', output port 'outport_araddr_o[8]' is connected directly to output port 'outport_peripheral1_araddr_o[8]'. (LINT-31)
Warning: In design 'axi4_lite_tap', output port 'outport_araddr_o[8]' is connected directly to output port 'outport_peripheral0_araddr_o[8]'. (LINT-31)
Warning: In design 'axi4_lite_tap', output port 'outport_araddr_o[7]' is connected directly to output port 'outport_peripheral4_araddr_o[7]'. (LINT-31)
Warning: In design 'axi4_lite_tap', output port 'outport_araddr_o[7]' is connected directly to output port 'outport_peripheral3_araddr_o[7]'. (LINT-31)
Warning: In design 'axi4_lite_tap', output port 'outport_araddr_o[7]' is connected directly to output port 'outport_peripheral2_araddr_o[7]'. (LINT-31)
Warning: In design 'axi4_lite_tap', output port 'outport_araddr_o[7]' is connected directly to output port 'outport_peripheral1_araddr_o[7]'. (LINT-31)
Warning: In design 'axi4_lite_tap', output port 'outport_araddr_o[7]' is connected directly to output port 'outport_peripheral0_araddr_o[7]'. (LINT-31)
Warning: In design 'axi4_lite_tap', output port 'outport_araddr_o[6]' is connected directly to output port 'outport_peripheral4_araddr_o[6]'. (LINT-31)
Warning: In design 'axi4_lite_tap', output port 'outport_araddr_o[6]' is connected directly to output port 'outport_peripheral3_araddr_o[6]'. (LINT-31)
Warning: In design 'axi4_lite_tap', output port 'outport_araddr_o[6]' is connected directly to output port 'outport_peripheral2_araddr_o[6]'. (LINT-31)
Warning: In design 'axi4_lite_tap', output port 'outport_araddr_o[6]' is connected directly to output port 'outport_peripheral1_araddr_o[6]'. (LINT-31)
Warning: In design 'axi4_lite_tap', output port 'outport_araddr_o[6]' is connected directly to output port 'outport_peripheral0_araddr_o[6]'. (LINT-31)
Warning: In design 'axi4_lite_tap', output port 'outport_araddr_o[5]' is connected directly to output port 'outport_peripheral4_araddr_o[5]'. (LINT-31)
Warning: In design 'axi4_lite_tap', output port 'outport_araddr_o[5]' is connected directly to output port 'outport_peripheral3_araddr_o[5]'. (LINT-31)
Warning: In design 'axi4_lite_tap', output port 'outport_araddr_o[5]' is connected directly to output port 'outport_peripheral2_araddr_o[5]'. (LINT-31)
Warning: In design 'axi4_lite_tap', output port 'outport_araddr_o[5]' is connected directly to output port 'outport_peripheral1_araddr_o[5]'. (LINT-31)
Warning: In design 'axi4_lite_tap', output port 'outport_araddr_o[5]' is connected directly to output port 'outport_peripheral0_araddr_o[5]'. (LINT-31)
Warning: In design 'axi4_lite_tap', output port 'outport_araddr_o[4]' is connected directly to output port 'outport_peripheral4_araddr_o[4]'. (LINT-31)
Warning: In design 'axi4_lite_tap', output port 'outport_araddr_o[4]' is connected directly to output port 'outport_peripheral3_araddr_o[4]'. (LINT-31)
Warning: In design 'axi4_lite_tap', output port 'outport_araddr_o[4]' is connected directly to output port 'outport_peripheral2_araddr_o[4]'. (LINT-31)
Warning: In design 'axi4_lite_tap', output port 'outport_araddr_o[4]' is connected directly to output port 'outport_peripheral1_araddr_o[4]'. (LINT-31)
Warning: In design 'axi4_lite_tap', output port 'outport_araddr_o[4]' is connected directly to output port 'outport_peripheral0_araddr_o[4]'. (LINT-31)
Warning: In design 'axi4_lite_tap', output port 'outport_araddr_o[3]' is connected directly to output port 'outport_peripheral4_araddr_o[3]'. (LINT-31)
Warning: In design 'axi4_lite_tap', output port 'outport_araddr_o[3]' is connected directly to output port 'outport_peripheral3_araddr_o[3]'. (LINT-31)
Warning: In design 'axi4_lite_tap', output port 'outport_araddr_o[3]' is connected directly to output port 'outport_peripheral2_araddr_o[3]'. (LINT-31)
Warning: In design 'axi4_lite_tap', output port 'outport_araddr_o[3]' is connected directly to output port 'outport_peripheral1_araddr_o[3]'. (LINT-31)
Warning: In design 'axi4_lite_tap', output port 'outport_araddr_o[3]' is connected directly to output port 'outport_peripheral0_araddr_o[3]'. (LINT-31)
Warning: In design 'axi4_lite_tap', output port 'outport_araddr_o[2]' is connected directly to output port 'outport_peripheral4_araddr_o[2]'. (LINT-31)
Warning: In design 'axi4_lite_tap', output port 'outport_araddr_o[2]' is connected directly to output port 'outport_peripheral3_araddr_o[2]'. (LINT-31)
Warning: In design 'axi4_lite_tap', output port 'outport_araddr_o[2]' is connected directly to output port 'outport_peripheral2_araddr_o[2]'. (LINT-31)
Warning: In design 'axi4_lite_tap', output port 'outport_araddr_o[2]' is connected directly to output port 'outport_peripheral1_araddr_o[2]'. (LINT-31)
Warning: In design 'axi4_lite_tap', output port 'outport_araddr_o[2]' is connected directly to output port 'outport_peripheral0_araddr_o[2]'. (LINT-31)
Warning: In design 'axi4_lite_tap', output port 'outport_araddr_o[1]' is connected directly to output port 'outport_peripheral4_araddr_o[1]'. (LINT-31)
Warning: In design 'axi4_lite_tap', output port 'outport_araddr_o[1]' is connected directly to output port 'outport_peripheral3_araddr_o[1]'. (LINT-31)
Warning: In design 'axi4_lite_tap', output port 'outport_araddr_o[1]' is connected directly to output port 'outport_peripheral2_araddr_o[1]'. (LINT-31)
Warning: In design 'axi4_lite_tap', output port 'outport_araddr_o[1]' is connected directly to output port 'outport_peripheral1_araddr_o[1]'. (LINT-31)
Warning: In design 'axi4_lite_tap', output port 'outport_araddr_o[1]' is connected directly to output port 'outport_peripheral0_araddr_o[1]'. (LINT-31)
Warning: In design 'axi4_lite_tap', output port 'outport_araddr_o[0]' is connected directly to output port 'outport_peripheral4_araddr_o[0]'. (LINT-31)
Warning: In design 'axi4_lite_tap', output port 'outport_araddr_o[0]' is connected directly to output port 'outport_peripheral3_araddr_o[0]'. (LINT-31)
Warning: In design 'axi4_lite_tap', output port 'outport_araddr_o[0]' is connected directly to output port 'outport_peripheral2_araddr_o[0]'. (LINT-31)
Warning: In design 'axi4_lite_tap', output port 'outport_araddr_o[0]' is connected directly to output port 'outport_peripheral1_araddr_o[0]'. (LINT-31)
Warning: In design 'axi4_lite_tap', output port 'outport_araddr_o[0]' is connected directly to output port 'outport_peripheral0_araddr_o[0]'. (LINT-31)
Warning: In design 'axi4_lite_tap', output port 'outport_rready_o' is connected directly to output port 'outport_peripheral4_rready_o'. (LINT-31)
Warning: In design 'axi4_lite_tap', output port 'outport_rready_o' is connected directly to output port 'outport_peripheral3_rready_o'. (LINT-31)
Warning: In design 'axi4_lite_tap', output port 'outport_rready_o' is connected directly to output port 'outport_peripheral2_rready_o'. (LINT-31)
Warning: In design 'axi4_lite_tap', output port 'outport_rready_o' is connected directly to output port 'outport_peripheral1_rready_o'. (LINT-31)
Warning: In design 'axi4_lite_tap', output port 'outport_rready_o' is connected directly to output port 'outport_peripheral0_rready_o'. (LINT-31)
Warning: In design 'axi4_arb', output port 'inport0_bresp_o[1]' is connected directly to output port 'inport3_bresp_o[1]'. (LINT-31)
Warning: In design 'axi4_arb', output port 'inport0_bresp_o[1]' is connected directly to output port 'inport2_bresp_o[1]'. (LINT-31)
Warning: In design 'axi4_arb', output port 'inport0_bresp_o[1]' is connected directly to output port 'inport1_bresp_o[1]'. (LINT-31)
Warning: In design 'axi4_arb', output port 'inport0_bresp_o[0]' is connected directly to output port 'inport3_bresp_o[0]'. (LINT-31)
Warning: In design 'axi4_arb', output port 'inport0_bresp_o[0]' is connected directly to output port 'inport2_bresp_o[0]'. (LINT-31)
Warning: In design 'axi4_arb', output port 'inport0_bresp_o[0]' is connected directly to output port 'inport1_bresp_o[0]'. (LINT-31)
Warning: In design 'axi4_arb', output port 'inport0_bid_o[3]' is connected directly to output port 'inport3_bid_o[3]'. (LINT-31)
Warning: In design 'axi4_arb', output port 'inport0_bid_o[3]' is connected directly to output port 'inport2_bid_o[3]'. (LINT-31)
Warning: In design 'axi4_arb', output port 'inport0_bid_o[3]' is connected directly to output port 'inport1_bid_o[3]'. (LINT-31)
Warning: In design 'axi4_arb', output port 'inport0_bid_o[2]' is connected directly to output port 'inport3_bid_o[2]'. (LINT-31)
Warning: In design 'axi4_arb', output port 'inport0_bid_o[2]' is connected directly to output port 'inport2_bid_o[2]'. (LINT-31)
Warning: In design 'axi4_arb', output port 'inport0_bid_o[2]' is connected directly to output port 'inport1_bid_o[2]'. (LINT-31)
Warning: In design 'axi4_arb', output port 'inport0_bid_o[1]' is connected directly to output port 'inport3_bid_o[1]'. (LINT-31)
Warning: In design 'axi4_arb', output port 'inport0_bid_o[1]' is connected directly to output port 'inport2_bid_o[1]'. (LINT-31)
Warning: In design 'axi4_arb', output port 'inport0_bid_o[1]' is connected directly to output port 'inport1_bid_o[1]'. (LINT-31)
Warning: In design 'axi4_arb', output port 'inport0_bid_o[0]' is connected directly to output port 'inport3_bid_o[0]'. (LINT-31)
Warning: In design 'axi4_arb', output port 'inport0_bid_o[0]' is connected directly to output port 'inport2_bid_o[0]'. (LINT-31)
Warning: In design 'axi4_arb', output port 'inport0_bid_o[0]' is connected directly to output port 'inport1_bid_o[0]'. (LINT-31)
Warning: In design 'axi4_arb', output port 'inport0_rdata_o[31]' is connected directly to output port 'inport3_rdata_o[31]'. (LINT-31)
Warning: In design 'axi4_arb', output port 'inport0_rdata_o[31]' is connected directly to output port 'inport2_rdata_o[31]'. (LINT-31)
Warning: In design 'axi4_arb', output port 'inport0_rdata_o[31]' is connected directly to output port 'inport1_rdata_o[31]'. (LINT-31)
Warning: In design 'axi4_arb', output port 'inport0_rdata_o[30]' is connected directly to output port 'inport3_rdata_o[30]'. (LINT-31)
Warning: In design 'axi4_arb', output port 'inport0_rdata_o[30]' is connected directly to output port 'inport2_rdata_o[30]'. (LINT-31)
Warning: In design 'axi4_arb', output port 'inport0_rdata_o[30]' is connected directly to output port 'inport1_rdata_o[30]'. (LINT-31)
Warning: In design 'axi4_arb', output port 'inport0_rdata_o[29]' is connected directly to output port 'inport3_rdata_o[29]'. (LINT-31)
Warning: In design 'axi4_arb', output port 'inport0_rdata_o[29]' is connected directly to output port 'inport2_rdata_o[29]'. (LINT-31)
Warning: In design 'axi4_arb', output port 'inport0_rdata_o[29]' is connected directly to output port 'inport1_rdata_o[29]'. (LINT-31)
Warning: In design 'axi4_arb', output port 'inport0_rdata_o[28]' is connected directly to output port 'inport3_rdata_o[28]'. (LINT-31)
Warning: In design 'axi4_arb', output port 'inport0_rdata_o[28]' is connected directly to output port 'inport2_rdata_o[28]'. (LINT-31)
Warning: In design 'axi4_arb', output port 'inport0_rdata_o[28]' is connected directly to output port 'inport1_rdata_o[28]'. (LINT-31)
Warning: In design 'axi4_arb', output port 'inport0_rdata_o[27]' is connected directly to output port 'inport3_rdata_o[27]'. (LINT-31)
Warning: In design 'axi4_arb', output port 'inport0_rdata_o[27]' is connected directly to output port 'inport2_rdata_o[27]'. (LINT-31)
Warning: In design 'axi4_arb', output port 'inport0_rdata_o[27]' is connected directly to output port 'inport1_rdata_o[27]'. (LINT-31)
Warning: In design 'axi4_arb', output port 'inport0_rdata_o[26]' is connected directly to output port 'inport3_rdata_o[26]'. (LINT-31)
Warning: In design 'axi4_arb', output port 'inport0_rdata_o[26]' is connected directly to output port 'inport2_rdata_o[26]'. (LINT-31)
Warning: In design 'axi4_arb', output port 'inport0_rdata_o[26]' is connected directly to output port 'inport1_rdata_o[26]'. (LINT-31)
Warning: In design 'axi4_arb', output port 'inport0_rdata_o[25]' is connected directly to output port 'inport3_rdata_o[25]'. (LINT-31)
Warning: In design 'axi4_arb', output port 'inport0_rdata_o[25]' is connected directly to output port 'inport2_rdata_o[25]'. (LINT-31)
Warning: In design 'axi4_arb', output port 'inport0_rdata_o[25]' is connected directly to output port 'inport1_rdata_o[25]'. (LINT-31)
Warning: In design 'axi4_arb', output port 'inport0_rdata_o[24]' is connected directly to output port 'inport3_rdata_o[24]'. (LINT-31)
Warning: In design 'axi4_arb', output port 'inport0_rdata_o[24]' is connected directly to output port 'inport2_rdata_o[24]'. (LINT-31)
Warning: In design 'axi4_arb', output port 'inport0_rdata_o[24]' is connected directly to output port 'inport1_rdata_o[24]'. (LINT-31)
Warning: In design 'axi4_arb', output port 'inport0_rdata_o[23]' is connected directly to output port 'inport3_rdata_o[23]'. (LINT-31)
Warning: In design 'axi4_arb', output port 'inport0_rdata_o[23]' is connected directly to output port 'inport2_rdata_o[23]'. (LINT-31)
Warning: In design 'axi4_arb', output port 'inport0_rdata_o[23]' is connected directly to output port 'inport1_rdata_o[23]'. (LINT-31)
Warning: In design 'axi4_arb', output port 'inport0_rdata_o[22]' is connected directly to output port 'inport3_rdata_o[22]'. (LINT-31)
Warning: In design 'axi4_arb', output port 'inport0_rdata_o[22]' is connected directly to output port 'inport2_rdata_o[22]'. (LINT-31)
Warning: In design 'axi4_arb', output port 'inport0_rdata_o[22]' is connected directly to output port 'inport1_rdata_o[22]'. (LINT-31)
Warning: In design 'axi4_arb', output port 'inport0_rdata_o[21]' is connected directly to output port 'inport3_rdata_o[21]'. (LINT-31)
Warning: In design 'axi4_arb', output port 'inport0_rdata_o[21]' is connected directly to output port 'inport2_rdata_o[21]'. (LINT-31)
Warning: In design 'axi4_arb', output port 'inport0_rdata_o[21]' is connected directly to output port 'inport1_rdata_o[21]'. (LINT-31)
Warning: In design 'axi4_arb', output port 'inport0_rdata_o[20]' is connected directly to output port 'inport3_rdata_o[20]'. (LINT-31)
Warning: In design 'axi4_arb', output port 'inport0_rdata_o[20]' is connected directly to output port 'inport2_rdata_o[20]'. (LINT-31)
Warning: In design 'axi4_arb', output port 'inport0_rdata_o[20]' is connected directly to output port 'inport1_rdata_o[20]'. (LINT-31)
Warning: In design 'axi4_arb', output port 'inport0_rdata_o[19]' is connected directly to output port 'inport3_rdata_o[19]'. (LINT-31)
Warning: In design 'axi4_arb', output port 'inport0_rdata_o[19]' is connected directly to output port 'inport2_rdata_o[19]'. (LINT-31)
Warning: In design 'axi4_arb', output port 'inport0_rdata_o[19]' is connected directly to output port 'inport1_rdata_o[19]'. (LINT-31)
Warning: In design 'axi4_arb', output port 'inport0_rdata_o[18]' is connected directly to output port 'inport3_rdata_o[18]'. (LINT-31)
Warning: In design 'axi4_arb', output port 'inport0_rdata_o[18]' is connected directly to output port 'inport2_rdata_o[18]'. (LINT-31)
Warning: In design 'axi4_arb', output port 'inport0_rdata_o[18]' is connected directly to output port 'inport1_rdata_o[18]'. (LINT-31)
Warning: In design 'axi4_arb', output port 'inport0_rdata_o[17]' is connected directly to output port 'inport3_rdata_o[17]'. (LINT-31)
Warning: In design 'axi4_arb', output port 'inport0_rdata_o[17]' is connected directly to output port 'inport2_rdata_o[17]'. (LINT-31)
Warning: In design 'axi4_arb', output port 'inport0_rdata_o[17]' is connected directly to output port 'inport1_rdata_o[17]'. (LINT-31)
Warning: In design 'axi4_arb', output port 'inport0_rdata_o[16]' is connected directly to output port 'inport3_rdata_o[16]'. (LINT-31)
Warning: In design 'axi4_arb', output port 'inport0_rdata_o[16]' is connected directly to output port 'inport2_rdata_o[16]'. (LINT-31)
Warning: In design 'axi4_arb', output port 'inport0_rdata_o[16]' is connected directly to output port 'inport1_rdata_o[16]'. (LINT-31)
Warning: In design 'axi4_arb', output port 'inport0_rdata_o[15]' is connected directly to output port 'inport3_rdata_o[15]'. (LINT-31)
Warning: In design 'axi4_arb', output port 'inport0_rdata_o[15]' is connected directly to output port 'inport2_rdata_o[15]'. (LINT-31)
Warning: In design 'axi4_arb', output port 'inport0_rdata_o[15]' is connected directly to output port 'inport1_rdata_o[15]'. (LINT-31)
Warning: In design 'axi4_arb', output port 'inport0_rdata_o[14]' is connected directly to output port 'inport3_rdata_o[14]'. (LINT-31)
Warning: In design 'axi4_arb', output port 'inport0_rdata_o[14]' is connected directly to output port 'inport2_rdata_o[14]'. (LINT-31)
Warning: In design 'axi4_arb', output port 'inport0_rdata_o[14]' is connected directly to output port 'inport1_rdata_o[14]'. (LINT-31)
Warning: In design 'axi4_arb', output port 'inport0_rdata_o[13]' is connected directly to output port 'inport3_rdata_o[13]'. (LINT-31)
Warning: In design 'axi4_arb', output port 'inport0_rdata_o[13]' is connected directly to output port 'inport2_rdata_o[13]'. (LINT-31)
Warning: In design 'axi4_arb', output port 'inport0_rdata_o[13]' is connected directly to output port 'inport1_rdata_o[13]'. (LINT-31)
Warning: In design 'axi4_arb', output port 'inport0_rdata_o[12]' is connected directly to output port 'inport3_rdata_o[12]'. (LINT-31)
Warning: In design 'axi4_arb', output port 'inport0_rdata_o[12]' is connected directly to output port 'inport2_rdata_o[12]'. (LINT-31)
Warning: In design 'axi4_arb', output port 'inport0_rdata_o[12]' is connected directly to output port 'inport1_rdata_o[12]'. (LINT-31)
Warning: In design 'axi4_arb', output port 'inport0_rdata_o[11]' is connected directly to output port 'inport3_rdata_o[11]'. (LINT-31)
Warning: In design 'axi4_arb', output port 'inport0_rdata_o[11]' is connected directly to output port 'inport2_rdata_o[11]'. (LINT-31)
Warning: In design 'axi4_arb', output port 'inport0_rdata_o[11]' is connected directly to output port 'inport1_rdata_o[11]'. (LINT-31)
Warning: In design 'axi4_arb', output port 'inport0_rdata_o[10]' is connected directly to output port 'inport3_rdata_o[10]'. (LINT-31)
Warning: In design 'axi4_arb', output port 'inport0_rdata_o[10]' is connected directly to output port 'inport2_rdata_o[10]'. (LINT-31)
Warning: In design 'axi4_arb', output port 'inport0_rdata_o[10]' is connected directly to output port 'inport1_rdata_o[10]'. (LINT-31)
Warning: In design 'axi4_arb', output port 'inport0_rdata_o[9]' is connected directly to output port 'inport3_rdata_o[9]'. (LINT-31)
Warning: In design 'axi4_arb', output port 'inport0_rdata_o[9]' is connected directly to output port 'inport2_rdata_o[9]'. (LINT-31)
Warning: In design 'axi4_arb', output port 'inport0_rdata_o[9]' is connected directly to output port 'inport1_rdata_o[9]'. (LINT-31)
Warning: In design 'axi4_arb', output port 'inport0_rdata_o[8]' is connected directly to output port 'inport3_rdata_o[8]'. (LINT-31)
Warning: In design 'axi4_arb', output port 'inport0_rdata_o[8]' is connected directly to output port 'inport2_rdata_o[8]'. (LINT-31)
Warning: In design 'axi4_arb', output port 'inport0_rdata_o[8]' is connected directly to output port 'inport1_rdata_o[8]'. (LINT-31)
Warning: In design 'axi4_arb', output port 'inport0_rdata_o[7]' is connected directly to output port 'inport3_rdata_o[7]'. (LINT-31)
Warning: In design 'axi4_arb', output port 'inport0_rdata_o[7]' is connected directly to output port 'inport2_rdata_o[7]'. (LINT-31)
Warning: In design 'axi4_arb', output port 'inport0_rdata_o[7]' is connected directly to output port 'inport1_rdata_o[7]'. (LINT-31)
Warning: In design 'axi4_arb', output port 'inport0_rdata_o[6]' is connected directly to output port 'inport3_rdata_o[6]'. (LINT-31)
Warning: In design 'axi4_arb', output port 'inport0_rdata_o[6]' is connected directly to output port 'inport2_rdata_o[6]'. (LINT-31)
Warning: In design 'axi4_arb', output port 'inport0_rdata_o[6]' is connected directly to output port 'inport1_rdata_o[6]'. (LINT-31)
Warning: In design 'axi4_arb', output port 'inport0_rdata_o[5]' is connected directly to output port 'inport3_rdata_o[5]'. (LINT-31)
Warning: In design 'axi4_arb', output port 'inport0_rdata_o[5]' is connected directly to output port 'inport2_rdata_o[5]'. (LINT-31)
Warning: In design 'axi4_arb', output port 'inport0_rdata_o[5]' is connected directly to output port 'inport1_rdata_o[5]'. (LINT-31)
Warning: In design 'axi4_arb', output port 'inport0_rdata_o[4]' is connected directly to output port 'inport3_rdata_o[4]'. (LINT-31)
Warning: In design 'axi4_arb', output port 'inport0_rdata_o[4]' is connected directly to output port 'inport2_rdata_o[4]'. (LINT-31)
Warning: In design 'axi4_arb', output port 'inport0_rdata_o[4]' is connected directly to output port 'inport1_rdata_o[4]'. (LINT-31)
Warning: In design 'axi4_arb', output port 'inport0_rdata_o[3]' is connected directly to output port 'inport3_rdata_o[3]'. (LINT-31)
Warning: In design 'axi4_arb', output port 'inport0_rdata_o[3]' is connected directly to output port 'inport2_rdata_o[3]'. (LINT-31)
Warning: In design 'axi4_arb', output port 'inport0_rdata_o[3]' is connected directly to output port 'inport1_rdata_o[3]'. (LINT-31)
Warning: In design 'axi4_arb', output port 'inport0_rdata_o[2]' is connected directly to output port 'inport3_rdata_o[2]'. (LINT-31)
Warning: In design 'axi4_arb', output port 'inport0_rdata_o[2]' is connected directly to output port 'inport2_rdata_o[2]'. (LINT-31)
Warning: In design 'axi4_arb', output port 'inport0_rdata_o[2]' is connected directly to output port 'inport1_rdata_o[2]'. (LINT-31)
Warning: In design 'axi4_arb', output port 'inport0_rdata_o[1]' is connected directly to output port 'inport3_rdata_o[1]'. (LINT-31)
Warning: In design 'axi4_arb', output port 'inport0_rdata_o[1]' is connected directly to output port 'inport2_rdata_o[1]'. (LINT-31)
Warning: In design 'axi4_arb', output port 'inport0_rdata_o[1]' is connected directly to output port 'inport1_rdata_o[1]'. (LINT-31)
Warning: In design 'axi4_arb', output port 'inport0_rdata_o[0]' is connected directly to output port 'inport3_rdata_o[0]'. (LINT-31)
Warning: In design 'axi4_arb', output port 'inport0_rdata_o[0]' is connected directly to output port 'inport2_rdata_o[0]'. (LINT-31)
Warning: In design 'axi4_arb', output port 'inport0_rdata_o[0]' is connected directly to output port 'inport1_rdata_o[0]'. (LINT-31)
Warning: In design 'axi4_arb', output port 'inport0_rresp_o[1]' is connected directly to output port 'inport3_rresp_o[1]'. (LINT-31)
Warning: In design 'axi4_arb', output port 'inport0_rresp_o[1]' is connected directly to output port 'inport2_rresp_o[1]'. (LINT-31)
Warning: In design 'axi4_arb', output port 'inport0_rresp_o[1]' is connected directly to output port 'inport1_rresp_o[1]'. (LINT-31)
Warning: In design 'axi4_arb', output port 'inport0_rresp_o[0]' is connected directly to output port 'inport3_rresp_o[0]'. (LINT-31)
Warning: In design 'axi4_arb', output port 'inport0_rresp_o[0]' is connected directly to output port 'inport2_rresp_o[0]'. (LINT-31)
Warning: In design 'axi4_arb', output port 'inport0_rresp_o[0]' is connected directly to output port 'inport1_rresp_o[0]'. (LINT-31)
Warning: In design 'axi4_arb', output port 'inport0_rid_o[3]' is connected directly to output port 'inport3_rid_o[3]'. (LINT-31)
Warning: In design 'axi4_arb', output port 'inport0_rid_o[3]' is connected directly to output port 'inport2_rid_o[3]'. (LINT-31)
Warning: In design 'axi4_arb', output port 'inport0_rid_o[3]' is connected directly to output port 'inport1_rid_o[3]'. (LINT-31)
Warning: In design 'axi4_arb', output port 'inport0_rid_o[2]' is connected directly to output port 'inport3_rid_o[2]'. (LINT-31)
Warning: In design 'axi4_arb', output port 'inport0_rid_o[2]' is connected directly to output port 'inport2_rid_o[2]'. (LINT-31)
Warning: In design 'axi4_arb', output port 'inport0_rid_o[2]' is connected directly to output port 'inport1_rid_o[2]'. (LINT-31)
Warning: In design 'axi4_arb', output port 'inport0_rid_o[1]' is connected directly to output port 'inport3_rid_o[1]'. (LINT-31)
Warning: In design 'axi4_arb', output port 'inport0_rid_o[1]' is connected directly to output port 'inport2_rid_o[1]'. (LINT-31)
Warning: In design 'axi4_arb', output port 'inport0_rid_o[1]' is connected directly to output port 'inport1_rid_o[1]'. (LINT-31)
Warning: In design 'axi4_arb', output port 'inport0_rid_o[0]' is connected directly to output port 'inport3_rid_o[0]'. (LINT-31)
Warning: In design 'axi4_arb', output port 'inport0_rid_o[0]' is connected directly to output port 'inport2_rid_o[0]'. (LINT-31)
Warning: In design 'axi4_arb', output port 'inport0_rid_o[0]' is connected directly to output port 'inport1_rid_o[0]'. (LINT-31)
Warning: In design 'axi4_arb', output port 'inport0_rlast_o' is connected directly to output port 'inport3_rlast_o'. (LINT-31)
Warning: In design 'axi4_arb', output port 'inport0_rlast_o' is connected directly to output port 'inport2_rlast_o'. (LINT-31)
Warning: In design 'axi4_arb', output port 'inport0_rlast_o' is connected directly to output port 'inport1_rlast_o'. (LINT-31)
Warning: In design 'spi_lite', output port 'cfg_awready_o' is connected directly to output port 'cfg_wready_o'. (LINT-31)
Warning: In design 'spi_lite', output port 'cfg_bresp_o[1]' is connected directly to output port 'cfg_bresp_o[0]'. (LINT-31)
Warning: In design 'spi_lite', output port 'cfg_bresp_o[1]' is connected directly to output port 'cfg_rresp_o[0]'. (LINT-31)
Warning: In design 'spi_lite', output port 'cfg_bresp_o[1]' is connected directly to output port 'cfg_rresp_o[1]'. (LINT-31)
Warning: In design 'gpio', output port 'cfg_awready_o' is connected directly to output port 'cfg_wready_o'. (LINT-31)
Warning: In design 'gpio', output port 'cfg_bresp_o[1]' is connected directly to output port 'cfg_bresp_o[0]'. (LINT-31)
Warning: In design 'gpio', output port 'cfg_bresp_o[1]' is connected directly to output port 'cfg_rresp_o[0]'. (LINT-31)
Warning: In design 'gpio', output port 'cfg_bresp_o[1]' is connected directly to output port 'cfg_rresp_o[1]'. (LINT-31)
Warning: In design 'riscv_exec', output port 'writeback_squash_o' is connected directly to output port 'stall_o'. (LINT-31)
Warning: In design 'riscv_mmu', output port 'outport_data_wr_o[31]' is connected directly to output port 'outport_flush_o'. (LINT-31)
Warning: In design 'riscv_mmu', output port 'outport_data_wr_o[31]' is connected directly to output port 'outport_invalidate_o'. (LINT-31)
Warning: In design 'riscv_mmu', output port 'outport_data_wr_o[31]' is connected directly to output port 'outport_req_tag_o[0]'. (LINT-31)
Warning: In design 'riscv_mmu', output port 'outport_data_wr_o[31]' is connected directly to output port 'outport_req_tag_o[1]'. (LINT-31)
Warning: In design 'riscv_mmu', output port 'outport_data_wr_o[31]' is connected directly to output port 'outport_req_tag_o[2]'. (LINT-31)
Warning: In design 'riscv_mmu', output port 'outport_data_wr_o[31]' is connected directly to output port 'outport_req_tag_o[3]'. (LINT-31)
Warning: In design 'riscv_mmu', output port 'outport_data_wr_o[31]' is connected directly to output port 'outport_req_tag_o[4]'. (LINT-31)
Warning: In design 'riscv_mmu', output port 'outport_data_wr_o[31]' is connected directly to output port 'outport_req_tag_o[5]'. (LINT-31)
Warning: In design 'riscv_mmu', output port 'outport_data_wr_o[31]' is connected directly to output port 'outport_req_tag_o[6]'. (LINT-31)
Warning: In design 'riscv_mmu', output port 'outport_data_wr_o[31]' is connected directly to output port 'outport_req_tag_o[7]'. (LINT-31)
Warning: In design 'riscv_mmu', output port 'outport_data_wr_o[31]' is connected directly to output port 'outport_req_tag_o[8]'. (LINT-31)
Warning: In design 'riscv_mmu', output port 'outport_data_wr_o[31]' is connected directly to output port 'outport_req_tag_o[9]'. (LINT-31)
Warning: In design 'riscv_mmu', output port 'outport_data_wr_o[31]' is connected directly to output port 'outport_req_tag_o[10]'. (LINT-31)
Warning: In design 'riscv_mmu', output port 'outport_data_wr_o[31]' is connected directly to output port 'outport_wr_o[0]'. (LINT-31)
Warning: In design 'riscv_mmu', output port 'outport_data_wr_o[31]' is connected directly to output port 'outport_wr_o[1]'. (LINT-31)
Warning: In design 'riscv_mmu', output port 'outport_data_wr_o[31]' is connected directly to output port 'outport_wr_o[2]'. (LINT-31)
Warning: In design 'riscv_mmu', output port 'outport_data_wr_o[31]' is connected directly to output port 'outport_wr_o[3]'. (LINT-31)
Warning: In design 'riscv_mmu', output port 'outport_data_wr_o[31]' is connected directly to output port 'outport_data_wr_o[0]'. (LINT-31)
Warning: In design 'riscv_mmu', output port 'outport_data_wr_o[31]' is connected directly to output port 'outport_data_wr_o[1]'. (LINT-31)
Warning: In design 'riscv_mmu', output port 'outport_data_wr_o[31]' is connected directly to output port 'outport_data_wr_o[2]'. (LINT-31)
Warning: In design 'riscv_mmu', output port 'outport_data_wr_o[31]' is connected directly to output port 'outport_data_wr_o[3]'. (LINT-31)
Warning: In design 'riscv_mmu', output port 'outport_data_wr_o[31]' is connected directly to output port 'outport_data_wr_o[4]'. (LINT-31)
Warning: In design 'riscv_mmu', output port 'outport_data_wr_o[31]' is connected directly to output port 'outport_data_wr_o[5]'. (LINT-31)
Warning: In design 'riscv_mmu', output port 'outport_data_wr_o[31]' is connected directly to output port 'outport_data_wr_o[6]'. (LINT-31)
Warning: In design 'riscv_mmu', output port 'outport_data_wr_o[31]' is connected directly to output port 'outport_data_wr_o[7]'. (LINT-31)
Warning: In design 'riscv_mmu', output port 'outport_data_wr_o[31]' is connected directly to output port 'outport_data_wr_o[8]'. (LINT-31)
Warning: In design 'riscv_mmu', output port 'outport_data_wr_o[31]' is connected directly to output port 'outport_data_wr_o[9]'. (LINT-31)
Warning: In design 'riscv_mmu', output port 'outport_data_wr_o[31]' is connected directly to output port 'outport_data_wr_o[10]'. (LINT-31)
Warning: In design 'riscv_mmu', output port 'outport_data_wr_o[31]' is connected directly to output port 'outport_data_wr_o[11]'. (LINT-31)
Warning: In design 'riscv_mmu', output port 'outport_data_wr_o[31]' is connected directly to output port 'outport_data_wr_o[12]'. (LINT-31)
Warning: In design 'riscv_mmu', output port 'outport_data_wr_o[31]' is connected directly to output port 'outport_data_wr_o[13]'. (LINT-31)
Warning: In design 'riscv_mmu', output port 'outport_data_wr_o[31]' is connected directly to output port 'outport_data_wr_o[14]'. (LINT-31)
Warning: In design 'riscv_mmu', output port 'outport_data_wr_o[31]' is connected directly to output port 'outport_data_wr_o[15]'. (LINT-31)
Warning: In design 'riscv_mmu', output port 'outport_data_wr_o[31]' is connected directly to output port 'outport_data_wr_o[16]'. (LINT-31)
Warning: In design 'riscv_mmu', output port 'outport_data_wr_o[31]' is connected directly to output port 'outport_data_wr_o[17]'. (LINT-31)
Warning: In design 'riscv_mmu', output port 'outport_data_wr_o[31]' is connected directly to output port 'outport_data_wr_o[18]'. (LINT-31)
Warning: In design 'riscv_mmu', output port 'outport_data_wr_o[31]' is connected directly to output port 'outport_data_wr_o[19]'. (LINT-31)
Warning: In design 'riscv_mmu', output port 'outport_data_wr_o[31]' is connected directly to output port 'outport_data_wr_o[20]'. (LINT-31)
Warning: In design 'riscv_mmu', output port 'outport_data_wr_o[31]' is connected directly to output port 'outport_data_wr_o[21]'. (LINT-31)
Warning: In design 'riscv_mmu', output port 'outport_data_wr_o[31]' is connected directly to output port 'outport_data_wr_o[22]'. (LINT-31)
Warning: In design 'riscv_mmu', output port 'outport_data_wr_o[31]' is connected directly to output port 'outport_data_wr_o[23]'. (LINT-31)
Warning: In design 'riscv_mmu', output port 'outport_data_wr_o[31]' is connected directly to output port 'outport_data_wr_o[24]'. (LINT-31)
Warning: In design 'riscv_mmu', output port 'outport_data_wr_o[31]' is connected directly to output port 'outport_data_wr_o[25]'. (LINT-31)
Warning: In design 'riscv_mmu', output port 'outport_data_wr_o[31]' is connected directly to output port 'outport_data_wr_o[26]'. (LINT-31)
Warning: In design 'riscv_mmu', output port 'outport_data_wr_o[31]' is connected directly to output port 'outport_data_wr_o[27]'. (LINT-31)
Warning: In design 'riscv_mmu', output port 'outport_data_wr_o[31]' is connected directly to output port 'outport_data_wr_o[28]'. (LINT-31)
Warning: In design 'riscv_mmu', output port 'outport_data_wr_o[31]' is connected directly to output port 'outport_data_wr_o[29]'. (LINT-31)
Warning: In design 'riscv_mmu', output port 'outport_data_wr_o[31]' is connected directly to output port 'outport_data_wr_o[30]'. (LINT-31)
Warning: In design 'riscv_mmu', output port 'fetch_out_pc_o[11]' is connected directly to output port 'fetch_fault_addr_o[11]'. (LINT-31)
Warning: In design 'riscv_mmu', output port 'fetch_out_pc_o[10]' is connected directly to output port 'fetch_fault_addr_o[10]'. (LINT-31)
Warning: In design 'riscv_mmu', output port 'fetch_out_pc_o[9]' is connected directly to output port 'fetch_fault_addr_o[9]'. (LINT-31)
Warning: In design 'riscv_mmu', output port 'fetch_out_pc_o[8]' is connected directly to output port 'fetch_fault_addr_o[8]'. (LINT-31)
Warning: In design 'riscv_mmu', output port 'fetch_out_pc_o[7]' is connected directly to output port 'fetch_fault_addr_o[7]'. (LINT-31)
Warning: In design 'riscv_mmu', output port 'fetch_out_pc_o[6]' is connected directly to output port 'fetch_fault_addr_o[6]'. (LINT-31)
Warning: In design 'riscv_mmu', output port 'fetch_out_pc_o[5]' is connected directly to output port 'fetch_fault_addr_o[5]'. (LINT-31)
Warning: In design 'riscv_mmu', output port 'fetch_out_pc_o[4]' is connected directly to output port 'fetch_fault_addr_o[4]'. (LINT-31)
Warning: In design 'riscv_mmu', output port 'fetch_out_pc_o[3]' is connected directly to output port 'fetch_fault_addr_o[3]'. (LINT-31)
Warning: In design 'riscv_mmu', output port 'fetch_out_pc_o[2]' is connected directly to output port 'fetch_fault_addr_o[2]'. (LINT-31)
Warning: In design 'riscv_mmu', output port 'fetch_out_pc_o[1]' is connected directly to output port 'fetch_fault_addr_o[1]'. (LINT-31)
Warning: In design 'riscv_mmu', output port 'fetch_out_pc_o[0]' is connected directly to output port 'fetch_fault_addr_o[0]'. (LINT-31)
Warning: In design 'riscv_mmu_arb', output port 'inport_cpu_data_rd_o[31]' is connected directly to output port 'inport_mmu_data_rd_o[31]'. (LINT-31)
Warning: In design 'riscv_mmu_arb', output port 'inport_cpu_data_rd_o[30]' is connected directly to output port 'inport_mmu_data_rd_o[30]'. (LINT-31)
Warning: In design 'riscv_mmu_arb', output port 'inport_cpu_data_rd_o[29]' is connected directly to output port 'inport_mmu_data_rd_o[29]'. (LINT-31)
Warning: In design 'riscv_mmu_arb', output port 'inport_cpu_data_rd_o[28]' is connected directly to output port 'inport_mmu_data_rd_o[28]'. (LINT-31)
Warning: In design 'riscv_mmu_arb', output port 'inport_cpu_data_rd_o[27]' is connected directly to output port 'inport_mmu_data_rd_o[27]'. (LINT-31)
Warning: In design 'riscv_mmu_arb', output port 'inport_cpu_data_rd_o[26]' is connected directly to output port 'inport_mmu_data_rd_o[26]'. (LINT-31)
Warning: In design 'riscv_mmu_arb', output port 'inport_cpu_data_rd_o[25]' is connected directly to output port 'inport_mmu_data_rd_o[25]'. (LINT-31)
Warning: In design 'riscv_mmu_arb', output port 'inport_cpu_data_rd_o[24]' is connected directly to output port 'inport_mmu_data_rd_o[24]'. (LINT-31)
Warning: In design 'riscv_mmu_arb', output port 'inport_cpu_data_rd_o[23]' is connected directly to output port 'inport_mmu_data_rd_o[23]'. (LINT-31)
Warning: In design 'riscv_mmu_arb', output port 'inport_cpu_data_rd_o[22]' is connected directly to output port 'inport_mmu_data_rd_o[22]'. (LINT-31)
Warning: In design 'riscv_mmu_arb', output port 'inport_cpu_data_rd_o[21]' is connected directly to output port 'inport_mmu_data_rd_o[21]'. (LINT-31)
Warning: In design 'riscv_mmu_arb', output port 'inport_cpu_data_rd_o[20]' is connected directly to output port 'inport_mmu_data_rd_o[20]'. (LINT-31)
Warning: In design 'riscv_mmu_arb', output port 'inport_cpu_data_rd_o[19]' is connected directly to output port 'inport_mmu_data_rd_o[19]'. (LINT-31)
Warning: In design 'riscv_mmu_arb', output port 'inport_cpu_data_rd_o[18]' is connected directly to output port 'inport_mmu_data_rd_o[18]'. (LINT-31)
Warning: In design 'riscv_mmu_arb', output port 'inport_cpu_data_rd_o[17]' is connected directly to output port 'inport_mmu_data_rd_o[17]'. (LINT-31)
Warning: In design 'riscv_mmu_arb', output port 'inport_cpu_data_rd_o[16]' is connected directly to output port 'inport_mmu_data_rd_o[16]'. (LINT-31)
Warning: In design 'riscv_mmu_arb', output port 'inport_cpu_data_rd_o[15]' is connected directly to output port 'inport_mmu_data_rd_o[15]'. (LINT-31)
Warning: In design 'riscv_mmu_arb', output port 'inport_cpu_data_rd_o[14]' is connected directly to output port 'inport_mmu_data_rd_o[14]'. (LINT-31)
Warning: In design 'riscv_mmu_arb', output port 'inport_cpu_data_rd_o[13]' is connected directly to output port 'inport_mmu_data_rd_o[13]'. (LINT-31)
Warning: In design 'riscv_mmu_arb', output port 'inport_cpu_data_rd_o[12]' is connected directly to output port 'inport_mmu_data_rd_o[12]'. (LINT-31)
Warning: In design 'riscv_mmu_arb', output port 'inport_cpu_data_rd_o[11]' is connected directly to output port 'inport_mmu_data_rd_o[11]'. (LINT-31)
Warning: In design 'riscv_mmu_arb', output port 'inport_cpu_data_rd_o[10]' is connected directly to output port 'inport_mmu_data_rd_o[10]'. (LINT-31)
Warning: In design 'riscv_mmu_arb', output port 'inport_cpu_data_rd_o[9]' is connected directly to output port 'inport_mmu_data_rd_o[9]'. (LINT-31)
Warning: In design 'riscv_mmu_arb', output port 'inport_cpu_data_rd_o[8]' is connected directly to output port 'inport_mmu_data_rd_o[8]'. (LINT-31)
Warning: In design 'riscv_mmu_arb', output port 'inport_cpu_data_rd_o[7]' is connected directly to output port 'inport_mmu_data_rd_o[7]'. (LINT-31)
Warning: In design 'riscv_mmu_arb', output port 'inport_cpu_data_rd_o[6]' is connected directly to output port 'inport_mmu_data_rd_o[6]'. (LINT-31)
Warning: In design 'riscv_mmu_arb', output port 'inport_cpu_data_rd_o[5]' is connected directly to output port 'inport_mmu_data_rd_o[5]'. (LINT-31)
Warning: In design 'riscv_mmu_arb', output port 'inport_cpu_data_rd_o[4]' is connected directly to output port 'inport_mmu_data_rd_o[4]'. (LINT-31)
Warning: In design 'riscv_mmu_arb', output port 'inport_cpu_data_rd_o[3]' is connected directly to output port 'inport_mmu_data_rd_o[3]'. (LINT-31)
Warning: In design 'riscv_mmu_arb', output port 'inport_cpu_data_rd_o[2]' is connected directly to output port 'inport_mmu_data_rd_o[2]'. (LINT-31)
Warning: In design 'riscv_mmu_arb', output port 'inport_cpu_data_rd_o[1]' is connected directly to output port 'inport_mmu_data_rd_o[1]'. (LINT-31)
Warning: In design 'riscv_mmu_arb', output port 'inport_cpu_data_rd_o[0]' is connected directly to output port 'inport_mmu_data_rd_o[0]'. (LINT-31)
Warning: In design 'riscv_mmu_arb', output port 'inport_cpu_resp_tag_o[10]' is connected directly to output port 'inport_mmu_resp_tag_o[10]'. (LINT-31)
Warning: In design 'riscv_mmu_arb', output port 'inport_cpu_resp_tag_o[9]' is connected directly to output port 'inport_mmu_resp_tag_o[9]'. (LINT-31)
Warning: In design 'riscv_mmu_arb', output port 'inport_cpu_resp_tag_o[8]' is connected directly to output port 'inport_mmu_resp_tag_o[8]'. (LINT-31)
Warning: In design 'riscv_mmu_arb', output port 'inport_cpu_resp_tag_o[7]' is connected directly to output port 'inport_mmu_resp_tag_o[7]'. (LINT-31)
Warning: In design 'riscv_mmu_arb', output port 'inport_cpu_resp_tag_o[6]' is connected directly to output port 'inport_mmu_resp_tag_o[6]'. (LINT-31)
Warning: In design 'riscv_mmu_arb', output port 'inport_cpu_resp_tag_o[5]' is connected directly to output port 'inport_mmu_resp_tag_o[5]'. (LINT-31)
Warning: In design 'riscv_mmu_arb', output port 'inport_cpu_resp_tag_o[4]' is connected directly to output port 'inport_mmu_resp_tag_o[4]'. (LINT-31)
Warning: In design 'riscv_mmu_arb', output port 'inport_cpu_resp_tag_o[3]' is connected directly to output port 'inport_mmu_resp_tag_o[3]'. (LINT-31)
Warning: In design 'riscv_mmu_arb', output port 'inport_cpu_resp_tag_o[2]' is connected directly to output port 'inport_mmu_resp_tag_o[2]'. (LINT-31)
Warning: In design 'riscv_mmu_arb', output port 'inport_cpu_resp_tag_o[1]' is connected directly to output port 'inport_mmu_resp_tag_o[1]'. (LINT-31)
Warning: In design 'riscv_mmu_arb', output port 'inport_cpu_resp_tag_o[0]' is connected directly to output port 'inport_mmu_resp_tag_o[0]'. (LINT-31)
Warning: In design 'riscv_decode', output port 'opcode_opcode_o[24]' is connected directly to output port 'opcode_rb_idx_o[4]'. (LINT-31)
Warning: In design 'riscv_decode', output port 'opcode_opcode_o[23]' is connected directly to output port 'opcode_rb_idx_o[3]'. (LINT-31)
Warning: In design 'riscv_decode', output port 'opcode_opcode_o[22]' is connected directly to output port 'opcode_rb_idx_o[2]'. (LINT-31)
Warning: In design 'riscv_decode', output port 'opcode_opcode_o[21]' is connected directly to output port 'opcode_rb_idx_o[1]'. (LINT-31)
Warning: In design 'riscv_decode', output port 'opcode_opcode_o[20]' is connected directly to output port 'opcode_rb_idx_o[0]'. (LINT-31)
Warning: In design 'riscv_decode', output port 'opcode_opcode_o[19]' is connected directly to output port 'opcode_ra_idx_o[4]'. (LINT-31)
Warning: In design 'riscv_decode', output port 'opcode_opcode_o[18]' is connected directly to output port 'opcode_ra_idx_o[3]'. (LINT-31)
Warning: In design 'riscv_decode', output port 'opcode_opcode_o[17]' is connected directly to output port 'opcode_ra_idx_o[2]'. (LINT-31)
Warning: In design 'riscv_decode', output port 'opcode_opcode_o[16]' is connected directly to output port 'opcode_ra_idx_o[1]'. (LINT-31)
Warning: In design 'riscv_decode', output port 'opcode_opcode_o[15]' is connected directly to output port 'opcode_ra_idx_o[0]'. (LINT-31)
Warning: In design 'riscv_decode', output port 'opcode_opcode_o[11]' is connected directly to output port 'opcode_rd_idx_o[4]'. (LINT-31)
Warning: In design 'riscv_decode', output port 'opcode_opcode_o[10]' is connected directly to output port 'opcode_rd_idx_o[3]'. (LINT-31)
Warning: In design 'riscv_decode', output port 'opcode_opcode_o[9]' is connected directly to output port 'opcode_rd_idx_o[2]'. (LINT-31)
Warning: In design 'riscv_decode', output port 'opcode_opcode_o[8]' is connected directly to output port 'opcode_rd_idx_o[1]'. (LINT-31)
Warning: In design 'riscv_decode', output port 'opcode_opcode_o[7]' is connected directly to output port 'opcode_rd_idx_o[0]'. (LINT-31)
Warning: In design 'riscv_top', a pin on submodule 'u_core' is connected to logic 1 or logic 0. (LINT-32)
   Pin 'cpu_id_i[31]' is connected to logic 0. 
Warning: In design 'riscv_top', a pin on submodule 'u_core' is connected to logic 1 or logic 0. (LINT-32)
   Pin 'cpu_id_i[30]' is connected to logic 0. 
Warning: In design 'riscv_top', a pin on submodule 'u_core' is connected to logic 1 or logic 0. (LINT-32)
   Pin 'cpu_id_i[29]' is connected to logic 0. 
Warning: In design 'riscv_top', a pin on submodule 'u_core' is connected to logic 1 or logic 0. (LINT-32)
   Pin 'cpu_id_i[28]' is connected to logic 0. 
Warning: In design 'riscv_top', a pin on submodule 'u_core' is connected to logic 1 or logic 0. (LINT-32)
   Pin 'cpu_id_i[27]' is connected to logic 0. 
Warning: In design 'riscv_top', a pin on submodule 'u_core' is connected to logic 1 or logic 0. (LINT-32)
   Pin 'cpu_id_i[26]' is connected to logic 0. 
Warning: In design 'riscv_top', a pin on submodule 'u_core' is connected to logic 1 or logic 0. (LINT-32)
   Pin 'cpu_id_i[25]' is connected to logic 0. 
Warning: In design 'riscv_top', a pin on submodule 'u_core' is connected to logic 1 or logic 0. (LINT-32)
   Pin 'cpu_id_i[24]' is connected to logic 0. 
Warning: In design 'riscv_top', a pin on submodule 'u_core' is connected to logic 1 or logic 0. (LINT-32)
   Pin 'cpu_id_i[23]' is connected to logic 0. 
Warning: In design 'riscv_top', a pin on submodule 'u_core' is connected to logic 1 or logic 0. (LINT-32)
   Pin 'cpu_id_i[22]' is connected to logic 0. 
Warning: In design 'riscv_top', a pin on submodule 'u_core' is connected to logic 1 or logic 0. (LINT-32)
   Pin 'cpu_id_i[21]' is connected to logic 0. 
Warning: In design 'riscv_top', a pin on submodule 'u_core' is connected to logic 1 or logic 0. (LINT-32)
   Pin 'cpu_id_i[20]' is connected to logic 0. 
Warning: In design 'riscv_top', a pin on submodule 'u_core' is connected to logic 1 or logic 0. (LINT-32)
   Pin 'cpu_id_i[19]' is connected to logic 0. 
Warning: In design 'riscv_top', a pin on submodule 'u_core' is connected to logic 1 or logic 0. (LINT-32)
   Pin 'cpu_id_i[18]' is connected to logic 0. 
Warning: In design 'riscv_top', a pin on submodule 'u_core' is connected to logic 1 or logic 0. (LINT-32)
   Pin 'cpu_id_i[17]' is connected to logic 0. 
Warning: In design 'riscv_top', a pin on submodule 'u_core' is connected to logic 1 or logic 0. (LINT-32)
   Pin 'cpu_id_i[16]' is connected to logic 0. 
Warning: In design 'riscv_top', a pin on submodule 'u_core' is connected to logic 1 or logic 0. (LINT-32)
   Pin 'cpu_id_i[15]' is connected to logic 0. 
Warning: In design 'riscv_top', a pin on submodule 'u_core' is connected to logic 1 or logic 0. (LINT-32)
   Pin 'cpu_id_i[14]' is connected to logic 0. 
Warning: In design 'riscv_top', a pin on submodule 'u_core' is connected to logic 1 or logic 0. (LINT-32)
   Pin 'cpu_id_i[13]' is connected to logic 0. 
Warning: In design 'riscv_top', a pin on submodule 'u_core' is connected to logic 1 or logic 0. (LINT-32)
   Pin 'cpu_id_i[12]' is connected to logic 0. 
Warning: In design 'riscv_top', a pin on submodule 'u_core' is connected to logic 1 or logic 0. (LINT-32)
   Pin 'cpu_id_i[11]' is connected to logic 0. 
Warning: In design 'riscv_top', a pin on submodule 'u_core' is connected to logic 1 or logic 0. (LINT-32)
   Pin 'cpu_id_i[10]' is connected to logic 0. 
Warning: In design 'riscv_top', a pin on submodule 'u_core' is connected to logic 1 or logic 0. (LINT-32)
   Pin 'cpu_id_i[9]' is connected to logic 0. 
Warning: In design 'riscv_top', a pin on submodule 'u_core' is connected to logic 1 or logic 0. (LINT-32)
   Pin 'cpu_id_i[8]' is connected to logic 0. 
Warning: In design 'riscv_top', a pin on submodule 'u_core' is connected to logic 1 or logic 0. (LINT-32)
   Pin 'cpu_id_i[7]' is connected to logic 0. 
Warning: In design 'riscv_top', a pin on submodule 'u_core' is connected to logic 1 or logic 0. (LINT-32)
   Pin 'cpu_id_i[6]' is connected to logic 0. 
Warning: In design 'riscv_top', a pin on submodule 'u_core' is connected to logic 1 or logic 0. (LINT-32)
   Pin 'cpu_id_i[5]' is connected to logic 0. 
Warning: In design 'riscv_top', a pin on submodule 'u_core' is connected to logic 1 or logic 0. (LINT-32)
   Pin 'cpu_id_i[4]' is connected to logic 0. 
Warning: In design 'riscv_top', a pin on submodule 'u_core' is connected to logic 1 or logic 0. (LINT-32)
   Pin 'cpu_id_i[3]' is connected to logic 0. 
Warning: In design 'riscv_top', a pin on submodule 'u_core' is connected to logic 1 or logic 0. (LINT-32)
   Pin 'cpu_id_i[2]' is connected to logic 0. 
Warning: In design 'riscv_top', a pin on submodule 'u_core' is connected to logic 1 or logic 0. (LINT-32)
   Pin 'cpu_id_i[1]' is connected to logic 0. 
Warning: In design 'riscv_top', a pin on submodule 'u_core' is connected to logic 1 or logic 0. (LINT-32)
   Pin 'cpu_id_i[0]' is connected to logic 0. 
Warning: In design 'soc', a pin on submodule 'u_arb' is connected to logic 1 or logic 0. (LINT-32)
   Pin 'inport3_awvalid_i' is connected to logic 0. 
Warning: In design 'soc', a pin on submodule 'u_arb' is connected to logic 1 or logic 0. (LINT-32)
   Pin 'inport3_awaddr_i[31]' is connected to logic 0. 
Warning: In design 'soc', a pin on submodule 'u_arb' is connected to logic 1 or logic 0. (LINT-32)
   Pin 'inport3_awaddr_i[30]' is connected to logic 0. 
Warning: In design 'soc', a pin on submodule 'u_arb' is connected to logic 1 or logic 0. (LINT-32)
   Pin 'inport3_awaddr_i[29]' is connected to logic 0. 
Warning: In design 'soc', a pin on submodule 'u_arb' is connected to logic 1 or logic 0. (LINT-32)
   Pin 'inport3_awaddr_i[28]' is connected to logic 0. 
Warning: In design 'soc', a pin on submodule 'u_arb' is connected to logic 1 or logic 0. (LINT-32)
   Pin 'inport3_awaddr_i[27]' is connected to logic 0. 
Warning: In design 'soc', a pin on submodule 'u_arb' is connected to logic 1 or logic 0. (LINT-32)
   Pin 'inport3_awaddr_i[26]' is connected to logic 0. 
Warning: In design 'soc', a pin on submodule 'u_arb' is connected to logic 1 or logic 0. (LINT-32)
   Pin 'inport3_awaddr_i[25]' is connected to logic 0. 
Warning: In design 'soc', a pin on submodule 'u_arb' is connected to logic 1 or logic 0. (LINT-32)
   Pin 'inport3_awaddr_i[24]' is connected to logic 0. 
Warning: In design 'soc', a pin on submodule 'u_arb' is connected to logic 1 or logic 0. (LINT-32)
   Pin 'inport3_awaddr_i[23]' is connected to logic 0. 
Warning: In design 'soc', a pin on submodule 'u_arb' is connected to logic 1 or logic 0. (LINT-32)
   Pin 'inport3_awaddr_i[22]' is connected to logic 0. 
Warning: In design 'soc', a pin on submodule 'u_arb' is connected to logic 1 or logic 0. (LINT-32)
   Pin 'inport3_awaddr_i[21]' is connected to logic 0. 
Warning: In design 'soc', a pin on submodule 'u_arb' is connected to logic 1 or logic 0. (LINT-32)
   Pin 'inport3_awaddr_i[20]' is connected to logic 0. 
Warning: In design 'soc', a pin on submodule 'u_arb' is connected to logic 1 or logic 0. (LINT-32)
   Pin 'inport3_awaddr_i[19]' is connected to logic 0. 
Warning: In design 'soc', a pin on submodule 'u_arb' is connected to logic 1 or logic 0. (LINT-32)
   Pin 'inport3_awaddr_i[18]' is connected to logic 0. 
Warning: In design 'soc', a pin on submodule 'u_arb' is connected to logic 1 or logic 0. (LINT-32)
   Pin 'inport3_awaddr_i[17]' is connected to logic 0. 
Warning: In design 'soc', a pin on submodule 'u_arb' is connected to logic 1 or logic 0. (LINT-32)
   Pin 'inport3_awaddr_i[16]' is connected to logic 0. 
Warning: In design 'soc', a pin on submodule 'u_arb' is connected to logic 1 or logic 0. (LINT-32)
   Pin 'inport3_awaddr_i[15]' is connected to logic 0. 
Warning: In design 'soc', a pin on submodule 'u_arb' is connected to logic 1 or logic 0. (LINT-32)
   Pin 'inport3_awaddr_i[14]' is connected to logic 0. 
Warning: In design 'soc', a pin on submodule 'u_arb' is connected to logic 1 or logic 0. (LINT-32)
   Pin 'inport3_awaddr_i[13]' is connected to logic 0. 
Warning: In design 'soc', a pin on submodule 'u_arb' is connected to logic 1 or logic 0. (LINT-32)
   Pin 'inport3_awaddr_i[12]' is connected to logic 0. 
Warning: In design 'soc', a pin on submodule 'u_arb' is connected to logic 1 or logic 0. (LINT-32)
   Pin 'inport3_awaddr_i[11]' is connected to logic 0. 
Warning: In design 'soc', a pin on submodule 'u_arb' is connected to logic 1 or logic 0. (LINT-32)
   Pin 'inport3_awaddr_i[10]' is connected to logic 0. 
Warning: In design 'soc', a pin on submodule 'u_arb' is connected to logic 1 or logic 0. (LINT-32)
   Pin 'inport3_awaddr_i[9]' is connected to logic 0. 
Warning: In design 'soc', a pin on submodule 'u_arb' is connected to logic 1 or logic 0. (LINT-32)
   Pin 'inport3_awaddr_i[8]' is connected to logic 0. 
Warning: In design 'soc', a pin on submodule 'u_arb' is connected to logic 1 or logic 0. (LINT-32)
   Pin 'inport3_awaddr_i[7]' is connected to logic 0. 
Warning: In design 'soc', a pin on submodule 'u_arb' is connected to logic 1 or logic 0. (LINT-32)
   Pin 'inport3_awaddr_i[6]' is connected to logic 0. 
Warning: In design 'soc', a pin on submodule 'u_arb' is connected to logic 1 or logic 0. (LINT-32)
   Pin 'inport3_awaddr_i[5]' is connected to logic 0. 
Warning: In design 'soc', a pin on submodule 'u_arb' is connected to logic 1 or logic 0. (LINT-32)
   Pin 'inport3_awaddr_i[4]' is connected to logic 0. 
Warning: In design 'soc', a pin on submodule 'u_arb' is connected to logic 1 or logic 0. (LINT-32)
   Pin 'inport3_awaddr_i[3]' is connected to logic 0. 
Warning: In design 'soc', a pin on submodule 'u_arb' is connected to logic 1 or logic 0. (LINT-32)
   Pin 'inport3_awaddr_i[2]' is connected to logic 0. 
Warning: In design 'soc', a pin on submodule 'u_arb' is connected to logic 1 or logic 0. (LINT-32)
   Pin 'inport3_awaddr_i[1]' is connected to logic 0. 
Warning: In design 'soc', a pin on submodule 'u_arb' is connected to logic 1 or logic 0. (LINT-32)
   Pin 'inport3_awaddr_i[0]' is connected to logic 0. 
Warning: In design 'soc', a pin on submodule 'u_arb' is connected to logic 1 or logic 0. (LINT-32)
   Pin 'inport3_awid_i[3]' is connected to logic 0. 
Warning: In design 'soc', a pin on submodule 'u_arb' is connected to logic 1 or logic 0. (LINT-32)
   Pin 'inport3_awid_i[2]' is connected to logic 0. 
Warning: In design 'soc', a pin on submodule 'u_arb' is connected to logic 1 or logic 0. (LINT-32)
   Pin 'inport3_awid_i[1]' is connected to logic 0. 
Warning: In design 'soc', a pin on submodule 'u_arb' is connected to logic 1 or logic 0. (LINT-32)
   Pin 'inport3_awid_i[0]' is connected to logic 0. 
Warning: In design 'soc', a pin on submodule 'u_arb' is connected to logic 1 or logic 0. (LINT-32)
   Pin 'inport3_awlen_i[7]' is connected to logic 0. 
Warning: In design 'soc', a pin on submodule 'u_arb' is connected to logic 1 or logic 0. (LINT-32)
   Pin 'inport3_awlen_i[6]' is connected to logic 0. 
Warning: In design 'soc', a pin on submodule 'u_arb' is connected to logic 1 or logic 0. (LINT-32)
   Pin 'inport3_awlen_i[5]' is connected to logic 0. 
Warning: In design 'soc', a pin on submodule 'u_arb' is connected to logic 1 or logic 0. (LINT-32)
   Pin 'inport3_awlen_i[4]' is connected to logic 0. 
Warning: In design 'soc', a pin on submodule 'u_arb' is connected to logic 1 or logic 0. (LINT-32)
   Pin 'inport3_awlen_i[3]' is connected to logic 0. 
Warning: In design 'soc', a pin on submodule 'u_arb' is connected to logic 1 or logic 0. (LINT-32)
   Pin 'inport3_awlen_i[2]' is connected to logic 0. 
Warning: In design 'soc', a pin on submodule 'u_arb' is connected to logic 1 or logic 0. (LINT-32)
   Pin 'inport3_awlen_i[1]' is connected to logic 0. 
Warning: In design 'soc', a pin on submodule 'u_arb' is connected to logic 1 or logic 0. (LINT-32)
   Pin 'inport3_awlen_i[0]' is connected to logic 0. 
Warning: In design 'soc', a pin on submodule 'u_arb' is connected to logic 1 or logic 0. (LINT-32)
   Pin 'inport3_awburst_i[1]' is connected to logic 0. 
Warning: In design 'soc', a pin on submodule 'u_arb' is connected to logic 1 or logic 0. (LINT-32)
   Pin 'inport3_awburst_i[0]' is connected to logic 0. 
Warning: In design 'soc', a pin on submodule 'u_arb' is connected to logic 1 or logic 0. (LINT-32)
   Pin 'inport3_wvalid_i' is connected to logic 0. 
Warning: In design 'soc', a pin on submodule 'u_arb' is connected to logic 1 or logic 0. (LINT-32)
   Pin 'inport3_wdata_i[31]' is connected to logic 0. 
Warning: In design 'soc', a pin on submodule 'u_arb' is connected to logic 1 or logic 0. (LINT-32)
   Pin 'inport3_wdata_i[30]' is connected to logic 0. 
Warning: In design 'soc', a pin on submodule 'u_arb' is connected to logic 1 or logic 0. (LINT-32)
   Pin 'inport3_wdata_i[29]' is connected to logic 0. 
Warning: In design 'soc', a pin on submodule 'u_arb' is connected to logic 1 or logic 0. (LINT-32)
   Pin 'inport3_wdata_i[28]' is connected to logic 0. 
Warning: In design 'soc', a pin on submodule 'u_arb' is connected to logic 1 or logic 0. (LINT-32)
   Pin 'inport3_wdata_i[27]' is connected to logic 0. 
Warning: In design 'soc', a pin on submodule 'u_arb' is connected to logic 1 or logic 0. (LINT-32)
   Pin 'inport3_wdata_i[26]' is connected to logic 0. 
Warning: In design 'soc', a pin on submodule 'u_arb' is connected to logic 1 or logic 0. (LINT-32)
   Pin 'inport3_wdata_i[25]' is connected to logic 0. 
Warning: In design 'soc', a pin on submodule 'u_arb' is connected to logic 1 or logic 0. (LINT-32)
   Pin 'inport3_wdata_i[24]' is connected to logic 0. 
Warning: In design 'soc', a pin on submodule 'u_arb' is connected to logic 1 or logic 0. (LINT-32)
   Pin 'inport3_wdata_i[23]' is connected to logic 0. 
Warning: In design 'soc', a pin on submodule 'u_arb' is connected to logic 1 or logic 0. (LINT-32)
   Pin 'inport3_wdata_i[22]' is connected to logic 0. 
Warning: In design 'soc', a pin on submodule 'u_arb' is connected to logic 1 or logic 0. (LINT-32)
   Pin 'inport3_wdata_i[21]' is connected to logic 0. 
Warning: In design 'soc', a pin on submodule 'u_arb' is connected to logic 1 or logic 0. (LINT-32)
   Pin 'inport3_wdata_i[20]' is connected to logic 0. 
Warning: In design 'soc', a pin on submodule 'u_arb' is connected to logic 1 or logic 0. (LINT-32)
   Pin 'inport3_wdata_i[19]' is connected to logic 0. 
Warning: In design 'soc', a pin on submodule 'u_arb' is connected to logic 1 or logic 0. (LINT-32)
   Pin 'inport3_wdata_i[18]' is connected to logic 0. 
Warning: In design 'soc', a pin on submodule 'u_arb' is connected to logic 1 or logic 0. (LINT-32)
   Pin 'inport3_wdata_i[17]' is connected to logic 0. 
Warning: In design 'soc', a pin on submodule 'u_arb' is connected to logic 1 or logic 0. (LINT-32)
   Pin 'inport3_wdata_i[16]' is connected to logic 0. 
Warning: In design 'soc', a pin on submodule 'u_arb' is connected to logic 1 or logic 0. (LINT-32)
   Pin 'inport3_wdata_i[15]' is connected to logic 0. 
Warning: In design 'soc', a pin on submodule 'u_arb' is connected to logic 1 or logic 0. (LINT-32)
   Pin 'inport3_wdata_i[14]' is connected to logic 0. 
Warning: In design 'soc', a pin on submodule 'u_arb' is connected to logic 1 or logic 0. (LINT-32)
   Pin 'inport3_wdata_i[13]' is connected to logic 0. 
Warning: In design 'soc', a pin on submodule 'u_arb' is connected to logic 1 or logic 0. (LINT-32)
   Pin 'inport3_wdata_i[12]' is connected to logic 0. 
Warning: In design 'soc', a pin on submodule 'u_arb' is connected to logic 1 or logic 0. (LINT-32)
   Pin 'inport3_wdata_i[11]' is connected to logic 0. 
Warning: In design 'soc', a pin on submodule 'u_arb' is connected to logic 1 or logic 0. (LINT-32)
   Pin 'inport3_wdata_i[10]' is connected to logic 0. 
Warning: In design 'soc', a pin on submodule 'u_arb' is connected to logic 1 or logic 0. (LINT-32)
   Pin 'inport3_wdata_i[9]' is connected to logic 0. 
Warning: In design 'soc', a pin on submodule 'u_arb' is connected to logic 1 or logic 0. (LINT-32)
   Pin 'inport3_wdata_i[8]' is connected to logic 0. 
Warning: In design 'soc', a pin on submodule 'u_arb' is connected to logic 1 or logic 0. (LINT-32)
   Pin 'inport3_wdata_i[7]' is connected to logic 0. 
Warning: In design 'soc', a pin on submodule 'u_arb' is connected to logic 1 or logic 0. (LINT-32)
   Pin 'inport3_wdata_i[6]' is connected to logic 0. 
Warning: In design 'soc', a pin on submodule 'u_arb' is connected to logic 1 or logic 0. (LINT-32)
   Pin 'inport3_wdata_i[5]' is connected to logic 0. 
Warning: In design 'soc', a pin on submodule 'u_arb' is connected to logic 1 or logic 0. (LINT-32)
   Pin 'inport3_wdata_i[4]' is connected to logic 0. 
Warning: In design 'soc', a pin on submodule 'u_arb' is connected to logic 1 or logic 0. (LINT-32)
   Pin 'inport3_wdata_i[3]' is connected to logic 0. 
Warning: In design 'soc', a pin on submodule 'u_arb' is connected to logic 1 or logic 0. (LINT-32)
   Pin 'inport3_wdata_i[2]' is connected to logic 0. 
Warning: In design 'soc', a pin on submodule 'u_arb' is connected to logic 1 or logic 0. (LINT-32)
   Pin 'inport3_wdata_i[1]' is connected to logic 0. 
Warning: In design 'soc', a pin on submodule 'u_arb' is connected to logic 1 or logic 0. (LINT-32)
   Pin 'inport3_wdata_i[0]' is connected to logic 0. 
Warning: In design 'soc', a pin on submodule 'u_arb' is connected to logic 1 or logic 0. (LINT-32)
   Pin 'inport3_wstrb_i[3]' is connected to logic 0. 
Warning: In design 'soc', a pin on submodule 'u_arb' is connected to logic 1 or logic 0. (LINT-32)
   Pin 'inport3_wstrb_i[2]' is connected to logic 0. 
Warning: In design 'soc', a pin on submodule 'u_arb' is connected to logic 1 or logic 0. (LINT-32)
   Pin 'inport3_wstrb_i[1]' is connected to logic 0. 
Warning: In design 'soc', a pin on submodule 'u_arb' is connected to logic 1 or logic 0. (LINT-32)
   Pin 'inport3_wstrb_i[0]' is connected to logic 0. 
Warning: In design 'soc', a pin on submodule 'u_arb' is connected to logic 1 or logic 0. (LINT-32)
   Pin 'inport3_wlast_i' is connected to logic 0. 
Warning: In design 'soc', a pin on submodule 'u_arb' is connected to logic 1 or logic 0. (LINT-32)
   Pin 'inport3_bready_i' is connected to logic 0. 
Warning: In design 'soc', a pin on submodule 'u_arb' is connected to logic 1 or logic 0. (LINT-32)
   Pin 'inport3_arvalid_i' is connected to logic 0. 
Warning: In design 'soc', a pin on submodule 'u_arb' is connected to logic 1 or logic 0. (LINT-32)
   Pin 'inport3_araddr_i[31]' is connected to logic 0. 
Warning: In design 'soc', a pin on submodule 'u_arb' is connected to logic 1 or logic 0. (LINT-32)
   Pin 'inport3_araddr_i[30]' is connected to logic 0. 
Warning: In design 'soc', a pin on submodule 'u_arb' is connected to logic 1 or logic 0. (LINT-32)
   Pin 'inport3_araddr_i[29]' is connected to logic 0. 
Warning: In design 'soc', a pin on submodule 'u_arb' is connected to logic 1 or logic 0. (LINT-32)
   Pin 'inport3_araddr_i[28]' is connected to logic 0. 
Warning: In design 'soc', a pin on submodule 'u_arb' is connected to logic 1 or logic 0. (LINT-32)
   Pin 'inport3_araddr_i[27]' is connected to logic 0. 
Warning: In design 'soc', a pin on submodule 'u_arb' is connected to logic 1 or logic 0. (LINT-32)
   Pin 'inport3_araddr_i[26]' is connected to logic 0. 
Warning: In design 'soc', a pin on submodule 'u_arb' is connected to logic 1 or logic 0. (LINT-32)
   Pin 'inport3_araddr_i[25]' is connected to logic 0. 
Warning: In design 'soc', a pin on submodule 'u_arb' is connected to logic 1 or logic 0. (LINT-32)
   Pin 'inport3_araddr_i[24]' is connected to logic 0. 
Warning: In design 'soc', a pin on submodule 'u_arb' is connected to logic 1 or logic 0. (LINT-32)
   Pin 'inport3_araddr_i[23]' is connected to logic 0. 
Warning: In design 'soc', a pin on submodule 'u_arb' is connected to logic 1 or logic 0. (LINT-32)
   Pin 'inport3_araddr_i[22]' is connected to logic 0. 
Warning: In design 'soc', a pin on submodule 'u_arb' is connected to logic 1 or logic 0. (LINT-32)
   Pin 'inport3_araddr_i[21]' is connected to logic 0. 
Warning: In design 'soc', a pin on submodule 'u_arb' is connected to logic 1 or logic 0. (LINT-32)
   Pin 'inport3_araddr_i[20]' is connected to logic 0. 
Warning: In design 'soc', a pin on submodule 'u_arb' is connected to logic 1 or logic 0. (LINT-32)
   Pin 'inport3_araddr_i[19]' is connected to logic 0. 
Warning: In design 'soc', a pin on submodule 'u_arb' is connected to logic 1 or logic 0. (LINT-32)
   Pin 'inport3_araddr_i[18]' is connected to logic 0. 
Warning: In design 'soc', a pin on submodule 'u_arb' is connected to logic 1 or logic 0. (LINT-32)
   Pin 'inport3_araddr_i[17]' is connected to logic 0. 
Warning: In design 'soc', a pin on submodule 'u_arb' is connected to logic 1 or logic 0. (LINT-32)
   Pin 'inport3_araddr_i[16]' is connected to logic 0. 
Warning: In design 'soc', a pin on submodule 'u_arb' is connected to logic 1 or logic 0. (LINT-32)
   Pin 'inport3_araddr_i[15]' is connected to logic 0. 
Warning: In design 'soc', a pin on submodule 'u_arb' is connected to logic 1 or logic 0. (LINT-32)
   Pin 'inport3_araddr_i[14]' is connected to logic 0. 
Warning: In design 'soc', a pin on submodule 'u_arb' is connected to logic 1 or logic 0. (LINT-32)
   Pin 'inport3_araddr_i[13]' is connected to logic 0. 
Warning: In design 'soc', a pin on submodule 'u_arb' is connected to logic 1 or logic 0. (LINT-32)
   Pin 'inport3_araddr_i[12]' is connected to logic 0. 
Warning: In design 'soc', a pin on submodule 'u_arb' is connected to logic 1 or logic 0. (LINT-32)
   Pin 'inport3_araddr_i[11]' is connected to logic 0. 
Warning: In design 'soc', a pin on submodule 'u_arb' is connected to logic 1 or logic 0. (LINT-32)
   Pin 'inport3_araddr_i[10]' is connected to logic 0. 
Warning: In design 'soc', a pin on submodule 'u_arb' is connected to logic 1 or logic 0. (LINT-32)
   Pin 'inport3_araddr_i[9]' is connected to logic 0. 
Warning: In design 'soc', a pin on submodule 'u_arb' is connected to logic 1 or logic 0. (LINT-32)
   Pin 'inport3_araddr_i[8]' is connected to logic 0. 
Warning: In design 'soc', a pin on submodule 'u_arb' is connected to logic 1 or logic 0. (LINT-32)
   Pin 'inport3_araddr_i[7]' is connected to logic 0. 
Warning: In design 'soc', a pin on submodule 'u_arb' is connected to logic 1 or logic 0. (LINT-32)
   Pin 'inport3_araddr_i[6]' is connected to logic 0. 
Warning: In design 'soc', a pin on submodule 'u_arb' is connected to logic 1 or logic 0. (LINT-32)
   Pin 'inport3_araddr_i[5]' is connected to logic 0. 
Warning: In design 'soc', a pin on submodule 'u_arb' is connected to logic 1 or logic 0. (LINT-32)
   Pin 'inport3_araddr_i[4]' is connected to logic 0. 
Warning: In design 'soc', a pin on submodule 'u_arb' is connected to logic 1 or logic 0. (LINT-32)
   Pin 'inport3_araddr_i[3]' is connected to logic 0. 
Warning: In design 'soc', a pin on submodule 'u_arb' is connected to logic 1 or logic 0. (LINT-32)
   Pin 'inport3_araddr_i[2]' is connected to logic 0. 
Warning: In design 'soc', a pin on submodule 'u_arb' is connected to logic 1 or logic 0. (LINT-32)
   Pin 'inport3_araddr_i[1]' is connected to logic 0. 
Warning: In design 'soc', a pin on submodule 'u_arb' is connected to logic 1 or logic 0. (LINT-32)
   Pin 'inport3_araddr_i[0]' is connected to logic 0. 
Warning: In design 'soc', a pin on submodule 'u_arb' is connected to logic 1 or logic 0. (LINT-32)
   Pin 'inport3_arid_i[3]' is connected to logic 0. 
Warning: In design 'soc', a pin on submodule 'u_arb' is connected to logic 1 or logic 0. (LINT-32)
   Pin 'inport3_arid_i[2]' is connected to logic 0. 
Warning: In design 'soc', a pin on submodule 'u_arb' is connected to logic 1 or logic 0. (LINT-32)
   Pin 'inport3_arid_i[1]' is connected to logic 0. 
Warning: In design 'soc', a pin on submodule 'u_arb' is connected to logic 1 or logic 0. (LINT-32)
   Pin 'inport3_arid_i[0]' is connected to logic 0. 
Warning: In design 'soc', a pin on submodule 'u_arb' is connected to logic 1 or logic 0. (LINT-32)
   Pin 'inport3_arlen_i[7]' is connected to logic 0. 
Warning: In design 'soc', a pin on submodule 'u_arb' is connected to logic 1 or logic 0. (LINT-32)
   Pin 'inport3_arlen_i[6]' is connected to logic 0. 
Warning: In design 'soc', a pin on submodule 'u_arb' is connected to logic 1 or logic 0. (LINT-32)
   Pin 'inport3_arlen_i[5]' is connected to logic 0. 
Warning: In design 'soc', a pin on submodule 'u_arb' is connected to logic 1 or logic 0. (LINT-32)
   Pin 'inport3_arlen_i[4]' is connected to logic 0. 
Warning: In design 'soc', a pin on submodule 'u_arb' is connected to logic 1 or logic 0. (LINT-32)
   Pin 'inport3_arlen_i[3]' is connected to logic 0. 
Warning: In design 'soc', a pin on submodule 'u_arb' is connected to logic 1 or logic 0. (LINT-32)
   Pin 'inport3_arlen_i[2]' is connected to logic 0. 
Warning: In design 'soc', a pin on submodule 'u_arb' is connected to logic 1 or logic 0. (LINT-32)
   Pin 'inport3_arlen_i[1]' is connected to logic 0. 
Warning: In design 'soc', a pin on submodule 'u_arb' is connected to logic 1 or logic 0. (LINT-32)
   Pin 'inport3_arlen_i[0]' is connected to logic 0. 
Warning: In design 'soc', a pin on submodule 'u_arb' is connected to logic 1 or logic 0. (LINT-32)
   Pin 'inport3_arburst_i[1]' is connected to logic 0. 
Warning: In design 'soc', a pin on submodule 'u_arb' is connected to logic 1 or logic 0. (LINT-32)
   Pin 'inport3_arburst_i[0]' is connected to logic 0. 
Warning: In design 'soc', a pin on submodule 'u_arb' is connected to logic 1 or logic 0. (LINT-32)
   Pin 'inport3_rready_i' is connected to logic 0. 
Warning: In design 'riscv_top', the same net is connected to more than one pin on submodule 'u_core'. (LINT-33)
   Net '*Logic0*' is connected to pins 'cpu_id_i[31]', 'cpu_id_i[30]'', 'cpu_id_i[29]', 'cpu_id_i[28]', 'cpu_id_i[27]', 'cpu_id_i[26]', 'cpu_id_i[25]', 'cpu_id_i[24]', 'cpu_id_i[23]', 'cpu_id_i[22]', 'cpu_id_i[21]', 'cpu_id_i[20]', 'cpu_id_i[19]', 'cpu_id_i[18]', 'cpu_id_i[17]', 'cpu_id_i[16]', 'cpu_id_i[15]', 'cpu_id_i[14]', 'cpu_id_i[13]', 'cpu_id_i[12]', 'cpu_id_i[11]', 'cpu_id_i[10]', 'cpu_id_i[9]', 'cpu_id_i[8]', 'cpu_id_i[7]', 'cpu_id_i[6]', 'cpu_id_i[5]', 'cpu_id_i[4]', 'cpu_id_i[3]', 'cpu_id_i[2]', 'cpu_id_i[1]', 'cpu_id_i[0]'.
Warning: In design 'soc', the same net is connected to more than one pin on submodule 'u_arb'. (LINT-33)
   Net '*Logic0*' is connected to pins 'inport3_awvalid_i', 'inport3_awaddr_i[31]'', 'inport3_awaddr_i[30]', 'inport3_awaddr_i[29]', 'inport3_awaddr_i[28]', 'inport3_awaddr_i[27]', 'inport3_awaddr_i[26]', 'inport3_awaddr_i[25]', 'inport3_awaddr_i[24]', 'inport3_awaddr_i[23]', 'inport3_awaddr_i[22]', 'inport3_awaddr_i[21]', 'inport3_awaddr_i[20]', 'inport3_awaddr_i[19]', 'inport3_awaddr_i[18]', 'inport3_awaddr_i[17]', 'inport3_awaddr_i[16]', 'inport3_awaddr_i[15]', 'inport3_awaddr_i[14]', 'inport3_awaddr_i[13]', 'inport3_awaddr_i[12]', 'inport3_awaddr_i[11]', 'inport3_awaddr_i[10]', 'inport3_awaddr_i[9]', 'inport3_awaddr_i[8]', 'inport3_awaddr_i[7]', 'inport3_awaddr_i[6]', 'inport3_awaddr_i[5]', 'inport3_awaddr_i[4]', 'inport3_awaddr_i[3]', 'inport3_awaddr_i[2]', 'inport3_awaddr_i[1]', 'inport3_awaddr_i[0]', 'inport3_awid_i[3]', 'inport3_awid_i[2]', 'inport3_awid_i[1]', 'inport3_awid_i[0]', 'inport3_awlen_i[7]', 'inport3_awlen_i[6]', 'inport3_awlen_i[5]', 'inport3_awlen_i[4]', 'inport3_awlen_i[3]', 'inport3_awlen_i[2]', 'inport3_awlen_i[1]', 'inport3_awlen_i[0]', 'inport3_awburst_i[1]', 'inport3_awburst_i[0]', 'inport3_wvalid_i', 'inport3_wdata_i[31]', 'inport3_wdata_i[30]', 'inport3_wdata_i[29]', 'inport3_wdata_i[28]', 'inport3_wdata_i[27]', 'inport3_wdata_i[26]', 'inport3_wdata_i[25]', 'inport3_wdata_i[24]', 'inport3_wdata_i[23]', 'inport3_wdata_i[22]', 'inport3_wdata_i[21]', 'inport3_wdata_i[20]', 'inport3_wdata_i[19]', 'inport3_wdata_i[18]', 'inport3_wdata_i[17]', 'inport3_wdata_i[16]', 'inport3_wdata_i[15]', 'inport3_wdata_i[14]', 'inport3_wdata_i[13]', 'inport3_wdata_i[12]', 'inport3_wdata_i[11]', 'inport3_wdata_i[10]', 'inport3_wdata_i[9]', 'inport3_wdata_i[8]', 'inport3_wdata_i[7]', 'inport3_wdata_i[6]', 'inport3_wdata_i[5]', 'inport3_wdata_i[4]', 'inport3_wdata_i[3]', 'inport3_wdata_i[2]', 'inport3_wdata_i[1]', 'inport3_wdata_i[0]', 'inport3_wstrb_i[3]', 'inport3_wstrb_i[2]', 'inport3_wstrb_i[1]', 'inport3_wstrb_i[0]', 'inport3_wlast_i', 'inport3_bready_i', 'inport3_arvalid_i', 'inport3_araddr_i[31]', 'inport3_araddr_i[30]', 'inport3_araddr_i[29]', 'inport3_araddr_i[28]', 'inport3_araddr_i[27]', 'inport3_araddr_i[26]', 'inport3_araddr_i[25]', 'inport3_araddr_i[24]', 'inport3_araddr_i[23]', 'inport3_araddr_i[22]', 'inport3_araddr_i[21]', 'inport3_araddr_i[20]', 'inport3_araddr_i[19]', 'inport3_araddr_i[18]', 'inport3_araddr_i[17]', 'inport3_araddr_i[16]', 'inport3_araddr_i[15]', 'inport3_araddr_i[14]', 'inport3_araddr_i[13]', 'inport3_araddr_i[12]', 'inport3_araddr_i[11]', 'inport3_araddr_i[10]', 'inport3_araddr_i[9]', 'inport3_araddr_i[8]', 'inport3_araddr_i[7]', 'inport3_araddr_i[6]', 'inport3_araddr_i[5]', 'inport3_araddr_i[4]', 'inport3_araddr_i[3]', 'inport3_araddr_i[2]', 'inport3_araddr_i[1]', 'inport3_araddr_i[0]', 'inport3_arid_i[3]', 'inport3_arid_i[2]', 'inport3_arid_i[1]', 'inport3_arid_i[0]', 'inport3_arlen_i[7]', 'inport3_arlen_i[6]', 'inport3_arlen_i[5]', 'inport3_arlen_i[4]', 'inport3_arlen_i[3]', 'inport3_arlen_i[2]', 'inport3_arlen_i[1]', 'inport3_arlen_i[0]', 'inport3_arburst_i[1]', 'inport3_arburst_i[0]', 'inport3_rready_i'.
Warning: In design 'axi4lite_axi4_conv', output port 'outport_awid_o[3]' is connected directly to 'logic 0'. (LINT-52)
Warning: In design 'axi4lite_axi4_conv', output port 'outport_awid_o[2]' is connected directly to 'logic 0'. (LINT-52)
Warning: In design 'axi4lite_axi4_conv', output port 'outport_awid_o[1]' is connected directly to 'logic 0'. (LINT-52)
Warning: In design 'axi4lite_axi4_conv', output port 'outport_awid_o[0]' is connected directly to 'logic 0'. (LINT-52)
Warning: In design 'axi4lite_axi4_conv', output port 'outport_awlen_o[7]' is connected directly to 'logic 0'. (LINT-52)
Warning: In design 'axi4lite_axi4_conv', output port 'outport_awlen_o[6]' is connected directly to 'logic 0'. (LINT-52)
Warning: In design 'axi4lite_axi4_conv', output port 'outport_awlen_o[5]' is connected directly to 'logic 0'. (LINT-52)
Warning: In design 'axi4lite_axi4_conv', output port 'outport_awlen_o[4]' is connected directly to 'logic 0'. (LINT-52)
Warning: In design 'axi4lite_axi4_conv', output port 'outport_awlen_o[3]' is connected directly to 'logic 0'. (LINT-52)
Warning: In design 'axi4lite_axi4_conv', output port 'outport_awlen_o[2]' is connected directly to 'logic 0'. (LINT-52)
Warning: In design 'axi4lite_axi4_conv', output port 'outport_awlen_o[1]' is connected directly to 'logic 0'. (LINT-52)
Warning: In design 'axi4lite_axi4_conv', output port 'outport_awlen_o[0]' is connected directly to 'logic 0'. (LINT-52)
Warning: In design 'axi4lite_axi4_conv', output port 'outport_awburst_o[1]' is connected directly to 'logic 0'. (LINT-52)
Warning: In design 'axi4lite_axi4_conv', output port 'outport_awburst_o[0]' is connected directly to 'logic 1'. (LINT-52)
Warning: In design 'axi4lite_axi4_conv', output port 'outport_wlast_o' is connected directly to 'logic 1'. (LINT-52)
Warning: In design 'axi4lite_axi4_conv', output port 'outport_arid_o[3]' is connected directly to 'logic 0'. (LINT-52)
Warning: In design 'axi4lite_axi4_conv', output port 'outport_arid_o[2]' is connected directly to 'logic 0'. (LINT-52)
Warning: In design 'axi4lite_axi4_conv', output port 'outport_arid_o[1]' is connected directly to 'logic 0'. (LINT-52)
Warning: In design 'axi4lite_axi4_conv', output port 'outport_arid_o[0]' is connected directly to 'logic 0'. (LINT-52)
Warning: In design 'axi4lite_axi4_conv', output port 'outport_arlen_o[7]' is connected directly to 'logic 0'. (LINT-52)
Warning: In design 'axi4lite_axi4_conv', output port 'outport_arlen_o[6]' is connected directly to 'logic 0'. (LINT-52)
Warning: In design 'axi4lite_axi4_conv', output port 'outport_arlen_o[5]' is connected directly to 'logic 0'. (LINT-52)
Warning: In design 'axi4lite_axi4_conv', output port 'outport_arlen_o[4]' is connected directly to 'logic 0'. (LINT-52)
Warning: In design 'axi4lite_axi4_conv', output port 'outport_arlen_o[3]' is connected directly to 'logic 0'. (LINT-52)
Warning: In design 'axi4lite_axi4_conv', output port 'outport_arlen_o[2]' is connected directly to 'logic 0'. (LINT-52)
Warning: In design 'axi4lite_axi4_conv', output port 'outport_arlen_o[1]' is connected directly to 'logic 0'. (LINT-52)
Warning: In design 'axi4lite_axi4_conv', output port 'outport_arlen_o[0]' is connected directly to 'logic 0'. (LINT-52)
Warning: In design 'axi4lite_axi4_conv', output port 'outport_arburst_o[1]' is connected directly to 'logic 0'. (LINT-52)
Warning: In design 'axi4lite_axi4_conv', output port 'outport_arburst_o[0]' is connected directly to 'logic 1'. (LINT-52)
Warning: In design 'dport_bridge', output port 'axi_awaddr_o[1]' is connected directly to 'logic 0'. (LINT-52)
Warning: In design 'dport_bridge', output port 'axi_awaddr_o[0]' is connected directly to 'logic 0'. (LINT-52)
Warning: In design 'dport_bridge', output port 'axi_awid_o[3]' is connected directly to 'logic 0'. (LINT-52)
Warning: In design 'dport_bridge', output port 'axi_awid_o[2]' is connected directly to 'logic 1'. (LINT-52)
Warning: In design 'dport_bridge', output port 'axi_awid_o[1]' is connected directly to 'logic 0'. (LINT-52)
Warning: In design 'dport_bridge', output port 'axi_awid_o[0]' is connected directly to 'logic 0'. (LINT-52)
Warning: In design 'dport_bridge', output port 'axi_awlen_o[7]' is connected directly to 'logic 0'. (LINT-52)
Warning: In design 'dport_bridge', output port 'axi_awlen_o[6]' is connected directly to 'logic 0'. (LINT-52)
Warning: In design 'dport_bridge', output port 'axi_awlen_o[5]' is connected directly to 'logic 0'. (LINT-52)
Warning: In design 'dport_bridge', output port 'axi_awlen_o[4]' is connected directly to 'logic 0'. (LINT-52)
Warning: In design 'dport_bridge', output port 'axi_awlen_o[3]' is connected directly to 'logic 0'. (LINT-52)
Warning: In design 'dport_bridge', output port 'axi_awlen_o[2]' is connected directly to 'logic 0'. (LINT-52)
Warning: In design 'dport_bridge', output port 'axi_awlen_o[1]' is connected directly to 'logic 0'. (LINT-52)
Warning: In design 'dport_bridge', output port 'axi_awlen_o[0]' is connected directly to 'logic 0'. (LINT-52)
Warning: In design 'dport_bridge', output port 'axi_awburst_o[1]' is connected directly to 'logic 0'. (LINT-52)
Warning: In design 'dport_bridge', output port 'axi_awburst_o[0]' is connected directly to 'logic 1'. (LINT-52)
Warning: In design 'dport_bridge', output port 'axi_wlast_o' is connected directly to 'logic 1'. (LINT-52)
Warning: In design 'dport_bridge', output port 'axi_bready_o' is connected directly to 'logic 1'. (LINT-52)
Warning: In design 'dport_bridge', output port 'axi_araddr_o[1]' is connected directly to 'logic 0'. (LINT-52)
Warning: In design 'dport_bridge', output port 'axi_araddr_o[0]' is connected directly to 'logic 0'. (LINT-52)
Warning: In design 'dport_bridge', output port 'axi_arid_o[3]' is connected directly to 'logic 0'. (LINT-52)
Warning: In design 'dport_bridge', output port 'axi_arid_o[2]' is connected directly to 'logic 1'. (LINT-52)
Warning: In design 'dport_bridge', output port 'axi_arid_o[1]' is connected directly to 'logic 0'. (LINT-52)
Warning: In design 'dport_bridge', output port 'axi_arid_o[0]' is connected directly to 'logic 0'. (LINT-52)
Warning: In design 'dport_bridge', output port 'axi_arlen_o[7]' is connected directly to 'logic 0'. (LINT-52)
Warning: In design 'dport_bridge', output port 'axi_arlen_o[6]' is connected directly to 'logic 0'. (LINT-52)
Warning: In design 'dport_bridge', output port 'axi_arlen_o[5]' is connected directly to 'logic 0'. (LINT-52)
Warning: In design 'dport_bridge', output port 'axi_arlen_o[4]' is connected directly to 'logic 0'. (LINT-52)
Warning: In design 'dport_bridge', output port 'axi_arlen_o[3]' is connected directly to 'logic 0'. (LINT-52)
Warning: In design 'dport_bridge', output port 'axi_arlen_o[2]' is connected directly to 'logic 0'. (LINT-52)
Warning: In design 'dport_bridge', output port 'axi_arlen_o[1]' is connected directly to 'logic 0'. (LINT-52)
Warning: In design 'dport_bridge', output port 'axi_arlen_o[0]' is connected directly to 'logic 0'. (LINT-52)
Warning: In design 'dport_bridge', output port 'axi_arburst_o[1]' is connected directly to 'logic 0'. (LINT-52)
Warning: In design 'dport_bridge', output port 'axi_arburst_o[0]' is connected directly to 'logic 1'. (LINT-52)
Warning: In design 'dport_bridge', output port 'axi_rready_o' is connected directly to 'logic 1'. (LINT-52)
Warning: In design 'icache', output port 'axi_awvalid_o' is connected directly to 'logic 0'. (LINT-52)
Warning: In design 'icache', output port 'axi_awaddr_o[31]' is connected directly to 'logic 0'. (LINT-52)
Warning: In design 'icache', output port 'axi_awaddr_o[30]' is connected directly to 'logic 0'. (LINT-52)
Warning: In design 'icache', output port 'axi_awaddr_o[29]' is connected directly to 'logic 0'. (LINT-52)
Warning: In design 'icache', output port 'axi_awaddr_o[28]' is connected directly to 'logic 0'. (LINT-52)
Warning: In design 'icache', output port 'axi_awaddr_o[27]' is connected directly to 'logic 0'. (LINT-52)
Warning: In design 'icache', output port 'axi_awaddr_o[26]' is connected directly to 'logic 0'. (LINT-52)
Warning: In design 'icache', output port 'axi_awaddr_o[25]' is connected directly to 'logic 0'. (LINT-52)
Warning: In design 'icache', output port 'axi_awaddr_o[24]' is connected directly to 'logic 0'. (LINT-52)
Warning: In design 'icache', output port 'axi_awaddr_o[23]' is connected directly to 'logic 0'. (LINT-52)
Warning: In design 'icache', output port 'axi_awaddr_o[22]' is connected directly to 'logic 0'. (LINT-52)
Warning: In design 'icache', output port 'axi_awaddr_o[21]' is connected directly to 'logic 0'. (LINT-52)
Warning: In design 'icache', output port 'axi_awaddr_o[20]' is connected directly to 'logic 0'. (LINT-52)
Warning: In design 'icache', output port 'axi_awaddr_o[19]' is connected directly to 'logic 0'. (LINT-52)
Warning: In design 'icache', output port 'axi_awaddr_o[18]' is connected directly to 'logic 0'. (LINT-52)
Warning: In design 'icache', output port 'axi_awaddr_o[17]' is connected directly to 'logic 0'. (LINT-52)
Warning: In design 'icache', output port 'axi_awaddr_o[16]' is connected directly to 'logic 0'. (LINT-52)
Warning: In design 'icache', output port 'axi_awaddr_o[15]' is connected directly to 'logic 0'. (LINT-52)
Warning: In design 'icache', output port 'axi_awaddr_o[14]' is connected directly to 'logic 0'. (LINT-52)
Warning: In design 'icache', output port 'axi_awaddr_o[13]' is connected directly to 'logic 0'. (LINT-52)
Warning: In design 'icache', output port 'axi_awaddr_o[12]' is connected directly to 'logic 0'. (LINT-52)
Warning: In design 'icache', output port 'axi_awaddr_o[11]' is connected directly to 'logic 0'. (LINT-52)
Warning: In design 'icache', output port 'axi_awaddr_o[10]' is connected directly to 'logic 0'. (LINT-52)
Warning: In design 'icache', output port 'axi_awaddr_o[9]' is connected directly to 'logic 0'. (LINT-52)
Warning: In design 'icache', output port 'axi_awaddr_o[8]' is connected directly to 'logic 0'. (LINT-52)
Warning: In design 'icache', output port 'axi_awaddr_o[7]' is connected directly to 'logic 0'. (LINT-52)
Warning: In design 'icache', output port 'axi_awaddr_o[6]' is connected directly to 'logic 0'. (LINT-52)
Warning: In design 'icache', output port 'axi_awaddr_o[5]' is connected directly to 'logic 0'. (LINT-52)
Warning: In design 'icache', output port 'axi_awaddr_o[4]' is connected directly to 'logic 0'. (LINT-52)
Warning: In design 'icache', output port 'axi_awaddr_o[3]' is connected directly to 'logic 0'. (LINT-52)
Warning: In design 'icache', output port 'axi_awaddr_o[2]' is connected directly to 'logic 0'. (LINT-52)
Warning: In design 'icache', output port 'axi_awaddr_o[1]' is connected directly to 'logic 0'. (LINT-52)
Warning: In design 'icache', output port 'axi_awaddr_o[0]' is connected directly to 'logic 0'. (LINT-52)
Warning: In design 'icache', output port 'axi_awid_o[3]' is connected directly to 'logic 0'. (LINT-52)
Warning: In design 'icache', output port 'axi_awid_o[2]' is connected directly to 'logic 0'. (LINT-52)
Warning: In design 'icache', output port 'axi_awid_o[1]' is connected directly to 'logic 0'. (LINT-52)
Warning: In design 'icache', output port 'axi_awid_o[0]' is connected directly to 'logic 0'. (LINT-52)
Warning: In design 'icache', output port 'axi_awlen_o[7]' is connected directly to 'logic 0'. (LINT-52)
Warning: In design 'icache', output port 'axi_awlen_o[6]' is connected directly to 'logic 0'. (LINT-52)
Warning: In design 'icache', output port 'axi_awlen_o[5]' is connected directly to 'logic 0'. (LINT-52)
Warning: In design 'icache', output port 'axi_awlen_o[4]' is connected directly to 'logic 0'. (LINT-52)
Warning: In design 'icache', output port 'axi_awlen_o[3]' is connected directly to 'logic 0'. (LINT-52)
Warning: In design 'icache', output port 'axi_awlen_o[2]' is connected directly to 'logic 0'. (LINT-52)
Warning: In design 'icache', output port 'axi_awlen_o[1]' is connected directly to 'logic 0'. (LINT-52)
Warning: In design 'icache', output port 'axi_awlen_o[0]' is connected directly to 'logic 0'. (LINT-52)
Warning: In design 'icache', output port 'axi_awburst_o[1]' is connected directly to 'logic 0'. (LINT-52)
Warning: In design 'icache', output port 'axi_awburst_o[0]' is connected directly to 'logic 0'. (LINT-52)
Warning: In design 'icache', output port 'axi_wvalid_o' is connected directly to 'logic 0'. (LINT-52)
Warning: In design 'icache', output port 'axi_wdata_o[31]' is connected directly to 'logic 0'. (LINT-52)
Warning: In design 'icache', output port 'axi_wdata_o[30]' is connected directly to 'logic 0'. (LINT-52)
Warning: In design 'icache', output port 'axi_wdata_o[29]' is connected directly to 'logic 0'. (LINT-52)
Warning: In design 'icache', output port 'axi_wdata_o[28]' is connected directly to 'logic 0'. (LINT-52)
Warning: In design 'icache', output port 'axi_wdata_o[27]' is connected directly to 'logic 0'. (LINT-52)
Warning: In design 'icache', output port 'axi_wdata_o[26]' is connected directly to 'logic 0'. (LINT-52)
Warning: In design 'icache', output port 'axi_wdata_o[25]' is connected directly to 'logic 0'. (LINT-52)
Warning: In design 'icache', output port 'axi_wdata_o[24]' is connected directly to 'logic 0'. (LINT-52)
Warning: In design 'icache', output port 'axi_wdata_o[23]' is connected directly to 'logic 0'. (LINT-52)
Warning: In design 'icache', output port 'axi_wdata_o[22]' is connected directly to 'logic 0'. (LINT-52)
Warning: In design 'icache', output port 'axi_wdata_o[21]' is connected directly to 'logic 0'. (LINT-52)
Warning: In design 'icache', output port 'axi_wdata_o[20]' is connected directly to 'logic 0'. (LINT-52)
Warning: In design 'icache', output port 'axi_wdata_o[19]' is connected directly to 'logic 0'. (LINT-52)
Warning: In design 'icache', output port 'axi_wdata_o[18]' is connected directly to 'logic 0'. (LINT-52)
Warning: In design 'icache', output port 'axi_wdata_o[17]' is connected directly to 'logic 0'. (LINT-52)
Warning: In design 'icache', output port 'axi_wdata_o[16]' is connected directly to 'logic 0'. (LINT-52)
Warning: In design 'icache', output port 'axi_wdata_o[15]' is connected directly to 'logic 0'. (LINT-52)
Warning: In design 'icache', output port 'axi_wdata_o[14]' is connected directly to 'logic 0'. (LINT-52)
Warning: In design 'icache', output port 'axi_wdata_o[13]' is connected directly to 'logic 0'. (LINT-52)
Warning: In design 'icache', output port 'axi_wdata_o[12]' is connected directly to 'logic 0'. (LINT-52)
Warning: In design 'icache', output port 'axi_wdata_o[11]' is connected directly to 'logic 0'. (LINT-52)
Warning: In design 'icache', output port 'axi_wdata_o[10]' is connected directly to 'logic 0'. (LINT-52)
Warning: In design 'icache', output port 'axi_wdata_o[9]' is connected directly to 'logic 0'. (LINT-52)
Warning: In design 'icache', output port 'axi_wdata_o[8]' is connected directly to 'logic 0'. (LINT-52)
Warning: In design 'icache', output port 'axi_wdata_o[7]' is connected directly to 'logic 0'. (LINT-52)
Warning: In design 'icache', output port 'axi_wdata_o[6]' is connected directly to 'logic 0'. (LINT-52)
Warning: In design 'icache', output port 'axi_wdata_o[5]' is connected directly to 'logic 0'. (LINT-52)
Warning: In design 'icache', output port 'axi_wdata_o[4]' is connected directly to 'logic 0'. (LINT-52)
Warning: In design 'icache', output port 'axi_wdata_o[3]' is connected directly to 'logic 0'. (LINT-52)
Warning: In design 'icache', output port 'axi_wdata_o[2]' is connected directly to 'logic 0'. (LINT-52)
Warning: In design 'icache', output port 'axi_wdata_o[1]' is connected directly to 'logic 0'. (LINT-52)
Warning: In design 'icache', output port 'axi_wdata_o[0]' is connected directly to 'logic 0'. (LINT-52)
Warning: In design 'icache', output port 'axi_wstrb_o[3]' is connected directly to 'logic 0'. (LINT-52)
Warning: In design 'icache', output port 'axi_wstrb_o[2]' is connected directly to 'logic 0'. (LINT-52)
Warning: In design 'icache', output port 'axi_wstrb_o[1]' is connected directly to 'logic 0'. (LINT-52)
Warning: In design 'icache', output port 'axi_wstrb_o[0]' is connected directly to 'logic 0'. (LINT-52)
Warning: In design 'icache', output port 'axi_wlast_o' is connected directly to 'logic 0'. (LINT-52)
Warning: In design 'icache', output port 'axi_bready_o' is connected directly to 'logic 0'. (LINT-52)
Warning: In design 'icache', output port 'axi_araddr_o[4]' is connected directly to 'logic 0'. (LINT-52)
Warning: In design 'icache', output port 'axi_araddr_o[3]' is connected directly to 'logic 0'. (LINT-52)
Warning: In design 'icache', output port 'axi_araddr_o[2]' is connected directly to 'logic 0'. (LINT-52)
Warning: In design 'icache', output port 'axi_araddr_o[1]' is connected directly to 'logic 0'. (LINT-52)
Warning: In design 'icache', output port 'axi_araddr_o[0]' is connected directly to 'logic 0'. (LINT-52)
Warning: In design 'icache', output port 'axi_arid_o[3]' is connected directly to 'logic 1'. (LINT-52)
Warning: In design 'icache', output port 'axi_arid_o[2]' is connected directly to 'logic 0'. (LINT-52)
Warning: In design 'icache', output port 'axi_arid_o[1]' is connected directly to 'logic 0'. (LINT-52)
Warning: In design 'icache', output port 'axi_arid_o[0]' is connected directly to 'logic 0'. (LINT-52)
Warning: In design 'icache', output port 'axi_arlen_o[7]' is connected directly to 'logic 0'. (LINT-52)
Warning: In design 'icache', output port 'axi_arlen_o[6]' is connected directly to 'logic 0'. (LINT-52)
Warning: In design 'icache', output port 'axi_arlen_o[5]' is connected directly to 'logic 0'. (LINT-52)
Warning: In design 'icache', output port 'axi_arlen_o[4]' is connected directly to 'logic 0'. (LINT-52)
Warning: In design 'icache', output port 'axi_arlen_o[3]' is connected directly to 'logic 0'. (LINT-52)
Warning: In design 'icache', output port 'axi_arlen_o[2]' is connected directly to 'logic 1'. (LINT-52)
Warning: In design 'icache', output port 'axi_arlen_o[1]' is connected directly to 'logic 1'. (LINT-52)
Warning: In design 'icache', output port 'axi_arlen_o[0]' is connected directly to 'logic 1'. (LINT-52)
Warning: In design 'icache', output port 'axi_arburst_o[1]' is connected directly to 'logic 0'. (LINT-52)
Warning: In design 'icache', output port 'axi_arburst_o[0]' is connected directly to 'logic 1'. (LINT-52)
Warning: In design 'icache', output port 'axi_rready_o' is connected directly to 'logic 1'. (LINT-52)
Warning: In design 'irq_ctrl', output port 'cfg_bresp_o[1]' is connected directly to 'logic 0'. (LINT-52)
Warning: In design 'irq_ctrl', output port 'cfg_bresp_o[0]' is connected directly to 'logic 0'. (LINT-52)
Warning: In design 'irq_ctrl', output port 'cfg_rresp_o[1]' is connected directly to 'logic 0'. (LINT-52)
Warning: In design 'irq_ctrl', output port 'cfg_rresp_o[0]' is connected directly to 'logic 0'. (LINT-52)
Warning: In design 'uart_lite', output port 'cfg_bresp_o[1]' is connected directly to 'logic 0'. (LINT-52)
Warning: In design 'uart_lite', output port 'cfg_bresp_o[0]' is connected directly to 'logic 0'. (LINT-52)
Warning: In design 'uart_lite', output port 'cfg_rresp_o[1]' is connected directly to 'logic 0'. (LINT-52)
Warning: In design 'uart_lite', output port 'cfg_rresp_o[0]' is connected directly to 'logic 0'. (LINT-52)
Warning: In design 'timer', output port 'cfg_bresp_o[1]' is connected directly to 'logic 0'. (LINT-52)
Warning: In design 'timer', output port 'cfg_bresp_o[0]' is connected directly to 'logic 0'. (LINT-52)
Warning: In design 'timer', output port 'cfg_rresp_o[1]' is connected directly to 'logic 0'. (LINT-52)
Warning: In design 'timer', output port 'cfg_rresp_o[0]' is connected directly to 'logic 0'. (LINT-52)
Warning: In design 'spi_lite', output port 'cfg_bresp_o[1]' is connected directly to 'logic 0'. (LINT-52)
Warning: In design 'spi_lite', output port 'cfg_bresp_o[0]' is connected directly to 'logic 0'. (LINT-52)
Warning: In design 'spi_lite', output port 'cfg_rresp_o[1]' is connected directly to 'logic 0'. (LINT-52)
Warning: In design 'spi_lite', output port 'cfg_rresp_o[0]' is connected directly to 'logic 0'. (LINT-52)
Warning: In design 'gpio', output port 'cfg_bresp_o[1]' is connected directly to 'logic 0'. (LINT-52)
Warning: In design 'gpio', output port 'cfg_bresp_o[0]' is connected directly to 'logic 0'. (LINT-52)
Warning: In design 'gpio', output port 'cfg_rresp_o[1]' is connected directly to 'logic 0'. (LINT-52)
Warning: In design 'gpio', output port 'cfg_rresp_o[0]' is connected directly to 'logic 0'. (LINT-52)
Warning: In design 'riscv_exec', output port 'writeback_squash_o' is connected directly to 'logic 0'. (LINT-52)
Warning: In design 'riscv_exec', output port 'stall_o' is connected directly to 'logic 0'. (LINT-52)
Warning: In design 'riscv_mmu', output port 'outport_data_wr_o[31]' is connected directly to 'logic 0'. (LINT-52)
Warning: In design 'riscv_mmu', output port 'outport_data_wr_o[30]' is connected directly to 'logic 0'. (LINT-52)
Warning: In design 'riscv_mmu', output port 'outport_data_wr_o[29]' is connected directly to 'logic 0'. (LINT-52)
Warning: In design 'riscv_mmu', output port 'outport_data_wr_o[28]' is connected directly to 'logic 0'. (LINT-52)
Warning: In design 'riscv_mmu', output port 'outport_data_wr_o[27]' is connected directly to 'logic 0'. (LINT-52)
Warning: In design 'riscv_mmu', output port 'outport_data_wr_o[26]' is connected directly to 'logic 0'. (LINT-52)
Warning: In design 'riscv_mmu', output port 'outport_data_wr_o[25]' is connected directly to 'logic 0'. (LINT-52)
Warning: In design 'riscv_mmu', output port 'outport_data_wr_o[24]' is connected directly to 'logic 0'. (LINT-52)
Warning: In design 'riscv_mmu', output port 'outport_data_wr_o[23]' is connected directly to 'logic 0'. (LINT-52)
Warning: In design 'riscv_mmu', output port 'outport_data_wr_o[22]' is connected directly to 'logic 0'. (LINT-52)
Warning: In design 'riscv_mmu', output port 'outport_data_wr_o[21]' is connected directly to 'logic 0'. (LINT-52)
Warning: In design 'riscv_mmu', output port 'outport_data_wr_o[20]' is connected directly to 'logic 0'. (LINT-52)
Warning: In design 'riscv_mmu', output port 'outport_data_wr_o[19]' is connected directly to 'logic 0'. (LINT-52)
Warning: In design 'riscv_mmu', output port 'outport_data_wr_o[18]' is connected directly to 'logic 0'. (LINT-52)
Warning: In design 'riscv_mmu', output port 'outport_data_wr_o[17]' is connected directly to 'logic 0'. (LINT-52)
Warning: In design 'riscv_mmu', output port 'outport_data_wr_o[16]' is connected directly to 'logic 0'. (LINT-52)
Warning: In design 'riscv_mmu', output port 'outport_data_wr_o[15]' is connected directly to 'logic 0'. (LINT-52)
Warning: In design 'riscv_mmu', output port 'outport_data_wr_o[14]' is connected directly to 'logic 0'. (LINT-52)
Warning: In design 'riscv_mmu', output port 'outport_data_wr_o[13]' is connected directly to 'logic 0'. (LINT-52)
Warning: In design 'riscv_mmu', output port 'outport_data_wr_o[12]' is connected directly to 'logic 0'. (LINT-52)
Warning: In design 'riscv_mmu', output port 'outport_data_wr_o[11]' is connected directly to 'logic 0'. (LINT-52)
Warning: In design 'riscv_mmu', output port 'outport_data_wr_o[10]' is connected directly to 'logic 0'. (LINT-52)
Warning: In design 'riscv_mmu', output port 'outport_data_wr_o[9]' is connected directly to 'logic 0'. (LINT-52)
Warning: In design 'riscv_mmu', output port 'outport_data_wr_o[8]' is connected directly to 'logic 0'. (LINT-52)
Warning: In design 'riscv_mmu', output port 'outport_data_wr_o[7]' is connected directly to 'logic 0'. (LINT-52)
Warning: In design 'riscv_mmu', output port 'outport_data_wr_o[6]' is connected directly to 'logic 0'. (LINT-52)
Warning: In design 'riscv_mmu', output port 'outport_data_wr_o[5]' is connected directly to 'logic 0'. (LINT-52)
Warning: In design 'riscv_mmu', output port 'outport_data_wr_o[4]' is connected directly to 'logic 0'. (LINT-52)
Warning: In design 'riscv_mmu', output port 'outport_data_wr_o[3]' is connected directly to 'logic 0'. (LINT-52)
Warning: In design 'riscv_mmu', output port 'outport_data_wr_o[2]' is connected directly to 'logic 0'. (LINT-52)
Warning: In design 'riscv_mmu', output port 'outport_data_wr_o[1]' is connected directly to 'logic 0'. (LINT-52)
Warning: In design 'riscv_mmu', output port 'outport_data_wr_o[0]' is connected directly to 'logic 0'. (LINT-52)
Warning: In design 'riscv_mmu', output port 'outport_wr_o[3]' is connected directly to 'logic 0'. (LINT-52)
Warning: In design 'riscv_mmu', output port 'outport_wr_o[2]' is connected directly to 'logic 0'. (LINT-52)
Warning: In design 'riscv_mmu', output port 'outport_wr_o[1]' is connected directly to 'logic 0'. (LINT-52)
Warning: In design 'riscv_mmu', output port 'outport_wr_o[0]' is connected directly to 'logic 0'. (LINT-52)
Warning: In design 'riscv_mmu', output port 'outport_cacheable_o' is connected directly to 'logic 1'. (LINT-52)
Warning: In design 'riscv_mmu', output port 'outport_req_tag_o[10]' is connected directly to 'logic 0'. (LINT-52)
Warning: In design 'riscv_mmu', output port 'outport_req_tag_o[9]' is connected directly to 'logic 0'. (LINT-52)
Warning: In design 'riscv_mmu', output port 'outport_req_tag_o[8]' is connected directly to 'logic 0'. (LINT-52)
Warning: In design 'riscv_mmu', output port 'outport_req_tag_o[7]' is connected directly to 'logic 0'. (LINT-52)
Warning: In design 'riscv_mmu', output port 'outport_req_tag_o[6]' is connected directly to 'logic 0'. (LINT-52)
Warning: In design 'riscv_mmu', output port 'outport_req_tag_o[5]' is connected directly to 'logic 0'. (LINT-52)
Warning: In design 'riscv_mmu', output port 'outport_req_tag_o[4]' is connected directly to 'logic 0'. (LINT-52)
Warning: In design 'riscv_mmu', output port 'outport_req_tag_o[3]' is connected directly to 'logic 0'. (LINT-52)
Warning: In design 'riscv_mmu', output port 'outport_req_tag_o[2]' is connected directly to 'logic 0'. (LINT-52)
Warning: In design 'riscv_mmu', output port 'outport_req_tag_o[1]' is connected directly to 'logic 0'. (LINT-52)
Warning: In design 'riscv_mmu', output port 'outport_req_tag_o[0]' is connected directly to 'logic 0'. (LINT-52)
Warning: In design 'riscv_mmu', output port 'outport_invalidate_o' is connected directly to 'logic 0'. (LINT-52)
Warning: In design 'riscv_mmu', output port 'outport_flush_o' is connected directly to 'logic 0'. (LINT-52)
Warning: In design 'riscv_lsu', output port 'writeback_squash_o' is connected directly to 'logic 0'. (LINT-52)
Warning: In design 'riscv_muldiv', output port 'writeback_squash_o' is connected directly to 'logic 0'. (LINT-52)
Warning: In design 'riscv_fetch', output port 'icache_invalidate_o' is connected directly to 'logic 0'. (LINT-52)
1
