****************************************
Report : timing
        -path_type full
        -delay_type max
        -max_paths 20
        -report_by design
Design : riscv_soc
Version: X-2025.06-SP1
Date   : Fri May  1 11:20:46 2026
****************************************

  Startpoint: u_core/u_core/u_decode/inst_q_reg[20] (rising edge-triggered flip-flop clocked by clk)
  Endpoint: u_core/u_core/u_muldiv/mult_result_q_reg[31] (rising edge-triggered flip-flop clocked by clk)
  Mode: func
  Corner: ss_100C_1v60
  Scenario: func@ss_100C_1v60.setup
  Path Group: REG2REG
  Path Type: max

  Point                                            Incr      Path  
  ------------------------------------------------------------------------
  clock clk (rise edge)                            0.00      0.00
  clock network delay (propagated)                 2.87      2.87

  u_core/u_core/u_decode/inst_q_reg[20]/CLK (sky130_fd_sc_hd__dfrtp_2)
                                                   0.00      2.87 r
  u_core/u_core/u_decode/inst_q_reg[20]/Q (sky130_fd_sc_hd__dfrtp_2)
                                                   1.29      4.16 r
  u_core/u_core/u_decode/HFSBUF_252_3224/X (sky130_fd_sc_hd__buf_16)
                                                   0.39      4.55 r
  u_core/u_core/u_decode/u_regfile/ctmTdsLR_1_11829/Y (sky130_fd_sc_hd__nor2_2)
                                                   0.79      5.34 f
  u_core/u_core/u_decode/u_regfile/gre_BUF_517_inst_27278/X (sky130_fd_sc_hd__buf_12)
                                                   0.36      5.70 f
  u_core/u_core/u_decode/u_regfile/U667/Y (sky130_fd_sc_hd__nand2_4)
                                                   0.91      6.61 r
  u_core/u_core/u_decode/u_regfile/U416/Y (sky130_fd_sc_hd__o22ai_2)
                                                   0.54      7.15 f
  u_core/u_core/u_decode/u_regfile/U136/Y (sky130_fd_sc_hd__nor4_1)
                                                   0.57      7.72 r
  u_core/u_core/u_decode/u_regfile/HFSBUF_2_244/X (sky130_fd_sc_hd__clkbuf_8)
                                                   0.56      8.28 r
  u_core/u_core/u_decode/u_regfile/ctmTdsLR_3_4562/Y (sky130_fd_sc_hd__nand3_4)
                                                   0.43      8.72 f
  u_core/u_core/u_decode/ctmTdsLR_1_8670/Y (sky130_fd_sc_hd__a31oi_2)
                                                   0.48      9.19 r
  u_core/u_core/u_decode/ctmTdsLR_2_8671/Y (sky130_fd_sc_hd__o21ai_4)
                                                   0.25      9.44 f
  u_core/u_core/u_muldiv/mult_125/ctmTdsLR_1_19375/X (sky130_fd_sc_hd__buf_8)
                                                   0.28      9.72 f
  u_core/u_core/u_muldiv/mult_125/ropt_mt_inst_27934/X (sky130_fd_sc_hd__buf_8)
                                                   0.28     10.00 f
  u_core/u_core/u_muldiv/mult_125/ropt_mt_inst_27933/X (sky130_fd_sc_hd__buf_12)
                                                   0.68     10.67 f
  u_core/u_core/u_muldiv/mult_125/ZINV_18281_inst_9422/Y (sky130_fd_sc_hd__inv_4)
                                                   0.32     11.00 r
  u_core/u_core/u_muldiv/mult_125/U1825/Y (sky130_fd_sc_hd__nor2_2)
                                                   0.11     11.10 f
  u_core/u_core/u_muldiv/mult_125/U497/X (sky130_fd_sc_hd__and2_1)
                                                   0.39     11.49 f
  u_core/u_core/u_muldiv/mult_125/S2_2_20/COUT (sky130_fd_sc_hd__fah_1)
                                                   0.71     12.20 f
  u_core/u_core/u_muldiv/mult_125/ctmTdsLR_3_10053/Y (sky130_fd_sc_hd__o21ai_1)
                                                   0.25     12.45 r
  u_core/u_core/u_muldiv/mult_125/ctmTdsLR_5_10055/Y (sky130_fd_sc_hd__nand2_1)
                                                   0.17     12.62 f
  u_core/u_core/u_muldiv/mult_125/ctmTdsLR_10_10060/Y (sky130_fd_sc_hd__nand2_1)
                                                   0.22     12.83 r
  u_core/u_core/u_muldiv/mult_125/ctmTdsLR_12_10062/Y (sky130_fd_sc_hd__nand2_1)
                                                   0.21     13.05 f
  u_core/u_core/u_muldiv/mult_125/ctmTdsLR_13_10063/Y (sky130_fd_sc_hd__xnor2_1)
                                                   0.34     13.38 r
  u_core/u_core/u_muldiv/mult_125/S2_5_19/SUM (sky130_fd_sc_hd__fah_1)
                                                   0.61     14.00 f
  u_core/u_core/u_muldiv/mult_125/S2_6_18/COUT (sky130_fd_sc_hd__fah_1)
                                                   0.58     14.58 f
  u_core/u_core/u_muldiv/mult_125/ctmTdsLR_1_9950/Y (sky130_fd_sc_hd__o21ai_1)
                                                   0.25     14.83 r
  u_core/u_core/u_muldiv/mult_125/ctmTdsLR_3_9952/Y (sky130_fd_sc_hd__nand2_1)
                                                   0.20     15.03 f
  u_core/u_core/u_muldiv/mult_125/S2_8_18/COUT (sky130_fd_sc_hd__fah_1)
                                                   0.67     15.70 f
  u_core/u_core/u_muldiv/mult_125/ctmTdsLR_3_10553/Y (sky130_fd_sc_hd__o21ai_1)
                                                   0.23     15.93 r
  u_core/u_core/u_muldiv/mult_125/ctmTdsLR_5_10555/Y (sky130_fd_sc_hd__nand2_1)
                                                   0.18     16.10 f
  u_core/u_core/u_muldiv/mult_125/ctmTdsLR_8_10558/Y (sky130_fd_sc_hd__nand2_1)
                                                   0.15     16.26 r
  u_core/u_core/u_muldiv/mult_125/ctmTdsLR_1_20524/Y (sky130_fd_sc_hd__nor2b_1)
                                                   0.30     16.56 r
  u_core/u_core/u_muldiv/mult_125/ctmTdsLR_12_10562/Y (sky130_fd_sc_hd__xnor2_1)
                                                   0.25     16.81 r
  u_core/u_core/u_muldiv/mult_125/ropt_d_inst_28054/X (sky130_fd_sc_hd__clkbuf_2)
                                                   0.26     17.07 r
  u_core/u_core/u_muldiv/mult_125/S2_11_17/SUM (sky130_fd_sc_hd__fah_1)
                                                   0.60     17.68 f
  u_core/u_core/u_muldiv/mult_125/S2_12_16/COUT (sky130_fd_sc_hd__fah_1)
                                                   0.58     18.26 f
  u_core/u_core/u_muldiv/mult_125/S2_13_16/COUT (sky130_fd_sc_hd__fah_1)
                                                   0.66     18.92 f
  u_core/u_core/u_muldiv/mult_125/ctmTdsLR_3_9617/Y (sky130_fd_sc_hd__inv_1)
                                                   0.18     19.10 r
  u_core/u_core/u_muldiv/mult_125/ctmTdsLR_6_9620/Y (sky130_fd_sc_hd__nor2_1)
                                                   0.14     19.24 f
  u_core/u_core/u_muldiv/mult_125/ctmTdsLR_2_11241/Y (sky130_fd_sc_hd__nor2_1)
                                                   0.17     19.41 r
  u_core/u_core/u_muldiv/mult_125/ctmTdsLR_9_9623/Y (sky130_fd_sc_hd__nand2_1)
                                                   0.18     19.59 f
  u_core/u_core/u_muldiv/mult_125/ctmTdsLR_10_9624/Y (sky130_fd_sc_hd__nand2_1)
                                                   0.14     19.73 r
  u_core/u_core/u_muldiv/mult_125/ctmTdsLR_13_9627/Y (sky130_fd_sc_hd__nand2_2)
                                                   0.18     19.91 f
  u_core/u_core/u_muldiv/mult_125/S2_16_16/COUT (sky130_fd_sc_hd__fah_1)
                                                   0.66     20.57 f
  u_core/u_core/u_muldiv/mult_125/S2_17_16/COUT (sky130_fd_sc_hd__fah_1)
                                                   0.68     21.25 f
  u_core/u_core/u_muldiv/mult_125/ctmTdsLR_10_19955/X (sky130_fd_sc_hd__xor2_1)
                                                   0.35     21.60 f
  u_core/u_core/u_muldiv/mult_125/ctmTdsLR_9_19954/Y (sky130_fd_sc_hd__xnor2_1)
                                                   0.29     21.89 f
  u_core/u_core/u_muldiv/mult_125/S2_19_15/COUT (sky130_fd_sc_hd__fah_1)
                                                   0.58     22.47 f
  u_core/u_core/u_muldiv/mult_125/ctmTdsLR_4_10151/Y (sky130_fd_sc_hd__xnor2_1)
                                                   0.25     22.71 r
  u_core/u_core/u_muldiv/mult_125/ropt_d_inst_28053/X (sky130_fd_sc_hd__clkbuf_2)
                                                   0.27     22.98 r
  u_core/u_core/u_muldiv/mult_125/ctmTdsLR_3_19608/X (sky130_fd_sc_hd__xor2_2)
                                                   0.34     23.32 r
  u_core/u_core/u_muldiv/mult_125/ctmTdsLR_5_19610/Y (sky130_fd_sc_hd__xnor2_1)
                                                   0.37     23.69 f
  u_core/u_core/u_muldiv/mult_125/ctmTdsLR_1_10130/Y (sky130_fd_sc_hd__o21ai_1)
                                                   0.22     23.91 r
  u_core/u_core/u_muldiv/mult_125/ctmTdsLR_3_10132/Y (sky130_fd_sc_hd__nand2_1)
                                                   0.20     24.11 f
  u_core/u_core/u_muldiv/mult_125/S2_23_13/COUT (sky130_fd_sc_hd__fah_1)
                                                   0.65     24.76 f
  u_core/u_core/u_muldiv/mult_125/S2_24_13/COUT (sky130_fd_sc_hd__fah_1)
                                                   0.65     25.41 f
  u_core/u_core/u_muldiv/mult_125/S2_25_13/COUT (sky130_fd_sc_hd__fah_1)
                                                   0.65     26.06 f
  u_core/u_core/u_muldiv/mult_125/S2_26_13/SUM (sky130_fd_sc_hd__fah_1)
                                                   0.62     26.68 f
  u_core/u_core/u_muldiv/mult_125/S2_27_12/COUT (sky130_fd_sc_hd__fah_1)
                                                   0.56     27.24 f
  u_core/u_core/u_muldiv/mult_125/S2_28_12/COUT (sky130_fd_sc_hd__fah_1)
                                                   0.65     27.89 f
  u_core/u_core/u_muldiv/mult_125/S2_29_12/COUT (sky130_fd_sc_hd__fah_1)
                                                   0.65     28.54 f
  u_core/u_core/u_muldiv/mult_125/S2_30_12/COUT (sky130_fd_sc_hd__fah_1)
                                                   0.66     29.20 f
  u_core/u_core/u_muldiv/mult_125/S2_31_12/COUT (sky130_fd_sc_hd__fah_1)
                                                   0.66     29.85 f
  u_core/u_core/u_muldiv/mult_125/S2_32_12/COUT (sky130_fd_sc_hd__fah_1)
                                                   0.66     30.51 f
  u_core/u_core/u_muldiv/mult_125/S2_33_12/COUT (sky130_fd_sc_hd__fah_1)
                                                   0.66     31.17 f
  u_core/u_core/u_muldiv/mult_125/S2_34_12/COUT (sky130_fd_sc_hd__fah_1)
                                                   0.65     31.82 f
  u_core/u_core/u_muldiv/mult_125/S2_35_12/COUT (sky130_fd_sc_hd__fah_1)
                                                   0.65     32.46 f
  u_core/u_core/u_muldiv/mult_125/S2_36_12/COUT (sky130_fd_sc_hd__fah_1)
                                                   0.66     33.12 f
  u_core/u_core/u_muldiv/mult_125/S2_37_12/COUT (sky130_fd_sc_hd__fah_1)
                                                   0.65     33.77 f
  u_core/u_core/u_muldiv/mult_125/S2_38_12/COUT (sky130_fd_sc_hd__fah_1)
                                                   0.66     34.43 f
  u_core/u_core/u_muldiv/mult_125/S2_39_12/COUT (sky130_fd_sc_hd__fah_1)
                                                   0.68     35.11 f
  u_core/u_core/u_muldiv/mult_125/ctmTdsLR_8_10071/Y (sky130_fd_sc_hd__xnor2_1)
                                                   0.46     35.57 r
  u_core/u_core/u_muldiv/mult_125/ctmTdsLR_1_11352/X (sky130_fd_sc_hd__xor2_1)
                                                   0.38     35.95 r
  u_core/u_core/u_muldiv/mult_125/ctmTdsLR_2_11353/Y (sky130_fd_sc_hd__o2bb2ai_1)
                                                   0.24     36.19 f
  u_core/u_core/u_muldiv/mult_125/ctmTdsLR_3_6316/Y (sky130_fd_sc_hd__nor2_1)
                                                   0.31     36.50 r
  u_core/u_core/u_muldiv/mult_125/ctmTdsLR_6_6319/Y (sky130_fd_sc_hd__o21ai_2)
                                                   0.25     36.75 f
  u_core/u_core/u_muldiv/mult_125/ctmTdsLR_6_10158/Y (sky130_fd_sc_hd__inv_1)
                                                   0.16     36.90 r
  u_core/u_core/u_muldiv/mult_125/ctmTdsLR_1_18800/Y (sky130_fd_sc_hd__nand2b_1)
                                                   0.17     37.08 f
  u_core/u_core/u_muldiv/mult_125/ctmTdsLR_7_10159/Y (sky130_fd_sc_hd__a2bb2oi_2)
                                                   0.31     37.38 r
  u_core/u_core/u_muldiv/mult_125/ctmTdsLR_9_10161/Y (sky130_fd_sc_hd__nor2_1)
                                                   0.16     37.54 f
  u_core/u_core/u_muldiv/mult_125/ctmTdsLR_12_10164/Y (sky130_fd_sc_hd__nor2b_1)
                                                   0.26     37.81 r
  u_core/u_core/u_muldiv/mult_125/ctmTdsLR_13_10165_roptpi_21833/X (sky130_fd_sc_hd__xor2_1)
                                                   0.45     38.25 r
  u_core/u_core/u_muldiv/mult_125/ctmTdsLR_10_5887/Y (sky130_fd_sc_hd__nand2_1)
                                                   0.21     38.46 f
  u_core/u_core/u_muldiv/mult_125/ctmTdsLR_11_5888/Y (sky130_fd_sc_hd__nand2_1)
                                                   0.18     38.64 r
  u_core/u_core/u_muldiv/mult_125/ctmTdsLR_6_10402/Y (sky130_fd_sc_hd__xnor2_1)
                                                   0.26     38.90 r
  u_core/u_core/u_muldiv/mult_125/ctmTdsLR_7_10403/Y (sky130_fd_sc_hd__xnor2_1)
                                                   0.31     39.21 f
  u_core/u_core/u_muldiv/mult_125/ctmTdsLR_5_7471/X (sky130_fd_sc_hd__maj3_2)
                                                   0.68     39.89 f
  u_core/u_core/u_muldiv/mult_125/ctmTdsLR_1_11002/Y (sky130_fd_sc_hd__nand2b_1)
                                                   0.38     40.27 f
  u_core/u_core/u_muldiv/mult_125/ctmTdsLR_1_11201/Y (sky130_fd_sc_hd__nand2_1)
                                                   0.13     40.40 r
  u_core/u_core/u_muldiv/mult_125/ctmTdsLR_2_11202/Y (sky130_fd_sc_hd__nand2_1)
                                                   0.17     40.57 f
  u_core/u_core/u_muldiv/mult_125/S2_49_9/COUT (sky130_fd_sc_hd__fah_1)
                                                   0.71     41.28 f
  u_core/u_core/u_muldiv/mult_125/ctmTdsLR_1_9773/Y (sky130_fd_sc_hd__xnor2_1)
                                                   0.33     41.61 r
  u_core/u_core/u_muldiv/mult_125/ctmTdsLR_2_6261/Y (sky130_fd_sc_hd__xnor2_1)
                                                   0.31     41.91 r
  u_core/u_core/u_muldiv/mult_125/S2_51_8/SUM (sky130_fd_sc_hd__fah_1)
                                                   0.58     42.49 f
  u_core/u_core/u_muldiv/mult_125/S2_52_7/SUM (sky130_fd_sc_hd__fah_1)
                                                   0.47     42.96 f
  u_core/u_core/u_muldiv/mult_125/S2_53_6/SUM (sky130_fd_sc_hd__fah_1)
                                                   0.58     43.54 r
  u_core/u_core/u_muldiv/mult_125/ctmTdsLR_1_9554/Y (sky130_fd_sc_hd__inv_1)
                                                   0.13     43.67 f
  u_core/u_core/u_muldiv/mult_125/ctmTdsLR_4_9557/Y (sky130_fd_sc_hd__xnor2_1)
                                                   0.43     44.10 r
  u_core/u_core/u_muldiv/mult_125/ctmTdsLR_6_9784/Y (sky130_fd_sc_hd__a2bb2oi_1)
                                                   0.32     44.42 f
  u_core/u_core/u_muldiv/mult_125/ctmTdsLR_9_9787/Y (sky130_fd_sc_hd__nand2_1)
                                                   0.17     44.59 r
  u_core/u_core/u_muldiv/mult_125/ctmTdsLR_1_18870/Y (sky130_fd_sc_hd__nor2b_2)
                                                   0.49     45.08 r
  u_core/u_core/u_muldiv/mult_125/ctmTdsLR_15_9793/Y (sky130_fd_sc_hd__xnor2_4)
                                                   0.36     45.44 r
  u_core/u_core/u_muldiv/mult_125/U715/Y (sky130_fd_sc_hd__nand2_1)
                                                   0.27     45.71 f
  u_core/u_core/u_muldiv/mult_125/ctmTdsLR_3_10901_roptpi_21826/X (sky130_fd_sc_hd__o21a_1)
                                                   0.43     46.14 f
  u_core/u_core/u_muldiv/mult_125/ctmTdsLR_2_4708/Y (sky130_fd_sc_hd__xnor2_1)
                                                   0.45     46.60 r
  u_core/u_core/u_muldiv/mult_125/ctmTdsLR_1_8815/Y (sky130_fd_sc_hd__o21ai_1)
                                                   0.26     46.85 f
  u_core/u_core/u_muldiv/mult_125/ctmTdsLR_2_4706/Y (sky130_fd_sc_hd__nand2_2)
                                                   0.18     47.03 r
  u_core/u_core/u_muldiv/mult_125/S2_60_2/COUT (sky130_fd_sc_hd__fah_1)
                                                   0.60     47.64 r
  u_core/u_core/u_muldiv/mult_125/S2_61_2/SUM (sky130_fd_sc_hd__fah_1)
                                                   0.58     48.22 r
  u_core/u_core/u_muldiv/mult_125/S2_62_1/SUM (sky130_fd_sc_hd__fah_1)
                                                   0.53     48.75 f
  u_core/u_core/u_muldiv/mult_125/ctmTdsLR_1_4339/Y (sky130_fd_sc_hd__xnor2_1)
                                                   0.21     48.96 f
  u_core/u_core/u_muldiv/ctmTdsLR_1_4280/Y (sky130_fd_sc_hd__nand2_1)
                                                   0.13     49.09 r
  u_core/u_core/u_muldiv/ctmTdsLR_4_4283/Y (sky130_fd_sc_hd__nand2_2)
                                                   0.16     49.25 f
  u_core/u_core/u_muldiv/mult_result_q_reg[31]/D (sky130_fd_sc_hd__dfrbp_1)
                                                   0.00     49.25 f
  data arrival time                                         49.25

  clock clk (rise edge)                           45.00     45.00
  clock network delay (propagated)                 4.82     49.82
  u_core/u_core/u_muldiv/mult_result_q_reg[31]/CLK (sky130_fd_sc_hd__dfrbp_1)
                                                   0.00     49.82 r
  clock uncertainty                               -0.90     48.92
  library setup time                              -0.16     48.76
  data required time                                        48.76
  ------------------------------------------------------------------------
  data required time                                        48.76
  data arrival time                                        -49.25
  ------------------------------------------------------------------------
  slack (VIOLATED)                                          -0.48



  Startpoint: u_core/u_core/u_decode/inst_q_reg[20] (rising edge-triggered flip-flop clocked by clk)
  Endpoint: u_core/u_core/u_muldiv/mult_result_q_reg[30] (rising edge-triggered flip-flop clocked by clk)
  Mode: func
  Corner: ss_100C_1v60
  Scenario: func@ss_100C_1v60.setup
  Path Group: REG2REG
  Path Type: max

  Point                                            Incr      Path  
  ------------------------------------------------------------------------
  clock clk (rise edge)                            0.00      0.00
  clock network delay (propagated)                 2.87      2.87

  u_core/u_core/u_decode/inst_q_reg[20]/CLK (sky130_fd_sc_hd__dfrtp_2)
                                                   0.00      2.87 r
  u_core/u_core/u_decode/inst_q_reg[20]/Q (sky130_fd_sc_hd__dfrtp_2)
                                                   1.29      4.16 r
  u_core/u_core/u_decode/HFSBUF_252_3224/X (sky130_fd_sc_hd__buf_16)
                                                   0.39      4.55 r
  u_core/u_core/u_decode/u_regfile/ctmTdsLR_1_11829/Y (sky130_fd_sc_hd__nor2_2)
                                                   0.79      5.34 f
  u_core/u_core/u_decode/u_regfile/gre_BUF_517_inst_27278/X (sky130_fd_sc_hd__buf_12)
                                                   0.36      5.70 f
  u_core/u_core/u_decode/u_regfile/U667/Y (sky130_fd_sc_hd__nand2_4)
                                                   0.91      6.61 r
  u_core/u_core/u_decode/u_regfile/U416/Y (sky130_fd_sc_hd__o22ai_2)
                                                   0.54      7.15 f
  u_core/u_core/u_decode/u_regfile/U136/Y (sky130_fd_sc_hd__nor4_1)
                                                   0.57      7.72 r
  u_core/u_core/u_decode/u_regfile/HFSBUF_2_244/X (sky130_fd_sc_hd__clkbuf_8)
                                                   0.56      8.28 r
  u_core/u_core/u_decode/u_regfile/ctmTdsLR_3_4562/Y (sky130_fd_sc_hd__nand3_4)
                                                   0.43      8.72 f
  u_core/u_core/u_decode/ctmTdsLR_1_8670/Y (sky130_fd_sc_hd__a31oi_2)
                                                   0.48      9.19 r
  u_core/u_core/u_decode/ctmTdsLR_2_8671/Y (sky130_fd_sc_hd__o21ai_4)
                                                   0.25      9.44 f
  u_core/u_core/u_muldiv/mult_125/ctmTdsLR_1_19375/X (sky130_fd_sc_hd__buf_8)
                                                   0.28      9.72 f
  u_core/u_core/u_muldiv/mult_125/ropt_mt_inst_27934/X (sky130_fd_sc_hd__buf_8)
                                                   0.28     10.00 f
  u_core/u_core/u_muldiv/mult_125/ropt_mt_inst_27933/X (sky130_fd_sc_hd__buf_12)
                                                   0.68     10.67 f
  u_core/u_core/u_muldiv/mult_125/ZINV_18281_inst_9422/Y (sky130_fd_sc_hd__inv_4)
                                                   0.32     11.00 r
  u_core/u_core/u_muldiv/mult_125/U1825/Y (sky130_fd_sc_hd__nor2_2)
                                                   0.11     11.10 f
  u_core/u_core/u_muldiv/mult_125/U497/X (sky130_fd_sc_hd__and2_1)
                                                   0.39     11.49 f
  u_core/u_core/u_muldiv/mult_125/S2_2_20/COUT (sky130_fd_sc_hd__fah_1)
                                                   0.71     12.20 f
  u_core/u_core/u_muldiv/mult_125/ctmTdsLR_3_10053/Y (sky130_fd_sc_hd__o21ai_1)
                                                   0.25     12.45 r
  u_core/u_core/u_muldiv/mult_125/ctmTdsLR_5_10055/Y (sky130_fd_sc_hd__nand2_1)
                                                   0.17     12.62 f
  u_core/u_core/u_muldiv/mult_125/ctmTdsLR_10_10060/Y (sky130_fd_sc_hd__nand2_1)
                                                   0.22     12.83 r
  u_core/u_core/u_muldiv/mult_125/ctmTdsLR_12_10062/Y (sky130_fd_sc_hd__nand2_1)
                                                   0.21     13.05 f
  u_core/u_core/u_muldiv/mult_125/ctmTdsLR_13_10063/Y (sky130_fd_sc_hd__xnor2_1)
                                                   0.34     13.38 r
  u_core/u_core/u_muldiv/mult_125/S2_5_19/SUM (sky130_fd_sc_hd__fah_1)
                                                   0.61     14.00 f
  u_core/u_core/u_muldiv/mult_125/S2_6_18/COUT (sky130_fd_sc_hd__fah_1)
                                                   0.58     14.58 f
  u_core/u_core/u_muldiv/mult_125/ctmTdsLR_1_9950/Y (sky130_fd_sc_hd__o21ai_1)
                                                   0.25     14.83 r
  u_core/u_core/u_muldiv/mult_125/ctmTdsLR_3_9952/Y (sky130_fd_sc_hd__nand2_1)
                                                   0.20     15.03 f
  u_core/u_core/u_muldiv/mult_125/S2_8_18/COUT (sky130_fd_sc_hd__fah_1)
                                                   0.67     15.70 f
  u_core/u_core/u_muldiv/mult_125/ctmTdsLR_3_10553/Y (sky130_fd_sc_hd__o21ai_1)
                                                   0.23     15.93 r
  u_core/u_core/u_muldiv/mult_125/ctmTdsLR_5_10555/Y (sky130_fd_sc_hd__nand2_1)
                                                   0.18     16.10 f
  u_core/u_core/u_muldiv/mult_125/ctmTdsLR_8_10558/Y (sky130_fd_sc_hd__nand2_1)
                                                   0.15     16.26 r
  u_core/u_core/u_muldiv/mult_125/ctmTdsLR_1_20524/Y (sky130_fd_sc_hd__nor2b_1)
                                                   0.30     16.56 r
  u_core/u_core/u_muldiv/mult_125/ctmTdsLR_12_10562/Y (sky130_fd_sc_hd__xnor2_1)
                                                   0.25     16.81 r
  u_core/u_core/u_muldiv/mult_125/ropt_d_inst_28054/X (sky130_fd_sc_hd__clkbuf_2)
                                                   0.26     17.07 r
  u_core/u_core/u_muldiv/mult_125/S2_11_17/SUM (sky130_fd_sc_hd__fah_1)
                                                   0.60     17.68 f
  u_core/u_core/u_muldiv/mult_125/S2_12_16/COUT (sky130_fd_sc_hd__fah_1)
                                                   0.58     18.26 f
  u_core/u_core/u_muldiv/mult_125/S2_13_16/COUT (sky130_fd_sc_hd__fah_1)
                                                   0.66     18.92 f
  u_core/u_core/u_muldiv/mult_125/ctmTdsLR_3_9617/Y (sky130_fd_sc_hd__inv_1)
                                                   0.18     19.10 r
  u_core/u_core/u_muldiv/mult_125/ctmTdsLR_6_9620/Y (sky130_fd_sc_hd__nor2_1)
                                                   0.14     19.24 f
  u_core/u_core/u_muldiv/mult_125/ctmTdsLR_2_11241/Y (sky130_fd_sc_hd__nor2_1)
                                                   0.17     19.41 r
  u_core/u_core/u_muldiv/mult_125/ctmTdsLR_9_9623/Y (sky130_fd_sc_hd__nand2_1)
                                                   0.18     19.59 f
  u_core/u_core/u_muldiv/mult_125/ctmTdsLR_10_9624/Y (sky130_fd_sc_hd__nand2_1)
                                                   0.14     19.73 r
  u_core/u_core/u_muldiv/mult_125/ctmTdsLR_13_9627/Y (sky130_fd_sc_hd__nand2_2)
                                                   0.18     19.91 f
  u_core/u_core/u_muldiv/mult_125/S2_16_16/COUT (sky130_fd_sc_hd__fah_1)
                                                   0.66     20.57 f
  u_core/u_core/u_muldiv/mult_125/S2_17_16/COUT (sky130_fd_sc_hd__fah_1)
                                                   0.68     21.25 f
  u_core/u_core/u_muldiv/mult_125/ctmTdsLR_10_19955/X (sky130_fd_sc_hd__xor2_1)
                                                   0.35     21.60 f
  u_core/u_core/u_muldiv/mult_125/ctmTdsLR_9_19954/Y (sky130_fd_sc_hd__xnor2_1)
                                                   0.29     21.89 f
  u_core/u_core/u_muldiv/mult_125/S2_19_15/COUT (sky130_fd_sc_hd__fah_1)
                                                   0.58     22.47 f
  u_core/u_core/u_muldiv/mult_125/ctmTdsLR_4_10151/Y (sky130_fd_sc_hd__xnor2_1)
                                                   0.25     22.71 r
  u_core/u_core/u_muldiv/mult_125/ropt_d_inst_28053/X (sky130_fd_sc_hd__clkbuf_2)
                                                   0.27     22.98 r
  u_core/u_core/u_muldiv/mult_125/ctmTdsLR_3_19608/X (sky130_fd_sc_hd__xor2_2)
                                                   0.34     23.32 r
  u_core/u_core/u_muldiv/mult_125/ctmTdsLR_5_19610/Y (sky130_fd_sc_hd__xnor2_1)
                                                   0.37     23.69 f
  u_core/u_core/u_muldiv/mult_125/ctmTdsLR_1_10130/Y (sky130_fd_sc_hd__o21ai_1)
                                                   0.22     23.91 r
  u_core/u_core/u_muldiv/mult_125/ctmTdsLR_3_10132/Y (sky130_fd_sc_hd__nand2_1)
                                                   0.20     24.11 f
  u_core/u_core/u_muldiv/mult_125/S2_23_13/COUT (sky130_fd_sc_hd__fah_1)
                                                   0.65     24.76 f
  u_core/u_core/u_muldiv/mult_125/S2_24_13/COUT (sky130_fd_sc_hd__fah_1)
                                                   0.65     25.41 f
  u_core/u_core/u_muldiv/mult_125/S2_25_13/COUT (sky130_fd_sc_hd__fah_1)
                                                   0.65     26.06 f
  u_core/u_core/u_muldiv/mult_125/S2_26_13/COUT (sky130_fd_sc_hd__fah_1)
                                                   0.66     26.72 f
  u_core/u_core/u_muldiv/mult_125/S2_27_13/COUT (sky130_fd_sc_hd__fah_1)
                                                   0.69     27.41 f
  u_core/u_core/u_muldiv/mult_125/ctmTdsLR_2_19613/Y (sky130_fd_sc_hd__o21ai_1)
                                                   0.29     27.70 r
  u_core/u_core/u_muldiv/mult_125/ctmTdsLR_1_19612/Y (sky130_fd_sc_hd__nand2_2)
                                                   0.20     27.90 f
  u_core/u_core/u_muldiv/mult_125/ctmTdsLR_4_10332/X (sky130_fd_sc_hd__xor2_1)
                                                   0.31     28.21 r
  u_core/u_core/u_muldiv/mult_125/ctmTdsLR_5_10333/X (sky130_fd_sc_hd__xor2_1)
                                                   0.41     28.62 r
  u_core/u_core/u_muldiv/mult_125/S2_30_12/SUM (sky130_fd_sc_hd__fah_1)
                                                   0.66     29.28 f
  u_core/u_core/u_muldiv/mult_125/ctmTdsLR_1_9832/Y (sky130_fd_sc_hd__o21ai_1)
                                                   0.17     29.45 r
  u_core/u_core/u_muldiv/mult_125/ctmTdsLR_3_9834/Y (sky130_fd_sc_hd__nand2_1)
                                                   0.19     29.63 f
  u_core/u_core/u_muldiv/mult_125/ctmTdsLR_5_21229/Y (sky130_fd_sc_hd__nand2_1)
                                                   0.18     29.81 r
  u_core/u_core/u_muldiv/mult_125/ctmTdsLR_7_21231/Y (sky130_fd_sc_hd__nand2_1)
                                                   0.19     30.00 f
  u_core/u_core/u_muldiv/mult_125/ctmTdsLR_6_21230/Y (sky130_fd_sc_hd__xnor2_1)
                                                   0.33     30.33 r
  u_core/u_core/u_muldiv/mult_125/S2_33_10/SUM (sky130_fd_sc_hd__fah_1)
                                                   0.63     30.96 f
  u_core/u_core/u_muldiv/mult_125/S2_34_9/SUM (sky130_fd_sc_hd__fah_1)
                                                   0.51     31.47 f
  u_core/u_core/u_muldiv/mult_125/S2_35_8/COUT (sky130_fd_sc_hd__fah_1)
                                                   0.54     32.01 f
  u_core/u_core/u_muldiv/mult_125/S2_36_8/COUT (sky130_fd_sc_hd__fah_1)
                                                   0.66     32.67 f
  u_core/u_core/u_muldiv/mult_125/S2_37_8/SUM (sky130_fd_sc_hd__fah_1)
                                                   0.65     33.32 f
  u_core/u_core/u_muldiv/mult_125/ctmTdsLR_3_8268/X (sky130_fd_sc_hd__maj3_2)
                                                   0.67     33.99 f
  u_core/u_core/u_muldiv/mult_125/ctmTdsLR_4_8269/Y (sky130_fd_sc_hd__inv_1)
                                                   0.10     34.09 r
  u_core/u_core/u_muldiv/mult_125/ctmTdsLR_1_11276/Y (sky130_fd_sc_hd__nand2b_1)
                                                   0.14     34.24 f
  u_core/u_core/u_muldiv/mult_125/ctmTdsLR_10_8275/Y (sky130_fd_sc_hd__nand2_1)
                                                   0.15     34.39 r
  u_core/u_core/u_muldiv/mult_125/ctmTdsLR_11_8276/Y (sky130_fd_sc_hd__xnor2_1)
                                                   0.33     34.72 r
  u_core/u_core/u_muldiv/mult_125/ctmTdsLR_9_9845/Y (sky130_fd_sc_hd__xnor2_1)
                                                   0.31     35.02 f
  u_core/u_core/u_muldiv/mult_125/S2_41_5/COUT (sky130_fd_sc_hd__fah_1)
                                                   0.56     35.58 f
  u_core/u_core/u_muldiv/mult_125/S2_42_5/COUT (sky130_fd_sc_hd__fah_1)
                                                   0.65     36.23 f
  u_core/u_core/u_muldiv/mult_125/S2_43_5/COUT (sky130_fd_sc_hd__fah_1)
                                                   0.66     36.89 f
  u_core/u_core/u_muldiv/mult_125/S2_44_5/COUT (sky130_fd_sc_hd__fah_1)
                                                   0.69     37.58 f
  u_core/u_core/u_muldiv/mult_125/ctmTdsLR_1_5277/Y (sky130_fd_sc_hd__xnor2_1)
                                                   0.31     37.89 r
  u_core/u_core/u_muldiv/mult_125/ctmTdsLR_2_5278/Y (sky130_fd_sc_hd__xnor2_1)
                                                   0.29     38.18 r
  u_core/u_core/u_muldiv/mult_125/S2_46_4/SUM (sky130_fd_sc_hd__fah_1)
                                                   0.60     38.78 f
  u_core/u_core/u_muldiv/mult_125/S2_47_3/COUT (sky130_fd_sc_hd__fah_1)
                                                   0.54     39.32 f
  u_core/u_core/u_muldiv/mult_125/S2_48_3/COUT (sky130_fd_sc_hd__fah_1)
                                                   0.64     39.97 f
  u_core/u_core/u_muldiv/mult_125/S2_49_3/COUT (sky130_fd_sc_hd__fah_1)
                                                   0.65     40.61 f
  u_core/u_core/u_muldiv/mult_125/S2_50_3/COUT (sky130_fd_sc_hd__fah_1)
                                                   0.65     41.27 f
  u_core/u_core/u_muldiv/mult_125/S2_51_3/COUT (sky130_fd_sc_hd__fah_1)
                                                   0.69     41.95 f
  u_core/u_core/u_muldiv/mult_125/S2_52_3/COUT (sky130_fd_sc_hd__fah_1)
                                                   0.67     42.63 f
  u_core/u_core/u_muldiv/mult_125/S2_53_3/COUT (sky130_fd_sc_hd__fah_1)
                                                   0.67     43.30 f
  u_core/u_core/u_muldiv/mult_125/S2_54_3/COUT (sky130_fd_sc_hd__fah_1)
                                                   0.67     43.97 f
  u_core/u_core/u_muldiv/mult_125/S2_55_3/COUT (sky130_fd_sc_hd__fah_1)
                                                   0.66     44.63 f
  u_core/u_core/u_muldiv/mult_125/S2_56_3/COUT (sky130_fd_sc_hd__fah_1)
                                                   0.69     45.31 f
  u_core/u_core/u_muldiv/mult_125/U475/Y (sky130_fd_sc_hd__nand2_1)
                                                   0.17     45.48 r
  u_core/u_core/u_muldiv/mult_125/U476/Y (sky130_fd_sc_hd__nand2_2)
                                                   0.18     45.66 f
  u_core/u_core/u_muldiv/mult_125/U523/Y (sky130_fd_sc_hd__xnor2_1)
                                                   0.31     45.97 r
  u_core/u_core/u_muldiv/mult_125/ropt_d_inst_27872/X (sky130_fd_sc_hd__buf_6)
                                                   0.29     46.26 r
  u_core/u_core/u_muldiv/mult_125/ctmTdsLR_1_18560/X (sky130_fd_sc_hd__xor2_2)
                                                   0.40     46.66 r
  u_core/u_core/u_muldiv/mult_125/ctmTdsLR_1_11372/Y (sky130_fd_sc_hd__o21ai_2)
                                                   0.24     46.91 f
  u_core/u_core/u_muldiv/mult_125/ctmTdsLR_2_8598/Y (sky130_fd_sc_hd__nand2_2)
                                                   0.19     47.10 r
  u_core/u_core/u_muldiv/mult_125/ctmTdsLR_1_8638/Y (sky130_fd_sc_hd__xnor2_1)
                                                   0.30     47.40 r
  u_core/u_core/u_muldiv/mult_125/ctmTdsLR_2_8639/Y (sky130_fd_sc_hd__xnor2_2)
                                                   0.37     47.78 r
  u_core/u_core/u_muldiv/mult_125/ctmTdsLR_1_8687/Y (sky130_fd_sc_hd__nand2_2)
                                                   0.20     47.98 f
  u_core/u_core/u_muldiv/mult_125/ctmTdsLR_2_18661/Y (sky130_fd_sc_hd__nand2_1)
                                                   0.15     48.13 r
  u_core/u_core/u_muldiv/mult_125/ctmTdsLR_1_18660/Y (sky130_fd_sc_hd__xnor2_1)
                                                   0.25     48.38 r
  u_core/u_core/u_muldiv/mult_125/ctmTdsLR_1_8947/Y (sky130_fd_sc_hd__nand2_1)
                                                   0.19     48.58 f
  u_core/u_core/u_muldiv/mult_125/ctmTdsLR_2_8948/Y (sky130_fd_sc_hd__o21ai_1)
                                                   0.13     48.71 r
  u_core/u_core/u_muldiv/ctmTdsLR_1_4664/Y (sky130_fd_sc_hd__nand2_1)
                                                   0.17     48.87 f
  u_core/u_core/u_muldiv/ctmTdsLR_2_4665/Y (sky130_fd_sc_hd__nand2_2)
                                                   0.18     49.06 r
  u_core/u_core/u_muldiv/mult_result_q_reg[30]/D (sky130_fd_sc_hd__dfrtp_1)
                                                   0.00     49.06 r
  data arrival time                                         49.06

  clock clk (rise edge)                           45.00     45.00
  clock network delay (propagated)                 4.82     49.82
  u_core/u_core/u_muldiv/mult_result_q_reg[30]/CLK (sky130_fd_sc_hd__dfrtp_1)
                                                   0.00     49.82 r
  clock uncertainty                               -0.90     48.92
  library setup time                              -0.07     48.86
  data required time                                        48.86
  ------------------------------------------------------------------------
  data required time                                        48.86
  data arrival time                                        -49.06
  ------------------------------------------------------------------------
  slack (VIOLATED)                                          -0.20



  Startpoint: u_core/u_dport_bridge/u_resp/rd_ptr_q_reg[0] (rising edge-triggered flip-flop clocked by clk)
  Endpoint: u_core/u_core/u_muldiv/mult_result_q_reg[27] (rising edge-triggered flip-flop clocked by clk)
  Mode: func
  Corner: ss_100C_1v60
  Scenario: func@ss_100C_1v60.setup
  Path Group: REG2REG
  Path Type: max

  Point                                            Incr      Path  
  ------------------------------------------------------------------------
  clock clk (rise edge)                            0.00      0.00
  clock network delay (propagated)                 3.23      3.23

  u_core/u_dport_bridge/u_resp/rd_ptr_q_reg[0]/CLK (sky130_fd_sc_hd__dfrtp_2)
                                                   0.00      3.23 r
  u_core/u_dport_bridge/u_resp/rd_ptr_q_reg[0]/Q (sky130_fd_sc_hd__dfrtp_2)
                                                   1.31      4.54 f
  u_core/u_dport_bridge/u_resp/U24/Y (sky130_fd_sc_hd__clkinv_4)
                                                   0.18      4.72 r
  u_core/u_dport_bridge/u_resp/U20/Y (sky130_fd_sc_hd__nor2_2)
                                                   0.14      4.85 f
  u_core/u_dport_bridge/u_resp/U105/X (sky130_fd_sc_hd__a22o_1)
                                                   0.44      5.29 f
  u_core/u_dport_bridge/u_resp/U21/X (sky130_fd_sc_hd__a221o_1)
                                                   0.54      5.83 f
  u_core/u_core/u_arb/U8/Y (sky130_fd_sc_hd__inv_1)
                                                   0.16      5.99 r
  u_core/u_core/u_arb/ctmTdsLR_1_11299/Y (sky130_fd_sc_hd__nor2_1)
                                                   0.12      6.11 f
  u_core/u_core/u_arb/ctmTdsLR_2_11300/Y (sky130_fd_sc_hd__nand2_2)
                                                   0.19      6.30 r
  u_core/u_core/u_arb/ZINV_99_inst_17993/Y (sky130_fd_sc_hd__inv_4)
                                                   0.14      6.43 f
  u_core/u_core/u_arb/U22/Y (sky130_fd_sc_hd__nor2_8)
                                                   0.38      6.81 r
  u_core/u_core/u_lsu/ctmTdsLR_3_8857/Y (sky130_fd_sc_hd__nand2_1)
                                                   0.29      7.11 f
  u_core/u_core/u_decode/ZBUF_38_inst_17988/X (sky130_fd_sc_hd__buf_6)
                                                   0.33      7.44 f
  u_core/u_core/u_decode/U33/Y (sky130_fd_sc_hd__xnor2_1)
                                                   0.31      7.75 r
  u_core/u_core/u_decode/ctmTdsLR_1_18567/Y (sky130_fd_sc_hd__nand3_2)
                                                   0.24      7.99 f
  u_core/u_core/u_decode/ZINV_4_inst_9331/Y (sky130_fd_sc_hd__inv_2)
                                                   0.18      8.17 r
  u_core/u_core/u_decode/ctmTdsLR_3_8566/Y (sky130_fd_sc_hd__nand2_8)
                                                   0.25      8.42 f
  u_core/u_core/u_decode/ctmTdsLR_2_4688/Y (sky130_fd_sc_hd__inv_1)
                                                   0.27      8.69 r
  u_core/u_core/u_decode/ctmTdsLR_1_18881/Y (sky130_fd_sc_hd__nand2b_4)
                                                   0.24      8.93 f
  u_core/u_core/u_decode/U20/Y (sky130_fd_sc_hd__inv_2)
                                                   0.17      9.10 r
  u_core/u_core/u_decode/U42/Y (sky130_fd_sc_hd__inv_2)
                                                   0.14      9.25 f
  u_core/u_core/u_decode/U46/Y (sky130_fd_sc_hd__o221ai_4)
                                                   0.37      9.61 r
  u_core/u_core/ZBUF_60_inst_4256/X (sky130_fd_sc_hd__buf_12)
                                                   0.42     10.04 r
  u_core/u_core/u_muldiv/ropt_mt_inst_27936/X (sky130_fd_sc_hd__clkbuf_16)
                                                   0.36     10.40 r
  u_core/u_core/u_muldiv/HFSINV_2771_3845/Y (sky130_fd_sc_hd__inv_2)
                                                   1.66     12.06 f
  u_core/u_core/u_muldiv/ropt_d_inst_28048/X (sky130_fd_sc_hd__buf_12)
                                                   0.46     12.52 f
  u_core/u_core/u_muldiv/mult_125/U560/Y (sky130_fd_sc_hd__nor2_4)
                                                   0.35     12.88 r
  u_core/u_core/u_muldiv/mult_125/U1020/X (sky130_fd_sc_hd__xor2_2)
                                                   0.32     13.19 r
  u_core/u_core/u_muldiv/mult_125/ctmTdsLR_5_20022/Y (sky130_fd_sc_hd__xnor2_1)
                                                   0.31     13.50 r
  u_core/u_core/u_muldiv/mult_125/ctmTdsLR_4_20021/Y (sky130_fd_sc_hd__xnor2_1)
                                                   0.31     13.82 r
  u_core/u_core/u_muldiv/mult_125/S2_3_5/SUM (sky130_fd_sc_hd__fah_1)
                                                   0.66     14.47 f
  u_core/u_core/u_muldiv/mult_125/ctmTdsLR_2_18426/Y (sky130_fd_sc_hd__o21ai_1)
                                                   0.31     14.78 r
  u_core/u_core/u_muldiv/mult_125/ctmTdsLR_1_18425/Y (sky130_fd_sc_hd__nand2_2)
                                                   0.18     14.96 f
  u_core/u_core/u_muldiv/mult_125/S2_5_4/COUT (sky130_fd_sc_hd__fah_1)
                                                   0.65     15.61 f
  u_core/u_core/u_muldiv/mult_125/S2_6_4/COUT (sky130_fd_sc_hd__fah_1)
                                                   0.69     16.30 f
  u_core/u_core/u_muldiv/mult_125/ctmTdsLR_10_19885/Y (sky130_fd_sc_hd__o21ai_1)
                                                   0.31     16.61 r
  u_core/u_core/u_muldiv/mult_125/ctmTdsLR_7_19882/Y (sky130_fd_sc_hd__o21ai_2)
                                                   0.21     16.82 f
  u_core/u_core/u_muldiv/mult_125/ctmTdsLR_6_19881/Y (sky130_fd_sc_hd__nor2_2)
                                                   0.20     17.02 r
  u_core/u_core/u_muldiv/mult_125/ctmTdsLR_5_19880/Y (sky130_fd_sc_hd__inv_1)
                                                   0.13     17.15 f
  u_core/u_core/u_muldiv/mult_125/ctmTdsLR_13_19888/Y (sky130_fd_sc_hd__nand2_1)
                                                   0.12     17.27 r
  u_core/u_core/u_muldiv/mult_125/ctmTdsLR_12_19887/Y (sky130_fd_sc_hd__xnor2_1)
                                                   0.17     17.44 f
  u_core/u_core/u_muldiv/mult_125/S2_9_3/COUT (sky130_fd_sc_hd__fah_1)
                                                   0.55     17.98 f
  u_core/u_core/u_muldiv/mult_125/S2_10_3/COUT (sky130_fd_sc_hd__fah_1)
                                                   0.65     18.64 f
  u_core/u_core/u_muldiv/mult_125/S2_11_3/COUT (sky130_fd_sc_hd__fah_1)
                                                   0.66     19.30 f
  u_core/u_core/u_muldiv/mult_125/S2_12_3/COUT (sky130_fd_sc_hd__fah_1)
                                                   0.69     19.98 f
  u_core/u_core/u_muldiv/mult_125/ctmTdsLR_4_19453/X (sky130_fd_sc_hd__xor2_1)
                                                   0.43     20.41 r
  u_core/u_core/u_muldiv/mult_125/ctmTdsLR_3_19452/X (sky130_fd_sc_hd__xor2_2)
                                                   0.39     20.80 r
  u_core/u_core/u_muldiv/mult_125/S2_14_2/SUM (sky130_fd_sc_hd__fah_1)
                                                   0.63     21.43 f
  u_core/u_core/u_muldiv/mult_125/S2_15_1/COUT (sky130_fd_sc_hd__fah_1)
                                                   0.54     21.97 f
  u_core/u_core/u_muldiv/mult_125/S2_16_1/COUT (sky130_fd_sc_hd__fah_1)
                                                   0.65     22.61 f
  u_core/u_core/u_muldiv/mult_125/S2_17_1/COUT (sky130_fd_sc_hd__fah_1)
                                                   0.69     23.30 f
  u_core/u_core/u_muldiv/mult_125/ctmTdsLR_6_18998/X (sky130_fd_sc_hd__xor2_1)
                                                   0.36     23.66 f
  u_core/u_core/u_muldiv/mult_125/ctmTdsLR_5_18997/X (sky130_fd_sc_hd__xor2_1)
                                                   0.40     24.05 f
  u_core/u_core/u_muldiv/mult_125/S1_19_0/COUT (sky130_fd_sc_hd__fah_1)
                                                   0.58     24.64 f
  u_core/u_core/u_muldiv/mult_125/S1_20_0/COUT (sky130_fd_sc_hd__fah_1)
                                                   0.64     25.28 f
  u_core/u_core/u_muldiv/mult_125/S1_21_0/COUT (sky130_fd_sc_hd__fah_1)
                                                   0.65     25.94 f
  u_core/u_core/u_muldiv/mult_125/S1_22_0/COUT (sky130_fd_sc_hd__fah_1)
                                                   0.67     26.61 f
  u_core/u_core/u_muldiv/mult_125/S1_23_0/COUT (sky130_fd_sc_hd__fah_1)
                                                   0.66     27.27 f
  u_core/u_core/u_muldiv/mult_125/S1_24_0/COUT (sky130_fd_sc_hd__fah_1)
                                                   0.68     27.94 f
  u_core/u_core/u_muldiv/mult_125/S1_25_0/COUT (sky130_fd_sc_hd__fah_1)
                                                   0.67     28.62 f
  u_core/u_core/u_muldiv/mult_125/S1_26_0/COUT (sky130_fd_sc_hd__fah_1)
                                                   0.66     29.27 f
  u_core/u_core/u_muldiv/mult_125/S1_27_0/COUT (sky130_fd_sc_hd__fah_1)
                                                   0.68     29.95 f
  u_core/u_core/u_muldiv/mult_125/ctmTdsLR_2_18641/Y (sky130_fd_sc_hd__o21ai_2)
                                                   0.24     30.19 r
  u_core/u_core/u_muldiv/mult_125/ctmTdsLR_1_18640/Y (sky130_fd_sc_hd__nand2_2)
                                                   0.18     30.37 f
  u_core/u_core/u_muldiv/mult_125/ctmTdsLR_1_12102/Y (sky130_fd_sc_hd__o21ai_2)
                                                   0.24     30.61 r
  u_core/u_core/u_muldiv/mult_125/ctmTdsLR_2_12103/Y (sky130_fd_sc_hd__nand2_2)
                                                   0.20     30.81 f
  u_core/u_core/u_muldiv/mult_125/U294/Y (sky130_fd_sc_hd__nand2_1)
                                                   0.16     30.97 r
  u_core/u_core/u_muldiv/mult_125/U131/Y (sky130_fd_sc_hd__nand3_2)
                                                   0.20     31.17 f
  u_core/u_core/u_muldiv/mult_125/ctmTdsLR_8_21804/Y (sky130_fd_sc_hd__o21ai_2)
                                                   0.26     31.44 r
  u_core/u_core/u_muldiv/mult_125/ctmTdsLR_7_21803/Y (sky130_fd_sc_hd__nand2_2)
                                                   0.21     31.64 f
  u_core/u_core/u_muldiv/mult_125/ctmTdsLR_6_21802/Y (sky130_fd_sc_hd__nor2_2)
                                                   0.17     31.82 r
  u_core/u_core/u_muldiv/mult_125/ctmTdsLR_4_21800/Y (sky130_fd_sc_hd__o2bb2ai_1)
                                                   0.25     32.07 f
  u_core/u_core/u_muldiv/mult_125/S1_33_0/COUT (sky130_fd_sc_hd__fah_1)
                                                   0.74     32.81 f
  u_core/u_core/u_muldiv/mult_125/ctmTdsLR_7_20548/Y (sky130_fd_sc_hd__o21ai_1)
                                                   0.30     33.11 r
  u_core/u_core/u_muldiv/mult_125/ctmTdsLR_6_20547/Y (sky130_fd_sc_hd__nand2_2)
                                                   0.22     33.33 f
  u_core/u_core/u_muldiv/mult_125/ctmTdsLR_5_20546/Y (sky130_fd_sc_hd__nor2_1)
                                                   0.18     33.51 r
  u_core/u_core/u_muldiv/mult_125/ctmTdsLR_3_20544/Y (sky130_fd_sc_hd__o2bb2ai_1)
                                                   0.21     33.73 f
  u_core/u_core/u_muldiv/mult_125/ctmTdsLR_6_21404/X (sky130_fd_sc_hd__maj3_1)
                                                   0.88     34.61 f
  u_core/u_core/u_muldiv/mult_125/ctmTdsLR_5_21403/Y (sky130_fd_sc_hd__nor2_1)
                                                   0.23     34.84 r
  u_core/u_core/u_muldiv/mult_125/ctmTdsLR_3_21401/Y (sky130_fd_sc_hd__o2bb2ai_1)
                                                   0.26     35.10 f
  u_core/u_core/u_muldiv/mult_125/ctmTdsLR_7_19299/Y (sky130_fd_sc_hd__o21ai_1)
                                                   0.30     35.39 r
  u_core/u_core/u_muldiv/mult_125/ctmTdsLR_6_19298/Y (sky130_fd_sc_hd__nand2_2)
                                                   0.22     35.61 f
  u_core/u_core/u_muldiv/mult_125/ctmTdsLR_5_19297/Y (sky130_fd_sc_hd__nor2_1)
                                                   0.18     35.79 r
  u_core/u_core/u_muldiv/mult_125/ctmTdsLR_3_19295/Y (sky130_fd_sc_hd__o2bb2ai_1)
                                                   0.24     36.04 f
  u_core/u_core/u_muldiv/mult_125/S1_40_0/COUT (sky130_fd_sc_hd__fah_1)
                                                   0.72     36.76 f
  u_core/u_core/u_muldiv/mult_125/U820/Y (sky130_fd_sc_hd__nand2_1)
                                                   0.24     37.00 r
  u_core/u_core/u_muldiv/mult_125/U229/Y (sky130_fd_sc_hd__nand3_4)
                                                   0.23     37.23 f
  u_core/u_core/u_muldiv/mult_125/U826/Y (sky130_fd_sc_hd__nand2_1)
                                                   0.17     37.40 r
  u_core/u_core/u_muldiv/mult_125/U216/Y (sky130_fd_sc_hd__nand3_2)
                                                   0.21     37.61 f
  u_core/u_core/u_muldiv/mult_125/S1_43_0/COUT (sky130_fd_sc_hd__fah_1)
                                                   0.66     38.27 f
  u_core/u_core/u_muldiv/mult_125/S1_44_0/COUT (sky130_fd_sc_hd__fah_1)
                                                   0.66     38.93 f
  u_core/u_core/u_muldiv/mult_125/S1_45_0/COUT (sky130_fd_sc_hd__fah_1)
                                                   0.65     39.58 f
  u_core/u_core/u_muldiv/mult_125/S1_46_0/COUT (sky130_fd_sc_hd__fa_2)
                                                   0.78     40.37 f
  u_core/u_core/u_muldiv/mult_125/S1_47_0/COUT (sky130_fd_sc_hd__fah_1)
                                                   0.66     41.02 f
  u_core/u_core/u_muldiv/mult_125/S1_48_0/COUT (sky130_fd_sc_hd__fah_1)
                                                   0.70     41.73 f
  u_core/u_core/u_muldiv/mult_125/ctmTdsLR_6_20586/Y (sky130_fd_sc_hd__nor2_2)
                                                   0.22     41.95 r
  u_core/u_core/u_muldiv/mult_125/ctmTdsLR_4_20584/Y (sky130_fd_sc_hd__o21ai_2)
                                                   0.17     42.12 f
  u_core/u_core/u_muldiv/mult_125/ctmTdsLR_3_20583/X (sky130_fd_sc_hd__maj3_1)
                                                   0.87     42.99 f
  u_core/u_core/u_muldiv/mult_125/ctmTdsLR_3_20965/Y (sky130_fd_sc_hd__nor2_1)
                                                   0.22     43.21 r
  u_core/u_core/u_muldiv/mult_125/ctmTdsLR_1_20963/Y (sky130_fd_sc_hd__o2bb2ai_1)
                                                   0.33     43.54 f
  u_core/u_core/u_muldiv/mult_125/ctmTdsLR_3_21815/Y (sky130_fd_sc_hd__nor2_2)
                                                   0.27     43.81 r
  u_core/u_core/u_muldiv/mult_125/ctmTdsLR_1_21813/Y (sky130_fd_sc_hd__o2bb2ai_2)
                                                   0.21     44.02 f
  u_core/u_core/u_muldiv/mult_125/U814/Y (sky130_fd_sc_hd__nand2_1)
                                                   0.15     44.17 r
  u_core/u_core/u_muldiv/mult_125/U235/Y (sky130_fd_sc_hd__nand3_2)
                                                   0.25     44.43 f
  u_core/u_core/u_muldiv/mult_125/U818/Y (sky130_fd_sc_hd__nand2_1)
                                                   0.20     44.63 r
  u_core/u_core/u_muldiv/mult_125/U230/Y (sky130_fd_sc_hd__nand3_2)
                                                   0.27     44.89 f
  u_core/u_core/u_muldiv/mult_125/U656/Y (sky130_fd_sc_hd__nand2_1)
                                                   0.18     45.08 r
  u_core/u_core/u_muldiv/mult_125/U231/Y (sky130_fd_sc_hd__nand3_2)
                                                   0.26     45.33 f
  u_core/u_core/u_muldiv/mult_125/ctmTdsLR_1_11826/Y (sky130_fd_sc_hd__o21ai_1)
                                                   0.30     45.64 r
  u_core/u_core/u_muldiv/mult_125/ctmTdsLR_2_11827/Y (sky130_fd_sc_hd__nand2_2)
                                                   0.20     45.83 f
  u_core/u_core/u_muldiv/mult_125/ctmTdsLR_8_5233/X (sky130_fd_sc_hd__o21a_1)
                                                   0.35     46.19 f
  u_core/u_core/u_muldiv/mult_125/ctmTdsLR_9_5234/Y (sky130_fd_sc_hd__nor2_2)
                                                   0.21     46.39 r
  u_core/u_core/u_muldiv/mult_125/ctmTdsLR_1_21568/Y (sky130_fd_sc_hd__nand2b_1)
                                                   0.18     46.57 f
  u_core/u_core/u_muldiv/mult_125/ctmTdsLR_12_5237/Y (sky130_fd_sc_hd__nand2_1)
                                                   0.15     46.73 r
  u_core/u_core/u_muldiv/mult_125/ctmTdsLR_15_5240/Y (sky130_fd_sc_hd__nand2_2)
                                                   0.16     46.89 f
  u_core/u_core/u_muldiv/mult_125/ctmTdsLR_1_20609/Y (sky130_fd_sc_hd__xnor2_1)
                                                   0.26     47.15 f
  u_core/u_core/u_muldiv/U23/X (sky130_fd_sc_hd__a22o_2)
                                                   0.53     47.68 f
  u_core/u_core/u_muldiv/mult_result_q_reg[27]/D (sky130_fd_sc_hd__dfrtp_1)
                                                   0.00     47.68 f
  data arrival time                                         47.68

  clock clk (rise edge)                           45.00     45.00
  clock network delay (propagated)                 3.63     48.63
  u_core/u_core/u_muldiv/mult_result_q_reg[27]/CLK (sky130_fd_sc_hd__dfrtp_1)
                                                   0.00     48.63 r
  clock uncertainty                               -0.90     47.73
  library setup time                               0.05     47.78
  data required time                                        47.78
  ------------------------------------------------------------------------
  data required time                                        47.78
  data arrival time                                        -47.68
  ------------------------------------------------------------------------
  slack (MET)                                                0.09



  Startpoint: u_soc/u_retime/u_read_resp/rd_ptr_q_reg[0] (rising edge-triggered flip-flop clocked by clk)
  Endpoint: u_core/u_core/u_mmu/pte_addr_q_reg[5] (rising edge-triggered flip-flop clocked by clk)
  Mode: func
  Corner: ss_100C_1v60
  Scenario: func@ss_100C_1v60.setup
  Path Group: REG2REG
  Path Type: max

  Point                                            Incr      Path  
  ------------------------------------------------------------------------
  clock clk (rise edge)                            0.00      0.00
  clock network delay (propagated)                 3.30      3.30

  u_soc/u_retime/u_read_resp/rd_ptr_q_reg[0]/CLK (sky130_fd_sc_hd__dfrtp_1)
                                                   0.00      3.30 r
  u_soc/u_retime/u_read_resp/rd_ptr_q_reg[0]/Q (sky130_fd_sc_hd__dfrtp_1)
                                                   1.11      4.41 f
  u_soc/u_retime/u_read_resp/gre_BUF_4_inst_27247/X (sky130_fd_sc_hd__buf_4)
                                                   0.32      4.73 f
  u_soc/u_retime/u_read_resp/ctmTdsLR_1_8476/Y (sky130_fd_sc_hd__inv_12)
                                                   0.36      5.09 r
  u_soc/u_retime/u_read_resp/U122/Y (sky130_fd_sc_hd__o22ai_1)
                                                   0.39      5.48 f
  u_soc/u_axi_tap/HFSBUF_21_847/X (sky130_fd_sc_hd__buf_4)
                                                   0.53      6.01 f
  u_soc/u_axi_tap/U149/Y (sky130_fd_sc_hd__a222oi_1)
                                                   0.49      6.51 r
  u_soc/u_axi_tap/HFSBUF_2_685/X (sky130_fd_sc_hd__clkbuf_2)
                                                   0.42      6.93 r
  u_soc/u_axi_tap/U78/Y (sky130_fd_sc_hd__nand2_8)
                                                   0.54      7.47 f
  u_core/u_core/u_lsu/HFSINV_63_3026/Y (sky130_fd_sc_hd__inv_2)
                                                   0.63      8.09 r
  u_core/u_core/u_lsu/ctmTdsLR_1_18406/X (sky130_fd_sc_hd__o22a_2)
                                                   0.44      8.53 r
  u_core/u_core/u_lsu/ctmTdsLR_3_8590/Y (sky130_fd_sc_hd__nand3_4)
                                                   0.35      8.88 f
  u_core/u_core/u_decode/HFSINV_360_3434/Y (sky130_fd_sc_hd__bufinv_8)
                                                   0.60      9.48 r
  u_core/u_core/u_decode/U58/X (sky130_fd_sc_hd__o221a_2)
                                                   0.80     10.27 r
  u_core/u_core/HFSINV_266_3829/Y (sky130_fd_sc_hd__clkinv_4)
                                                   0.44     10.71 f
  u_core/u_core/u_exec/add_324/U1_1/COUT (sky130_fd_sc_hd__fa_1)
                                                   1.15     11.86 f
  u_core/u_core/u_exec/add_324/U1_2/COUT (sky130_fd_sc_hd__fa_1)
                                                   0.89     12.75 f
  u_core/u_core/u_exec/add_324/U1_3/COUT (sky130_fd_sc_hd__fa_1)
                                                   0.93     13.68 f
  u_core/u_core/u_exec/add_324/U1_4/COUT (sky130_fd_sc_hd__fa_1)
                                                   0.89     14.57 f
  u_core/u_core/u_exec/add_324/U1_5/COUT (sky130_fd_sc_hd__fa_1)
                                                   0.90     15.47 f
  u_core/u_core/u_exec/add_324/U1_6/COUT (sky130_fd_sc_hd__fa_1)
                                                   0.89     16.37 f
  u_core/u_core/u_exec/add_324/U1_7/COUT (sky130_fd_sc_hd__fa_1)
                                                   0.91     17.28 f
  u_core/u_core/u_exec/add_324/U1_8/COUT (sky130_fd_sc_hd__fa_1)
                                                   0.93     18.21 f
  u_core/u_core/u_exec/add_324/U1_9/COUT (sky130_fd_sc_hd__fa_1)
                                                   0.92     19.13 f
  u_core/u_core/u_exec/add_324/U1_10/COUT (sky130_fd_sc_hd__fa_1)
                                                   0.92     20.05 f
  u_core/u_core/u_exec/add_324/U1_11/COUT (sky130_fd_sc_hd__fa_1)
                                                   0.90     20.96 f
  u_core/u_core/u_exec/add_324/U1_12/COUT (sky130_fd_sc_hd__fa_1)
                                                   0.91     21.86 f
  u_core/u_core/u_exec/add_324/U1_13/COUT (sky130_fd_sc_hd__fa_1)
                                                   0.91     22.77 f
  u_core/u_core/u_exec/add_324/U1_14/COUT (sky130_fd_sc_hd__fa_1)
                                                   0.89     23.66 f
  u_core/u_core/u_exec/add_324/U1_15/COUT (sky130_fd_sc_hd__fa_1)
                                                   0.90     24.56 f
  u_core/u_core/u_exec/add_324/U1_16/COUT (sky130_fd_sc_hd__fa_1)
                                                   0.91     25.47 f
  u_core/u_core/u_exec/add_324/U1_17/COUT (sky130_fd_sc_hd__fa_1)
                                                   0.91     26.38 f
  u_core/u_core/u_exec/add_324/U1_18/COUT (sky130_fd_sc_hd__fa_1)
                                                   0.88     27.26 f
  u_core/u_core/u_exec/add_324/U1_19/COUT (sky130_fd_sc_hd__fa_1)
                                                   0.91     28.17 f
  u_core/u_core/u_exec/add_324/U1_20/COUT (sky130_fd_sc_hd__fa_1)
                                                   0.91     29.08 f
  u_core/u_core/u_exec/add_324/U1_21/COUT (sky130_fd_sc_hd__fa_1)
                                                   0.91     30.00 f
  u_core/u_core/u_exec/add_324/U1_22/COUT (sky130_fd_sc_hd__fa_1)
                                                   0.91     30.91 f
  u_core/u_core/u_exec/add_324/U1_23/COUT (sky130_fd_sc_hd__fa_1)
                                                   0.92     31.83 f
  u_core/u_core/u_exec/add_324/U1_24/COUT (sky130_fd_sc_hd__fa_1)
                                                   0.90     32.74 f
  u_core/u_core/u_exec/add_324/U1_25/COUT (sky130_fd_sc_hd__fa_1)
                                                   0.91     33.65 f
  u_core/u_core/u_exec/add_324/U1_26/COUT (sky130_fd_sc_hd__fa_1)
                                                   0.91     34.56 f
  u_core/u_core/u_exec/add_324/U1_27/COUT (sky130_fd_sc_hd__fa_1)
                                                   0.92     35.48 f
  u_core/u_core/u_exec/add_324/U1_28/COUT (sky130_fd_sc_hd__fa_1)
                                                   0.94     36.42 f
  u_core/u_core/u_exec/add_324/U1_29/COUT (sky130_fd_sc_hd__fa_1)
                                                   0.90     37.32 f
  u_core/u_core/u_exec/add_324/U1_30/SUM (sky130_fd_sc_hd__fa_1)
                                                   1.01     38.33 f
  u_core/u_core/u_exec/U169/Y (sky130_fd_sc_hd__a222oi_1)
                                                   0.41     38.74 r
  u_core/u_core/u_exec/U130/Y (sky130_fd_sc_hd__inv_1)
                                                   0.36     39.10 f
  u_core/u_core/u_decode/U669/X (sky130_fd_sc_hd__a22o_2)
                                                   0.64     39.74 f
  u_core/u_core/u_fetch/U358/Y (sky130_fd_sc_hd__inv_2)
                                                   0.27     40.01 r
  u_core/u_core/u_fetch/U284/Y (sky130_fd_sc_hd__o221ai_1)
                                                   0.66     40.67 f
  u_core/u_core/u_mmu/U395/Y (sky130_fd_sc_hd__xnor2_1)
                                                   0.52     41.19 r
  u_core/u_core/u_mmu/U394/Y (sky130_fd_sc_hd__nand4_1)
                                                   0.26     41.44 f
  u_core/u_core/u_mmu/U402/Y (sky130_fd_sc_hd__nor4_1)
                                                   0.46     41.91 r
  u_core/u_core/u_mmu/U274/Y (sky130_fd_sc_hd__nand3_1)
                                                   0.36     42.26 f
  u_core/u_core/u_mmu/U473/Y (sky130_fd_sc_hd__inv_1)
                                                   0.29     42.55 r
  u_core/u_core/u_mmu/U26/Y (sky130_fd_sc_hd__o21ai_0)
                                                   0.43     42.98 f
  u_core/u_core/u_mmu/U28/Y (sky130_fd_sc_hd__nand3_2)
                                                   0.51     43.48 r
  u_core/u_core/u_mmu/HFSINV_2973_3885/Y (sky130_fd_sc_hd__inv_4)
                                                   0.47     43.95 f
  u_core/u_core/u_mmu/U30/X (sky130_fd_sc_hd__a21o_1)
                                                   0.49     44.44 f
  u_core/u_core/u_mmu/U12/Y (sky130_fd_sc_hd__inv_4)
                                                   0.63     45.07 r
  u_core/u_core/u_mmu/U82/Y (sky130_fd_sc_hd__nor2_8)
                                                   0.51     45.58 f
  u_core/u_core/u_mmu/U69/Y (sky130_fd_sc_hd__a222oi_1)
                                                   1.09     46.67 r
  u_core/u_core/u_mmu/U467/Y (sky130_fd_sc_hd__inv_1)
                                                   0.38     47.05 f
  u_core/u_core/u_mmu/pte_addr_q_reg[5]/D (sky130_fd_sc_hd__dfrtp_1)
                                                   0.00     47.05 f
  data arrival time                                         47.05

  clock clk (rise edge)                           45.00     45.00
  clock network delay (propagated)                 3.15     48.15
  u_core/u_core/u_mmu/pte_addr_q_reg[5]/CLK (sky130_fd_sc_hd__dfrtp_1)
                                                   0.00     48.15 r
  clock uncertainty                               -0.90     47.25
  library setup time                              -0.07     47.18
  data required time                                        47.18
  ------------------------------------------------------------------------
  data required time                                        47.18
  data arrival time                                        -47.05
  ------------------------------------------------------------------------
  slack (MET)                                                0.13



  Startpoint: u_soc/u_retime/u_read_resp/rd_ptr_q_reg[0] (rising edge-triggered flip-flop clocked by clk)
  Endpoint: u_core/u_core/u_fetch/branch_pc_q_reg[25] (rising edge-triggered flip-flop clocked by clk)
  Mode: func
  Corner: ss_100C_1v60
  Scenario: func@ss_100C_1v60.setup
  Path Group: REG2REG
  Path Type: max

  Point                                            Incr      Path  
  ------------------------------------------------------------------------
  clock clk (rise edge)                            0.00      0.00
  clock network delay (propagated)                 3.30      3.30

  u_soc/u_retime/u_read_resp/rd_ptr_q_reg[0]/CLK (sky130_fd_sc_hd__dfrtp_1)
                                                   0.00      3.30 r
  u_soc/u_retime/u_read_resp/rd_ptr_q_reg[0]/Q (sky130_fd_sc_hd__dfrtp_1)
                                                   1.11      4.41 f
  u_soc/u_retime/u_read_resp/gre_BUF_4_inst_27247/X (sky130_fd_sc_hd__buf_4)
                                                   0.32      4.73 f
  u_soc/u_retime/u_read_resp/ctmTdsLR_1_8476/Y (sky130_fd_sc_hd__inv_12)
                                                   0.36      5.09 r
  u_soc/u_retime/u_read_resp/U122/Y (sky130_fd_sc_hd__o22ai_1)
                                                   0.39      5.48 f
  u_soc/u_axi_tap/HFSBUF_21_847/X (sky130_fd_sc_hd__buf_4)
                                                   0.53      6.01 f
  u_soc/u_axi_tap/U149/Y (sky130_fd_sc_hd__a222oi_1)
                                                   0.49      6.51 r
  u_soc/u_axi_tap/HFSBUF_2_685/X (sky130_fd_sc_hd__clkbuf_2)
                                                   0.42      6.93 r
  u_soc/u_axi_tap/U78/Y (sky130_fd_sc_hd__nand2_8)
                                                   0.54      7.47 f
  u_core/u_core/u_lsu/HFSINV_63_3026/Y (sky130_fd_sc_hd__inv_2)
                                                   0.63      8.09 r
  u_core/u_core/u_lsu/ctmTdsLR_1_18406/X (sky130_fd_sc_hd__o22a_2)
                                                   0.44      8.53 r
  u_core/u_core/u_lsu/ctmTdsLR_3_8590/Y (sky130_fd_sc_hd__nand3_4)
                                                   0.35      8.88 f
  u_core/u_core/u_decode/HFSINV_360_3434/Y (sky130_fd_sc_hd__bufinv_8)
                                                   0.60      9.48 r
  u_core/u_core/u_decode/U58/X (sky130_fd_sc_hd__o221a_2)
                                                   0.80     10.27 r
  u_core/u_core/HFSINV_266_3829/Y (sky130_fd_sc_hd__clkinv_4)
                                                   0.44     10.71 f
  u_core/u_core/u_exec/add_324/U1_1/COUT (sky130_fd_sc_hd__fa_1)
                                                   1.15     11.86 f
  u_core/u_core/u_exec/add_324/U1_2/COUT (sky130_fd_sc_hd__fa_1)
                                                   0.89     12.75 f
  u_core/u_core/u_exec/add_324/U1_3/COUT (sky130_fd_sc_hd__fa_1)
                                                   0.93     13.68 f
  u_core/u_core/u_exec/add_324/U1_4/COUT (sky130_fd_sc_hd__fa_1)
                                                   0.89     14.57 f
  u_core/u_core/u_exec/add_324/U1_5/COUT (sky130_fd_sc_hd__fa_1)
                                                   0.90     15.47 f
  u_core/u_core/u_exec/add_324/U1_6/COUT (sky130_fd_sc_hd__fa_1)
                                                   0.89     16.37 f
  u_core/u_core/u_exec/add_324/U1_7/COUT (sky130_fd_sc_hd__fa_1)
                                                   0.91     17.28 f
  u_core/u_core/u_exec/add_324/U1_8/COUT (sky130_fd_sc_hd__fa_1)
                                                   0.93     18.21 f
  u_core/u_core/u_exec/add_324/U1_9/COUT (sky130_fd_sc_hd__fa_1)
                                                   0.92     19.13 f
  u_core/u_core/u_exec/add_324/U1_10/COUT (sky130_fd_sc_hd__fa_1)
                                                   0.92     20.05 f
  u_core/u_core/u_exec/add_324/U1_11/COUT (sky130_fd_sc_hd__fa_1)
                                                   0.90     20.96 f
  u_core/u_core/u_exec/add_324/U1_12/COUT (sky130_fd_sc_hd__fa_1)
                                                   0.91     21.86 f
  u_core/u_core/u_exec/add_324/U1_13/COUT (sky130_fd_sc_hd__fa_1)
                                                   0.91     22.77 f
  u_core/u_core/u_exec/add_324/U1_14/COUT (sky130_fd_sc_hd__fa_1)
                                                   0.89     23.66 f
  u_core/u_core/u_exec/add_324/U1_15/COUT (sky130_fd_sc_hd__fa_1)
                                                   0.90     24.56 f
  u_core/u_core/u_exec/add_324/U1_16/COUT (sky130_fd_sc_hd__fa_1)
                                                   0.91     25.47 f
  u_core/u_core/u_exec/add_324/U1_17/COUT (sky130_fd_sc_hd__fa_1)
                                                   0.91     26.38 f
  u_core/u_core/u_exec/add_324/U1_18/COUT (sky130_fd_sc_hd__fa_1)
                                                   0.88     27.26 f
  u_core/u_core/u_exec/add_324/U1_19/COUT (sky130_fd_sc_hd__fa_1)
                                                   0.91     28.17 f
  u_core/u_core/u_exec/add_324/U1_20/COUT (sky130_fd_sc_hd__fa_1)
                                                   0.91     29.08 f
  u_core/u_core/u_exec/add_324/U1_21/COUT (sky130_fd_sc_hd__fa_1)
                                                   0.91     30.00 f
  u_core/u_core/u_exec/add_324/U1_22/COUT (sky130_fd_sc_hd__fa_1)
                                                   0.91     30.91 f
  u_core/u_core/u_exec/add_324/U1_23/COUT (sky130_fd_sc_hd__fa_1)
                                                   0.92     31.83 f
  u_core/u_core/u_exec/add_324/U1_24/COUT (sky130_fd_sc_hd__fa_1)
                                                   0.90     32.74 f
  u_core/u_core/u_exec/add_324/U1_25/COUT (sky130_fd_sc_hd__fa_1)
                                                   0.91     33.65 f
  u_core/u_core/u_exec/add_324/U1_26/COUT (sky130_fd_sc_hd__fa_1)
                                                   0.91     34.56 f
  u_core/u_core/u_exec/add_324/U1_27/COUT (sky130_fd_sc_hd__fa_1)
                                                   0.92     35.48 f
  u_core/u_core/u_exec/add_324/U1_28/COUT (sky130_fd_sc_hd__fa_1)
                                                   0.94     36.42 f
  u_core/u_core/u_exec/add_324/U1_29/COUT (sky130_fd_sc_hd__fa_1)
                                                   0.90     37.32 f
  u_core/u_core/u_exec/add_324/U1_30/SUM (sky130_fd_sc_hd__fa_1)
                                                   1.01     38.33 f
  u_core/u_core/u_exec/U169/Y (sky130_fd_sc_hd__a222oi_1)
                                                   0.41     38.74 r
  u_core/u_core/u_exec/U130/Y (sky130_fd_sc_hd__inv_1)
                                                   0.36     39.10 f
  u_core/u_core/u_decode/U669/X (sky130_fd_sc_hd__a22o_2)
                                                   0.64     39.74 f
  u_core/u_core/u_fetch/U358/Y (sky130_fd_sc_hd__inv_2)
                                                   0.27     40.01 r
  u_core/u_core/u_fetch/U284/Y (sky130_fd_sc_hd__o221ai_1)
                                                   0.66     40.67 f
  u_core/u_core/u_mmu/U395/Y (sky130_fd_sc_hd__xnor2_1)
                                                   0.52     41.19 r
  u_core/u_core/u_mmu/U394/Y (sky130_fd_sc_hd__nand4_1)
                                                   0.26     41.44 f
  u_core/u_core/u_mmu/U402/Y (sky130_fd_sc_hd__nor4_1)
                                                   0.46     41.91 r
  u_core/u_core/u_mmu/U274/Y (sky130_fd_sc_hd__nand3_1)
                                                   0.36     42.26 f
  u_core/u_core/u_mmu/U473/Y (sky130_fd_sc_hd__inv_1)
                                                   0.29     42.55 r
  u_core/u_core/u_mmu/U275/Y (sky130_fd_sc_hd__o211ai_1)
                                                   0.32     42.87 f
  u_core/u_core/u_mmu/U500/Y (sky130_fd_sc_hd__nand2_1)
                                                   0.24     43.12 r
  u_core/u_core/u_fetch/U375/Y (sky130_fd_sc_hd__nand3_2)
                                                   0.30     43.41 f
  u_core/u_core/u_fetch/HFSINV_202_3922/Y (sky130_fd_sc_hd__clkinv_4)
                                                   0.48     43.89 r
  u_core/u_core/u_fetch/U258/Y (sky130_fd_sc_hd__nand2_4)
                                                   0.77     44.66 f
  u_core/u_core/u_fetch/U368/Y (sky130_fd_sc_hd__nand2_2)
                                                   1.35     46.01 r
  u_core/u_core/u_fetch/U251/Y (sky130_fd_sc_hd__o22ai_1)
                                                   0.50     46.51 f
  u_core/u_core/u_fetch/ropt_h_inst_28109/X (sky130_fd_sc_hd__clkbuf_1)
                                                   0.28     46.80 f
  u_core/u_core/u_fetch/branch_pc_q_reg[25]/D (sky130_fd_sc_hd__dfrtp_1)
                                                   0.00     46.80 f
  data arrival time                                         46.80

  clock clk (rise edge)                           45.00     45.00
  clock network delay (propagated)                 2.83     47.83
  u_core/u_core/u_fetch/branch_pc_q_reg[25]/CLK (sky130_fd_sc_hd__dfrtp_1)
                                                   0.00     47.83 r
  clock uncertainty                               -0.90     46.93
  library setup time                               0.04     46.97
  data required time                                        46.97
  ------------------------------------------------------------------------
  data required time                                        46.97
  data arrival time                                        -46.80
  ------------------------------------------------------------------------
  slack (MET)                                                0.18



  Startpoint: u_core/u_dport_bridge/u_resp/rd_ptr_q_reg[0] (rising edge-triggered flip-flop clocked by clk)
  Endpoint: u_core/u_core/u_muldiv/mult_result_q_reg[29] (rising edge-triggered flip-flop clocked by clk)
  Mode: func
  Corner: ss_100C_1v60
  Scenario: func@ss_100C_1v60.setup
  Path Group: REG2REG
  Path Type: max

  Point                                            Incr      Path  
  ------------------------------------------------------------------------
  clock clk (rise edge)                            0.00      0.00
  clock network delay (propagated)                 3.23      3.23

  u_core/u_dport_bridge/u_resp/rd_ptr_q_reg[0]/CLK (sky130_fd_sc_hd__dfrtp_2)
                                                   0.00      3.23 r
  u_core/u_dport_bridge/u_resp/rd_ptr_q_reg[0]/Q (sky130_fd_sc_hd__dfrtp_2)
                                                   1.31      4.54 f
  u_core/u_dport_bridge/u_resp/U24/Y (sky130_fd_sc_hd__clkinv_4)
                                                   0.18      4.72 r
  u_core/u_dport_bridge/u_resp/U20/Y (sky130_fd_sc_hd__nor2_2)
                                                   0.14      4.85 f
  u_core/u_dport_bridge/u_resp/U105/X (sky130_fd_sc_hd__a22o_1)
                                                   0.44      5.29 f
  u_core/u_dport_bridge/u_resp/U21/X (sky130_fd_sc_hd__a221o_1)
                                                   0.54      5.83 f
  u_core/u_core/u_arb/U8/Y (sky130_fd_sc_hd__inv_1)
                                                   0.16      5.99 r
  u_core/u_core/u_arb/ctmTdsLR_1_11299/Y (sky130_fd_sc_hd__nor2_1)
                                                   0.12      6.11 f
  u_core/u_core/u_arb/ctmTdsLR_2_11300/Y (sky130_fd_sc_hd__nand2_2)
                                                   0.19      6.30 r
  u_core/u_core/u_arb/ZINV_99_inst_17993/Y (sky130_fd_sc_hd__inv_4)
                                                   0.14      6.43 f
  u_core/u_core/u_arb/U22/Y (sky130_fd_sc_hd__nor2_8)
                                                   0.38      6.81 r
  u_core/u_core/u_lsu/ctmTdsLR_3_8857/Y (sky130_fd_sc_hd__nand2_1)
                                                   0.29      7.11 f
  u_core/u_core/u_decode/ZBUF_38_inst_17988/X (sky130_fd_sc_hd__buf_6)
                                                   0.33      7.44 f
  u_core/u_core/u_decode/U33/Y (sky130_fd_sc_hd__xnor2_1)
                                                   0.31      7.75 r
  u_core/u_core/u_decode/ctmTdsLR_1_18567/Y (sky130_fd_sc_hd__nand3_2)
                                                   0.24      7.99 f
  u_core/u_core/u_decode/ZINV_4_inst_9331/Y (sky130_fd_sc_hd__inv_2)
                                                   0.18      8.17 r
  u_core/u_core/u_decode/ctmTdsLR_3_8566/Y (sky130_fd_sc_hd__nand2_8)
                                                   0.25      8.42 f
  u_core/u_core/u_decode/ctmTdsLR_2_4688/Y (sky130_fd_sc_hd__inv_1)
                                                   0.27      8.69 r
  u_core/u_core/u_decode/ctmTdsLR_1_18881/Y (sky130_fd_sc_hd__nand2b_4)
                                                   0.24      8.93 f
  u_core/u_core/u_decode/U20/Y (sky130_fd_sc_hd__inv_2)
                                                   0.17      9.10 r
  u_core/u_core/u_decode/U42/Y (sky130_fd_sc_hd__inv_2)
                                                   0.14      9.25 f
  u_core/u_core/u_decode/U46/Y (sky130_fd_sc_hd__o221ai_4)
                                                   0.37      9.61 r
  u_core/u_core/ZBUF_60_inst_4256/X (sky130_fd_sc_hd__buf_12)
                                                   0.42     10.04 r
  u_core/u_core/u_muldiv/ropt_mt_inst_27936/X (sky130_fd_sc_hd__clkbuf_16)
                                                   0.36     10.40 r
  u_core/u_core/u_muldiv/HFSINV_2771_3845/Y (sky130_fd_sc_hd__inv_2)
                                                   1.66     12.06 f
  u_core/u_core/u_muldiv/ropt_d_inst_28048/X (sky130_fd_sc_hd__buf_12)
                                                   0.46     12.52 f
  u_core/u_core/u_muldiv/mult_125/U560/Y (sky130_fd_sc_hd__nor2_4)
                                                   0.35     12.88 r
  u_core/u_core/u_muldiv/mult_125/U1020/X (sky130_fd_sc_hd__xor2_2)
                                                   0.32     13.19 r
  u_core/u_core/u_muldiv/mult_125/ctmTdsLR_5_20022/Y (sky130_fd_sc_hd__xnor2_1)
                                                   0.31     13.50 r
  u_core/u_core/u_muldiv/mult_125/ctmTdsLR_4_20021/Y (sky130_fd_sc_hd__xnor2_1)
                                                   0.31     13.82 r
  u_core/u_core/u_muldiv/mult_125/S2_3_5/SUM (sky130_fd_sc_hd__fah_1)
                                                   0.66     14.47 f
  u_core/u_core/u_muldiv/mult_125/ctmTdsLR_2_18426/Y (sky130_fd_sc_hd__o21ai_1)
                                                   0.31     14.78 r
  u_core/u_core/u_muldiv/mult_125/ctmTdsLR_1_18425/Y (sky130_fd_sc_hd__nand2_2)
                                                   0.18     14.96 f
  u_core/u_core/u_muldiv/mult_125/S2_5_4/COUT (sky130_fd_sc_hd__fah_1)
                                                   0.65     15.61 f
  u_core/u_core/u_muldiv/mult_125/S2_6_4/COUT (sky130_fd_sc_hd__fah_1)
                                                   0.69     16.30 f
  u_core/u_core/u_muldiv/mult_125/ctmTdsLR_10_19885/Y (sky130_fd_sc_hd__o21ai_1)
                                                   0.31     16.61 r
  u_core/u_core/u_muldiv/mult_125/ctmTdsLR_7_19882/Y (sky130_fd_sc_hd__o21ai_2)
                                                   0.21     16.82 f
  u_core/u_core/u_muldiv/mult_125/ctmTdsLR_6_19881/Y (sky130_fd_sc_hd__nor2_2)
                                                   0.20     17.02 r
  u_core/u_core/u_muldiv/mult_125/ctmTdsLR_5_19880/Y (sky130_fd_sc_hd__inv_1)
                                                   0.13     17.15 f
  u_core/u_core/u_muldiv/mult_125/ctmTdsLR_13_19888/Y (sky130_fd_sc_hd__nand2_1)
                                                   0.12     17.27 r
  u_core/u_core/u_muldiv/mult_125/ctmTdsLR_12_19887/Y (sky130_fd_sc_hd__xnor2_1)
                                                   0.17     17.44 f
  u_core/u_core/u_muldiv/mult_125/S2_9_3/COUT (sky130_fd_sc_hd__fah_1)
                                                   0.55     17.98 f
  u_core/u_core/u_muldiv/mult_125/S2_10_3/COUT (sky130_fd_sc_hd__fah_1)
                                                   0.65     18.64 f
  u_core/u_core/u_muldiv/mult_125/S2_11_3/COUT (sky130_fd_sc_hd__fah_1)
                                                   0.66     19.30 f
  u_core/u_core/u_muldiv/mult_125/S2_12_3/COUT (sky130_fd_sc_hd__fah_1)
                                                   0.69     19.98 f
  u_core/u_core/u_muldiv/mult_125/ctmTdsLR_4_19453/X (sky130_fd_sc_hd__xor2_1)
                                                   0.43     20.41 r
  u_core/u_core/u_muldiv/mult_125/ctmTdsLR_3_19452/X (sky130_fd_sc_hd__xor2_2)
                                                   0.39     20.80 r
  u_core/u_core/u_muldiv/mult_125/S2_14_2/SUM (sky130_fd_sc_hd__fah_1)
                                                   0.63     21.43 f
  u_core/u_core/u_muldiv/mult_125/S2_15_1/COUT (sky130_fd_sc_hd__fah_1)
                                                   0.54     21.97 f
  u_core/u_core/u_muldiv/mult_125/S2_16_1/COUT (sky130_fd_sc_hd__fah_1)
                                                   0.65     22.61 f
  u_core/u_core/u_muldiv/mult_125/S2_17_1/COUT (sky130_fd_sc_hd__fah_1)
                                                   0.69     23.30 f
  u_core/u_core/u_muldiv/mult_125/ctmTdsLR_6_18998/X (sky130_fd_sc_hd__xor2_1)
                                                   0.36     23.66 f
  u_core/u_core/u_muldiv/mult_125/ctmTdsLR_5_18997/X (sky130_fd_sc_hd__xor2_1)
                                                   0.40     24.05 f
  u_core/u_core/u_muldiv/mult_125/S1_19_0/COUT (sky130_fd_sc_hd__fah_1)
                                                   0.58     24.64 f
  u_core/u_core/u_muldiv/mult_125/S1_20_0/COUT (sky130_fd_sc_hd__fah_1)
                                                   0.64     25.28 f
  u_core/u_core/u_muldiv/mult_125/S1_21_0/COUT (sky130_fd_sc_hd__fah_1)
                                                   0.65     25.94 f
  u_core/u_core/u_muldiv/mult_125/S1_22_0/COUT (sky130_fd_sc_hd__fah_1)
                                                   0.67     26.61 f
  u_core/u_core/u_muldiv/mult_125/S1_23_0/COUT (sky130_fd_sc_hd__fah_1)
                                                   0.66     27.27 f
  u_core/u_core/u_muldiv/mult_125/S1_24_0/COUT (sky130_fd_sc_hd__fah_1)
                                                   0.68     27.94 f
  u_core/u_core/u_muldiv/mult_125/S1_25_0/COUT (sky130_fd_sc_hd__fah_1)
                                                   0.67     28.62 f
  u_core/u_core/u_muldiv/mult_125/S1_26_0/COUT (sky130_fd_sc_hd__fah_1)
                                                   0.66     29.27 f
  u_core/u_core/u_muldiv/mult_125/S1_27_0/COUT (sky130_fd_sc_hd__fah_1)
                                                   0.68     29.95 f
  u_core/u_core/u_muldiv/mult_125/ctmTdsLR_2_18641/Y (sky130_fd_sc_hd__o21ai_2)
                                                   0.24     30.19 r
  u_core/u_core/u_muldiv/mult_125/ctmTdsLR_1_18640/Y (sky130_fd_sc_hd__nand2_2)
                                                   0.18     30.37 f
  u_core/u_core/u_muldiv/mult_125/ctmTdsLR_1_12102/Y (sky130_fd_sc_hd__o21ai_2)
                                                   0.24     30.61 r
  u_core/u_core/u_muldiv/mult_125/ctmTdsLR_2_12103/Y (sky130_fd_sc_hd__nand2_2)
                                                   0.20     30.81 f
  u_core/u_core/u_muldiv/mult_125/U294/Y (sky130_fd_sc_hd__nand2_1)
                                                   0.16     30.97 r
  u_core/u_core/u_muldiv/mult_125/U131/Y (sky130_fd_sc_hd__nand3_2)
                                                   0.20     31.17 f
  u_core/u_core/u_muldiv/mult_125/ctmTdsLR_8_21804/Y (sky130_fd_sc_hd__o21ai_2)
                                                   0.26     31.44 r
  u_core/u_core/u_muldiv/mult_125/ctmTdsLR_7_21803/Y (sky130_fd_sc_hd__nand2_2)
                                                   0.21     31.64 f
  u_core/u_core/u_muldiv/mult_125/ctmTdsLR_6_21802/Y (sky130_fd_sc_hd__nor2_2)
                                                   0.17     31.82 r
  u_core/u_core/u_muldiv/mult_125/ctmTdsLR_4_21800/Y (sky130_fd_sc_hd__o2bb2ai_1)
                                                   0.25     32.07 f
  u_core/u_core/u_muldiv/mult_125/S1_33_0/COUT (sky130_fd_sc_hd__fah_1)
                                                   0.74     32.81 f
  u_core/u_core/u_muldiv/mult_125/ctmTdsLR_7_20548/Y (sky130_fd_sc_hd__o21ai_1)
                                                   0.30     33.11 r
  u_core/u_core/u_muldiv/mult_125/ctmTdsLR_6_20547/Y (sky130_fd_sc_hd__nand2_2)
                                                   0.22     33.33 f
  u_core/u_core/u_muldiv/mult_125/ctmTdsLR_5_20546/Y (sky130_fd_sc_hd__nor2_1)
                                                   0.18     33.51 r
  u_core/u_core/u_muldiv/mult_125/ctmTdsLR_3_20544/Y (sky130_fd_sc_hd__o2bb2ai_1)
                                                   0.21     33.73 f
  u_core/u_core/u_muldiv/mult_125/ctmTdsLR_6_21404/X (sky130_fd_sc_hd__maj3_1)
                                                   0.88     34.61 f
  u_core/u_core/u_muldiv/mult_125/ctmTdsLR_5_21403/Y (sky130_fd_sc_hd__nor2_1)
                                                   0.23     34.84 r
  u_core/u_core/u_muldiv/mult_125/ctmTdsLR_3_21401/Y (sky130_fd_sc_hd__o2bb2ai_1)
                                                   0.26     35.10 f
  u_core/u_core/u_muldiv/mult_125/ctmTdsLR_7_19299/Y (sky130_fd_sc_hd__o21ai_1)
                                                   0.30     35.39 r
  u_core/u_core/u_muldiv/mult_125/ctmTdsLR_6_19298/Y (sky130_fd_sc_hd__nand2_2)
                                                   0.22     35.61 f
  u_core/u_core/u_muldiv/mult_125/ctmTdsLR_5_19297/Y (sky130_fd_sc_hd__nor2_1)
                                                   0.18     35.79 r
  u_core/u_core/u_muldiv/mult_125/ctmTdsLR_3_19295/Y (sky130_fd_sc_hd__o2bb2ai_1)
                                                   0.24     36.04 f
  u_core/u_core/u_muldiv/mult_125/S1_40_0/COUT (sky130_fd_sc_hd__fah_1)
                                                   0.72     36.76 f
  u_core/u_core/u_muldiv/mult_125/U820/Y (sky130_fd_sc_hd__nand2_1)
                                                   0.24     37.00 r
  u_core/u_core/u_muldiv/mult_125/U229/Y (sky130_fd_sc_hd__nand3_4)
                                                   0.23     37.23 f
  u_core/u_core/u_muldiv/mult_125/U826/Y (sky130_fd_sc_hd__nand2_1)
                                                   0.17     37.40 r
  u_core/u_core/u_muldiv/mult_125/U216/Y (sky130_fd_sc_hd__nand3_2)
                                                   0.21     37.61 f
  u_core/u_core/u_muldiv/mult_125/S1_43_0/COUT (sky130_fd_sc_hd__fah_1)
                                                   0.66     38.27 f
  u_core/u_core/u_muldiv/mult_125/S1_44_0/COUT (sky130_fd_sc_hd__fah_1)
                                                   0.66     38.93 f
  u_core/u_core/u_muldiv/mult_125/S1_45_0/COUT (sky130_fd_sc_hd__fah_1)
                                                   0.65     39.58 f
  u_core/u_core/u_muldiv/mult_125/S1_46_0/COUT (sky130_fd_sc_hd__fa_2)
                                                   0.78     40.37 f
  u_core/u_core/u_muldiv/mult_125/S1_47_0/COUT (sky130_fd_sc_hd__fah_1)
                                                   0.66     41.02 f
  u_core/u_core/u_muldiv/mult_125/S1_48_0/COUT (sky130_fd_sc_hd__fah_1)
                                                   0.70     41.73 f
  u_core/u_core/u_muldiv/mult_125/ctmTdsLR_6_20586/Y (sky130_fd_sc_hd__nor2_2)
                                                   0.22     41.95 r
  u_core/u_core/u_muldiv/mult_125/ctmTdsLR_4_20584/Y (sky130_fd_sc_hd__o21ai_2)
                                                   0.17     42.12 f
  u_core/u_core/u_muldiv/mult_125/ctmTdsLR_3_20583/X (sky130_fd_sc_hd__maj3_1)
                                                   0.87     42.99 f
  u_core/u_core/u_muldiv/mult_125/ctmTdsLR_3_20965/Y (sky130_fd_sc_hd__nor2_1)
                                                   0.22     43.21 r
  u_core/u_core/u_muldiv/mult_125/ctmTdsLR_1_20963/Y (sky130_fd_sc_hd__o2bb2ai_1)
                                                   0.33     43.54 f
  u_core/u_core/u_muldiv/mult_125/ctmTdsLR_3_21815/Y (sky130_fd_sc_hd__nor2_2)
                                                   0.27     43.81 r
  u_core/u_core/u_muldiv/mult_125/ctmTdsLR_1_21813/Y (sky130_fd_sc_hd__o2bb2ai_2)
                                                   0.21     44.02 f
  u_core/u_core/u_muldiv/mult_125/U814/Y (sky130_fd_sc_hd__nand2_1)
                                                   0.15     44.17 r
  u_core/u_core/u_muldiv/mult_125/U235/Y (sky130_fd_sc_hd__nand3_2)
                                                   0.25     44.43 f
  u_core/u_core/u_muldiv/mult_125/U818/Y (sky130_fd_sc_hd__nand2_1)
                                                   0.20     44.63 r
  u_core/u_core/u_muldiv/mult_125/U230/Y (sky130_fd_sc_hd__nand3_2)
                                                   0.27     44.89 f
  u_core/u_core/u_muldiv/mult_125/U656/Y (sky130_fd_sc_hd__nand2_1)
                                                   0.18     45.08 r
  u_core/u_core/u_muldiv/mult_125/U231/Y (sky130_fd_sc_hd__nand3_2)
                                                   0.26     45.33 f
  u_core/u_core/u_muldiv/mult_125/ctmTdsLR_1_11826/Y (sky130_fd_sc_hd__o21ai_1)
                                                   0.30     45.64 r
  u_core/u_core/u_muldiv/mult_125/ctmTdsLR_2_11827/Y (sky130_fd_sc_hd__nand2_2)
                                                   0.20     45.83 f
  u_core/u_core/u_muldiv/mult_125/ctmTdsLR_8_5233/X (sky130_fd_sc_hd__o21a_1)
                                                   0.35     46.19 f
  u_core/u_core/u_muldiv/mult_125/ctmTdsLR_9_5234/Y (sky130_fd_sc_hd__nor2_2)
                                                   0.21     46.39 r
  u_core/u_core/u_muldiv/mult_125/ctmTdsLR_1_21568/Y (sky130_fd_sc_hd__nand2b_1)
                                                   0.18     46.57 f
  u_core/u_core/u_muldiv/mult_125/ctmTdsLR_12_5237/Y (sky130_fd_sc_hd__nand2_1)
                                                   0.15     46.73 r
  u_core/u_core/u_muldiv/mult_125/ctmTdsLR_15_5240/Y (sky130_fd_sc_hd__nand2_2)
                                                   0.16     46.89 f
  u_core/u_core/u_muldiv/mult_125/U726_roptpi_21825/X (sky130_fd_sc_hd__and2_4)
                                                   0.32     47.21 f
  u_core/u_core/u_muldiv/mult_125/ctmTdsLR_1_21453/Y (sky130_fd_sc_hd__nor2_4)
                                                   0.17     47.38 r
  u_core/u_core/u_muldiv/mult_125/ctmTdsLR_10_5220/Y (sky130_fd_sc_hd__o21ai_2)
                                                   0.21     47.59 f
  u_core/u_core/u_muldiv/mult_125/ctmTdsLR_1_12030/Y (sky130_fd_sc_hd__xnor2_1)
                                                   0.27     47.86 f
  u_core/u_core/u_muldiv/mult_125/ctmTdsLR_8_5746/Y (sky130_fd_sc_hd__xnor2_1)
                                                   0.25     48.11 f
  u_core/u_core/u_muldiv/ctmTdsLR_1_10906/X (sky130_fd_sc_hd__a22o_1)
                                                   0.45     48.56 f
  u_core/u_core/u_muldiv/mult_result_q_reg[29]/D (sky130_fd_sc_hd__dfrtp_1)
                                                   0.00     48.56 f
  data arrival time                                         48.56

  clock clk (rise edge)                           45.00     45.00
  clock network delay (propagated)                 4.82     49.82
  u_core/u_core/u_muldiv/mult_result_q_reg[29]/CLK (sky130_fd_sc_hd__dfrtp_1)
                                                   0.00     49.82 r
  clock uncertainty                               -0.90     48.92
  library setup time                              -0.18     48.74
  data required time                                        48.74
  ------------------------------------------------------------------------
  data required time                                        48.74
  data arrival time                                        -48.56
  ------------------------------------------------------------------------
  slack (MET)                                                0.18



  Startpoint: u_soc/u_retime/u_read_resp/rd_ptr_q_reg[0] (rising edge-triggered flip-flop clocked by clk)
  Endpoint: u_core/u_core/u_fetch/branch_pc_q_reg[15] (rising edge-triggered flip-flop clocked by clk)
  Mode: func
  Corner: ss_100C_1v60
  Scenario: func@ss_100C_1v60.setup
  Path Group: REG2REG
  Path Type: max

  Point                                            Incr      Path  
  ------------------------------------------------------------------------
  clock clk (rise edge)                            0.00      0.00
  clock network delay (propagated)                 3.30      3.30

  u_soc/u_retime/u_read_resp/rd_ptr_q_reg[0]/CLK (sky130_fd_sc_hd__dfrtp_1)
                                                   0.00      3.30 r
  u_soc/u_retime/u_read_resp/rd_ptr_q_reg[0]/Q (sky130_fd_sc_hd__dfrtp_1)
                                                   1.11      4.41 f
  u_soc/u_retime/u_read_resp/gre_BUF_4_inst_27247/X (sky130_fd_sc_hd__buf_4)
                                                   0.32      4.73 f
  u_soc/u_retime/u_read_resp/ctmTdsLR_1_8476/Y (sky130_fd_sc_hd__inv_12)
                                                   0.36      5.09 r
  u_soc/u_retime/u_read_resp/U122/Y (sky130_fd_sc_hd__o22ai_1)
                                                   0.39      5.48 f
  u_soc/u_axi_tap/HFSBUF_21_847/X (sky130_fd_sc_hd__buf_4)
                                                   0.53      6.01 f
  u_soc/u_axi_tap/U149/Y (sky130_fd_sc_hd__a222oi_1)
                                                   0.49      6.51 r
  u_soc/u_axi_tap/HFSBUF_2_685/X (sky130_fd_sc_hd__clkbuf_2)
                                                   0.42      6.93 r
  u_soc/u_axi_tap/U78/Y (sky130_fd_sc_hd__nand2_8)
                                                   0.54      7.47 f
  u_core/u_core/u_lsu/HFSINV_63_3026/Y (sky130_fd_sc_hd__inv_2)
                                                   0.63      8.09 r
  u_core/u_core/u_lsu/ctmTdsLR_1_18406/X (sky130_fd_sc_hd__o22a_2)
                                                   0.44      8.53 r
  u_core/u_core/u_lsu/ctmTdsLR_3_8590/Y (sky130_fd_sc_hd__nand3_4)
                                                   0.35      8.88 f
  u_core/u_core/u_decode/HFSINV_360_3434/Y (sky130_fd_sc_hd__bufinv_8)
                                                   0.60      9.48 r
  u_core/u_core/u_decode/U58/X (sky130_fd_sc_hd__o221a_2)
                                                   0.80     10.27 r
  u_core/u_core/HFSINV_266_3829/Y (sky130_fd_sc_hd__clkinv_4)
                                                   0.44     10.71 f
  u_core/u_core/u_exec/add_324/U1_1/COUT (sky130_fd_sc_hd__fa_1)
                                                   1.15     11.86 f
  u_core/u_core/u_exec/add_324/U1_2/COUT (sky130_fd_sc_hd__fa_1)
                                                   0.89     12.75 f
  u_core/u_core/u_exec/add_324/U1_3/COUT (sky130_fd_sc_hd__fa_1)
                                                   0.93     13.68 f
  u_core/u_core/u_exec/add_324/U1_4/COUT (sky130_fd_sc_hd__fa_1)
                                                   0.89     14.57 f
  u_core/u_core/u_exec/add_324/U1_5/COUT (sky130_fd_sc_hd__fa_1)
                                                   0.90     15.47 f
  u_core/u_core/u_exec/add_324/U1_6/COUT (sky130_fd_sc_hd__fa_1)
                                                   0.89     16.37 f
  u_core/u_core/u_exec/add_324/U1_7/COUT (sky130_fd_sc_hd__fa_1)
                                                   0.91     17.28 f
  u_core/u_core/u_exec/add_324/U1_8/COUT (sky130_fd_sc_hd__fa_1)
                                                   0.93     18.21 f
  u_core/u_core/u_exec/add_324/U1_9/COUT (sky130_fd_sc_hd__fa_1)
                                                   0.92     19.13 f
  u_core/u_core/u_exec/add_324/U1_10/COUT (sky130_fd_sc_hd__fa_1)
                                                   0.92     20.05 f
  u_core/u_core/u_exec/add_324/U1_11/COUT (sky130_fd_sc_hd__fa_1)
                                                   0.90     20.96 f
  u_core/u_core/u_exec/add_324/U1_12/COUT (sky130_fd_sc_hd__fa_1)
                                                   0.91     21.86 f
  u_core/u_core/u_exec/add_324/U1_13/COUT (sky130_fd_sc_hd__fa_1)
                                                   0.91     22.77 f
  u_core/u_core/u_exec/add_324/U1_14/COUT (sky130_fd_sc_hd__fa_1)
                                                   0.89     23.66 f
  u_core/u_core/u_exec/add_324/U1_15/COUT (sky130_fd_sc_hd__fa_1)
                                                   0.90     24.56 f
  u_core/u_core/u_exec/add_324/U1_16/COUT (sky130_fd_sc_hd__fa_1)
                                                   0.91     25.47 f
  u_core/u_core/u_exec/add_324/U1_17/COUT (sky130_fd_sc_hd__fa_1)
                                                   0.91     26.38 f
  u_core/u_core/u_exec/add_324/U1_18/COUT (sky130_fd_sc_hd__fa_1)
                                                   0.88     27.26 f
  u_core/u_core/u_exec/add_324/U1_19/COUT (sky130_fd_sc_hd__fa_1)
                                                   0.91     28.17 f
  u_core/u_core/u_exec/add_324/U1_20/COUT (sky130_fd_sc_hd__fa_1)
                                                   0.91     29.08 f
  u_core/u_core/u_exec/add_324/U1_21/COUT (sky130_fd_sc_hd__fa_1)
                                                   0.91     30.00 f
  u_core/u_core/u_exec/add_324/U1_22/COUT (sky130_fd_sc_hd__fa_1)
                                                   0.91     30.91 f
  u_core/u_core/u_exec/add_324/U1_23/COUT (sky130_fd_sc_hd__fa_1)
                                                   0.92     31.83 f
  u_core/u_core/u_exec/add_324/U1_24/COUT (sky130_fd_sc_hd__fa_1)
                                                   0.90     32.74 f
  u_core/u_core/u_exec/add_324/U1_25/COUT (sky130_fd_sc_hd__fa_1)
                                                   0.91     33.65 f
  u_core/u_core/u_exec/add_324/U1_26/COUT (sky130_fd_sc_hd__fa_1)
                                                   0.91     34.56 f
  u_core/u_core/u_exec/add_324/U1_27/COUT (sky130_fd_sc_hd__fa_1)
                                                   0.92     35.48 f
  u_core/u_core/u_exec/add_324/U1_28/COUT (sky130_fd_sc_hd__fa_1)
                                                   0.94     36.42 f
  u_core/u_core/u_exec/add_324/U1_29/COUT (sky130_fd_sc_hd__fa_1)
                                                   0.90     37.32 f
  u_core/u_core/u_exec/add_324/U1_30/SUM (sky130_fd_sc_hd__fa_1)
                                                   1.01     38.33 f
  u_core/u_core/u_exec/U169/Y (sky130_fd_sc_hd__a222oi_1)
                                                   0.41     38.74 r
  u_core/u_core/u_exec/U130/Y (sky130_fd_sc_hd__inv_1)
                                                   0.36     39.10 f
  u_core/u_core/u_decode/U669/X (sky130_fd_sc_hd__a22o_2)
                                                   0.64     39.74 f
  u_core/u_core/u_fetch/U358/Y (sky130_fd_sc_hd__inv_2)
                                                   0.27     40.01 r
  u_core/u_core/u_fetch/U284/Y (sky130_fd_sc_hd__o221ai_1)
                                                   0.66     40.67 f
  u_core/u_core/u_mmu/U395/Y (sky130_fd_sc_hd__xnor2_1)
                                                   0.52     41.19 r
  u_core/u_core/u_mmu/U394/Y (sky130_fd_sc_hd__nand4_1)
                                                   0.26     41.44 f
  u_core/u_core/u_mmu/U402/Y (sky130_fd_sc_hd__nor4_1)
                                                   0.46     41.91 r
  u_core/u_core/u_mmu/U274/Y (sky130_fd_sc_hd__nand3_1)
                                                   0.36     42.26 f
  u_core/u_core/u_mmu/U473/Y (sky130_fd_sc_hd__inv_1)
                                                   0.29     42.55 r
  u_core/u_core/u_mmu/U275/Y (sky130_fd_sc_hd__o211ai_1)
                                                   0.32     42.87 f
  u_core/u_core/u_mmu/U500/Y (sky130_fd_sc_hd__nand2_1)
                                                   0.24     43.12 r
  u_core/u_core/u_fetch/U375/Y (sky130_fd_sc_hd__nand3_2)
                                                   0.30     43.41 f
  u_core/u_core/u_fetch/HFSINV_202_3922/Y (sky130_fd_sc_hd__clkinv_4)
                                                   0.48     43.89 r
  u_core/u_core/u_fetch/U258/Y (sky130_fd_sc_hd__nand2_4)
                                                   0.77     44.66 f
  u_core/u_core/u_fetch/U365/Y (sky130_fd_sc_hd__nand2_2)
                                                   1.34     46.01 r
  u_core/u_core/u_fetch/U241/Y (sky130_fd_sc_hd__o22ai_1)
                                                   0.66     46.66 f
  u_core/u_core/u_fetch/branch_pc_q_reg[15]/D (sky130_fd_sc_hd__dfrtp_1)
                                                   0.00     46.67 f
  data arrival time                                         46.67

  clock clk (rise edge)                           45.00     45.00
  clock network delay (propagated)                 2.85     47.85
  u_core/u_core/u_fetch/branch_pc_q_reg[15]/CLK (sky130_fd_sc_hd__dfrtp_1)
                                                   0.00     47.85 r
  clock uncertainty                               -0.90     46.95
  library setup time                              -0.08     46.87
  data required time                                        46.87
  ------------------------------------------------------------------------
  data required time                                        46.87
  data arrival time                                        -46.67
  ------------------------------------------------------------------------
  slack (MET)                                                0.20



  Startpoint: u_soc/u_retime/u_read_resp/rd_ptr_q_reg[0] (rising edge-triggered flip-flop clocked by clk)
  Endpoint: u_core/u_core/u_mmu/pte_addr_q_reg[20] (rising edge-triggered flip-flop clocked by clk)
  Mode: func
  Corner: ss_100C_1v60
  Scenario: func@ss_100C_1v60.setup
  Path Group: REG2REG
  Path Type: max

  Point                                            Incr      Path  
  ------------------------------------------------------------------------
  clock clk (rise edge)                            0.00      0.00
  clock network delay (propagated)                 3.30      3.30

  u_soc/u_retime/u_read_resp/rd_ptr_q_reg[0]/CLK (sky130_fd_sc_hd__dfrtp_1)
                                                   0.00      3.30 r
  u_soc/u_retime/u_read_resp/rd_ptr_q_reg[0]/Q (sky130_fd_sc_hd__dfrtp_1)
                                                   1.11      4.41 f
  u_soc/u_retime/u_read_resp/gre_BUF_4_inst_27247/X (sky130_fd_sc_hd__buf_4)
                                                   0.32      4.73 f
  u_soc/u_retime/u_read_resp/ctmTdsLR_1_8476/Y (sky130_fd_sc_hd__inv_12)
                                                   0.36      5.09 r
  u_soc/u_retime/u_read_resp/U122/Y (sky130_fd_sc_hd__o22ai_1)
                                                   0.39      5.48 f
  u_soc/u_axi_tap/HFSBUF_21_847/X (sky130_fd_sc_hd__buf_4)
                                                   0.53      6.01 f
  u_soc/u_axi_tap/U149/Y (sky130_fd_sc_hd__a222oi_1)
                                                   0.49      6.51 r
  u_soc/u_axi_tap/HFSBUF_2_685/X (sky130_fd_sc_hd__clkbuf_2)
                                                   0.42      6.93 r
  u_soc/u_axi_tap/U78/Y (sky130_fd_sc_hd__nand2_8)
                                                   0.54      7.47 f
  u_core/u_core/u_lsu/HFSINV_63_3026/Y (sky130_fd_sc_hd__inv_2)
                                                   0.63      8.09 r
  u_core/u_core/u_lsu/ctmTdsLR_1_18406/X (sky130_fd_sc_hd__o22a_2)
                                                   0.44      8.53 r
  u_core/u_core/u_lsu/ctmTdsLR_3_8590/Y (sky130_fd_sc_hd__nand3_4)
                                                   0.35      8.88 f
  u_core/u_core/u_decode/HFSINV_360_3434/Y (sky130_fd_sc_hd__bufinv_8)
                                                   0.60      9.48 r
  u_core/u_core/u_decode/U58/X (sky130_fd_sc_hd__o221a_2)
                                                   0.80     10.27 r
  u_core/u_core/HFSINV_266_3829/Y (sky130_fd_sc_hd__clkinv_4)
                                                   0.44     10.71 f
  u_core/u_core/u_exec/add_324/U1_1/COUT (sky130_fd_sc_hd__fa_1)
                                                   1.15     11.86 f
  u_core/u_core/u_exec/add_324/U1_2/COUT (sky130_fd_sc_hd__fa_1)
                                                   0.89     12.75 f
  u_core/u_core/u_exec/add_324/U1_3/COUT (sky130_fd_sc_hd__fa_1)
                                                   0.93     13.68 f
  u_core/u_core/u_exec/add_324/U1_4/COUT (sky130_fd_sc_hd__fa_1)
                                                   0.89     14.57 f
  u_core/u_core/u_exec/add_324/U1_5/COUT (sky130_fd_sc_hd__fa_1)
                                                   0.90     15.47 f
  u_core/u_core/u_exec/add_324/U1_6/COUT (sky130_fd_sc_hd__fa_1)
                                                   0.89     16.37 f
  u_core/u_core/u_exec/add_324/U1_7/COUT (sky130_fd_sc_hd__fa_1)
                                                   0.91     17.28 f
  u_core/u_core/u_exec/add_324/U1_8/COUT (sky130_fd_sc_hd__fa_1)
                                                   0.93     18.21 f
  u_core/u_core/u_exec/add_324/U1_9/COUT (sky130_fd_sc_hd__fa_1)
                                                   0.92     19.13 f
  u_core/u_core/u_exec/add_324/U1_10/COUT (sky130_fd_sc_hd__fa_1)
                                                   0.92     20.05 f
  u_core/u_core/u_exec/add_324/U1_11/COUT (sky130_fd_sc_hd__fa_1)
                                                   0.90     20.96 f
  u_core/u_core/u_exec/add_324/U1_12/COUT (sky130_fd_sc_hd__fa_1)
                                                   0.91     21.86 f
  u_core/u_core/u_exec/add_324/U1_13/COUT (sky130_fd_sc_hd__fa_1)
                                                   0.91     22.77 f
  u_core/u_core/u_exec/add_324/U1_14/COUT (sky130_fd_sc_hd__fa_1)
                                                   0.89     23.66 f
  u_core/u_core/u_exec/add_324/U1_15/COUT (sky130_fd_sc_hd__fa_1)
                                                   0.90     24.56 f
  u_core/u_core/u_exec/add_324/U1_16/COUT (sky130_fd_sc_hd__fa_1)
                                                   0.91     25.47 f
  u_core/u_core/u_exec/add_324/U1_17/COUT (sky130_fd_sc_hd__fa_1)
                                                   0.91     26.38 f
  u_core/u_core/u_exec/add_324/U1_18/COUT (sky130_fd_sc_hd__fa_1)
                                                   0.88     27.26 f
  u_core/u_core/u_exec/add_324/U1_19/COUT (sky130_fd_sc_hd__fa_1)
                                                   0.91     28.17 f
  u_core/u_core/u_exec/add_324/U1_20/COUT (sky130_fd_sc_hd__fa_1)
                                                   0.91     29.08 f
  u_core/u_core/u_exec/add_324/U1_21/COUT (sky130_fd_sc_hd__fa_1)
                                                   0.91     30.00 f
  u_core/u_core/u_exec/add_324/U1_22/COUT (sky130_fd_sc_hd__fa_1)
                                                   0.91     30.91 f
  u_core/u_core/u_exec/add_324/U1_23/COUT (sky130_fd_sc_hd__fa_1)
                                                   0.92     31.83 f
  u_core/u_core/u_exec/add_324/U1_24/COUT (sky130_fd_sc_hd__fa_1)
                                                   0.90     32.74 f
  u_core/u_core/u_exec/add_324/U1_25/COUT (sky130_fd_sc_hd__fa_1)
                                                   0.91     33.65 f
  u_core/u_core/u_exec/add_324/U1_26/COUT (sky130_fd_sc_hd__fa_1)
                                                   0.91     34.56 f
  u_core/u_core/u_exec/add_324/U1_27/COUT (sky130_fd_sc_hd__fa_1)
                                                   0.92     35.48 f
  u_core/u_core/u_exec/add_324/U1_28/COUT (sky130_fd_sc_hd__fa_1)
                                                   0.94     36.42 f
  u_core/u_core/u_exec/add_324/U1_29/COUT (sky130_fd_sc_hd__fa_1)
                                                   0.90     37.32 f
  u_core/u_core/u_exec/add_324/U1_30/SUM (sky130_fd_sc_hd__fa_1)
                                                   1.01     38.33 f
  u_core/u_core/u_exec/U169/Y (sky130_fd_sc_hd__a222oi_1)
                                                   0.41     38.74 r
  u_core/u_core/u_exec/U130/Y (sky130_fd_sc_hd__inv_1)
                                                   0.36     39.10 f
  u_core/u_core/u_decode/U669/X (sky130_fd_sc_hd__a22o_2)
                                                   0.64     39.74 f
  u_core/u_core/u_fetch/U358/Y (sky130_fd_sc_hd__inv_2)
                                                   0.27     40.01 r
  u_core/u_core/u_fetch/U284/Y (sky130_fd_sc_hd__o221ai_1)
                                                   0.66     40.67 f
  u_core/u_core/u_mmu/U395/Y (sky130_fd_sc_hd__xnor2_1)
                                                   0.50     41.16 f
  u_core/u_core/u_mmu/U394/Y (sky130_fd_sc_hd__nand4_1)
                                                   0.18     41.34 r
  u_core/u_core/u_mmu/U402/Y (sky130_fd_sc_hd__nor4_1)
                                                   0.11     41.45 f
  u_core/u_core/u_mmu/U274/Y (sky130_fd_sc_hd__nand3_1)
                                                   0.19     41.65 r
  u_core/u_core/u_mmu/U473/Y (sky130_fd_sc_hd__inv_1)
                                                   0.23     41.88 f
  u_core/u_core/u_mmu/U26/Y (sky130_fd_sc_hd__o21ai_0)
                                                   0.74     42.61 r
  u_core/u_core/u_mmu/U28/Y (sky130_fd_sc_hd__nand3_2)
                                                   0.77     43.38 f
  u_core/u_core/u_mmu/HFSINV_2973_3885/Y (sky130_fd_sc_hd__inv_4)
                                                   0.86     44.24 r
  u_core/u_core/u_mmu/U30/X (sky130_fd_sc_hd__a21o_1)
                                                   0.43     44.68 r
  u_core/u_core/u_mmu/U12/Y (sky130_fd_sc_hd__inv_4)
                                                   0.35     45.03 f
  u_core/u_core/u_mmu/U82/Y (sky130_fd_sc_hd__nor2_8)
                                                   1.00     46.03 r
  u_core/u_core/u_mmu/U39/Y (sky130_fd_sc_hd__a222oi_1)
                                                   0.49     46.52 f
  u_core/u_core/u_mmu/U452/Y (sky130_fd_sc_hd__inv_1)
                                                   0.23     46.75 r
  u_core/u_core/u_mmu/pte_addr_q_reg[20]/D (sky130_fd_sc_hd__dfrtp_1)
                                                   0.00     46.75 r
  data arrival time                                         46.75

  clock clk (rise edge)                           45.00     45.00
  clock network delay (propagated)                 2.80     47.80
  u_core/u_core/u_mmu/pte_addr_q_reg[20]/CLK (sky130_fd_sc_hd__dfrtp_1)
                                                   0.00     47.80 r
  clock uncertainty                               -0.90     46.90
  library setup time                               0.06     46.96
  data required time                                        46.96
  ------------------------------------------------------------------------
  data required time                                        46.96
  data arrival time                                        -46.75
  ------------------------------------------------------------------------
  slack (MET)                                                0.20



  Startpoint: u_core/u_dport_bridge/u_resp/rd_ptr_q_reg[0] (rising edge-triggered flip-flop clocked by clk)
  Endpoint: u_core/u_core/u_muldiv/mult_result_q_reg[26] (rising edge-triggered flip-flop clocked by clk)
  Mode: func
  Corner: ss_100C_1v60
  Scenario: func@ss_100C_1v60.setup
  Path Group: REG2REG
  Path Type: max

  Point                                            Incr      Path  
  ------------------------------------------------------------------------
  clock clk (rise edge)                            0.00      0.00
  clock network delay (propagated)                 3.23      3.23

  u_core/u_dport_bridge/u_resp/rd_ptr_q_reg[0]/CLK (sky130_fd_sc_hd__dfrtp_2)
                                                   0.00      3.23 r
  u_core/u_dport_bridge/u_resp/rd_ptr_q_reg[0]/Q (sky130_fd_sc_hd__dfrtp_2)
                                                   1.31      4.54 f
  u_core/u_dport_bridge/u_resp/U24/Y (sky130_fd_sc_hd__clkinv_4)
                                                   0.18      4.72 r
  u_core/u_dport_bridge/u_resp/U20/Y (sky130_fd_sc_hd__nor2_2)
                                                   0.14      4.85 f
  u_core/u_dport_bridge/u_resp/U105/X (sky130_fd_sc_hd__a22o_1)
                                                   0.44      5.29 f
  u_core/u_dport_bridge/u_resp/U21/X (sky130_fd_sc_hd__a221o_1)
                                                   0.54      5.83 f
  u_core/u_core/u_arb/U8/Y (sky130_fd_sc_hd__inv_1)
                                                   0.16      5.99 r
  u_core/u_core/u_arb/ctmTdsLR_1_11299/Y (sky130_fd_sc_hd__nor2_1)
                                                   0.12      6.11 f
  u_core/u_core/u_arb/ctmTdsLR_2_11300/Y (sky130_fd_sc_hd__nand2_2)
                                                   0.19      6.30 r
  u_core/u_core/u_arb/ZINV_99_inst_17993/Y (sky130_fd_sc_hd__inv_4)
                                                   0.14      6.43 f
  u_core/u_core/u_arb/U22/Y (sky130_fd_sc_hd__nor2_8)
                                                   0.38      6.81 r
  u_core/u_core/u_lsu/ctmTdsLR_3_8857/Y (sky130_fd_sc_hd__nand2_1)
                                                   0.29      7.11 f
  u_core/u_core/u_decode/ZBUF_38_inst_17988/X (sky130_fd_sc_hd__buf_6)
                                                   0.33      7.44 f
  u_core/u_core/u_decode/U33/Y (sky130_fd_sc_hd__xnor2_1)
                                                   0.31      7.75 r
  u_core/u_core/u_decode/ctmTdsLR_1_18567/Y (sky130_fd_sc_hd__nand3_2)
                                                   0.24      7.99 f
  u_core/u_core/u_decode/ZINV_4_inst_9331/Y (sky130_fd_sc_hd__inv_2)
                                                   0.18      8.17 r
  u_core/u_core/u_decode/ctmTdsLR_3_8566/Y (sky130_fd_sc_hd__nand2_8)
                                                   0.25      8.42 f
  u_core/u_core/u_decode/ctmTdsLR_2_4688/Y (sky130_fd_sc_hd__inv_1)
                                                   0.27      8.69 r
  u_core/u_core/u_decode/ctmTdsLR_1_18881/Y (sky130_fd_sc_hd__nand2b_4)
                                                   0.24      8.93 f
  u_core/u_core/u_decode/U20/Y (sky130_fd_sc_hd__inv_2)
                                                   0.17      9.10 r
  u_core/u_core/u_decode/U42/Y (sky130_fd_sc_hd__inv_2)
                                                   0.14      9.25 f
  u_core/u_core/u_decode/U46/Y (sky130_fd_sc_hd__o221ai_4)
                                                   0.37      9.61 r
  u_core/u_core/ZBUF_60_inst_4256/X (sky130_fd_sc_hd__buf_12)
                                                   0.42     10.04 r
  u_core/u_core/u_muldiv/ropt_mt_inst_27936/X (sky130_fd_sc_hd__clkbuf_16)
                                                   0.36     10.40 r
  u_core/u_core/u_muldiv/HFSINV_2771_3845/Y (sky130_fd_sc_hd__inv_2)
                                                   1.66     12.06 f
  u_core/u_core/u_muldiv/ropt_d_inst_28048/X (sky130_fd_sc_hd__buf_12)
                                                   0.46     12.52 f
  u_core/u_core/u_muldiv/mult_125/U560/Y (sky130_fd_sc_hd__nor2_4)
                                                   0.35     12.88 r
  u_core/u_core/u_muldiv/mult_125/U1020/X (sky130_fd_sc_hd__xor2_2)
                                                   0.32     13.19 r
  u_core/u_core/u_muldiv/mult_125/ctmTdsLR_5_20022/Y (sky130_fd_sc_hd__xnor2_1)
                                                   0.31     13.50 r
  u_core/u_core/u_muldiv/mult_125/ctmTdsLR_4_20021/Y (sky130_fd_sc_hd__xnor2_1)
                                                   0.31     13.82 r
  u_core/u_core/u_muldiv/mult_125/S2_3_5/SUM (sky130_fd_sc_hd__fah_1)
                                                   0.66     14.47 f
  u_core/u_core/u_muldiv/mult_125/ctmTdsLR_2_18426/Y (sky130_fd_sc_hd__o21ai_1)
                                                   0.31     14.78 r
  u_core/u_core/u_muldiv/mult_125/ctmTdsLR_1_18425/Y (sky130_fd_sc_hd__nand2_2)
                                                   0.18     14.96 f
  u_core/u_core/u_muldiv/mult_125/S2_5_4/COUT (sky130_fd_sc_hd__fah_1)
                                                   0.65     15.61 f
  u_core/u_core/u_muldiv/mult_125/S2_6_4/COUT (sky130_fd_sc_hd__fah_1)
                                                   0.69     16.30 f
  u_core/u_core/u_muldiv/mult_125/ctmTdsLR_10_19885/Y (sky130_fd_sc_hd__o21ai_1)
                                                   0.31     16.61 r
  u_core/u_core/u_muldiv/mult_125/ctmTdsLR_7_19882/Y (sky130_fd_sc_hd__o21ai_2)
                                                   0.21     16.82 f
  u_core/u_core/u_muldiv/mult_125/ctmTdsLR_6_19881/Y (sky130_fd_sc_hd__nor2_2)
                                                   0.20     17.02 r
  u_core/u_core/u_muldiv/mult_125/ctmTdsLR_5_19880/Y (sky130_fd_sc_hd__inv_1)
                                                   0.13     17.15 f
  u_core/u_core/u_muldiv/mult_125/ctmTdsLR_13_19888/Y (sky130_fd_sc_hd__nand2_1)
                                                   0.12     17.27 r
  u_core/u_core/u_muldiv/mult_125/ctmTdsLR_12_19887/Y (sky130_fd_sc_hd__xnor2_1)
                                                   0.17     17.44 f
  u_core/u_core/u_muldiv/mult_125/S2_9_3/COUT (sky130_fd_sc_hd__fah_1)
                                                   0.55     17.98 f
  u_core/u_core/u_muldiv/mult_125/S2_10_3/COUT (sky130_fd_sc_hd__fah_1)
                                                   0.65     18.64 f
  u_core/u_core/u_muldiv/mult_125/S2_11_3/COUT (sky130_fd_sc_hd__fah_1)
                                                   0.66     19.30 f
  u_core/u_core/u_muldiv/mult_125/S2_12_3/COUT (sky130_fd_sc_hd__fah_1)
                                                   0.69     19.98 f
  u_core/u_core/u_muldiv/mult_125/ctmTdsLR_4_19453/X (sky130_fd_sc_hd__xor2_1)
                                                   0.43     20.41 r
  u_core/u_core/u_muldiv/mult_125/ctmTdsLR_3_19452/X (sky130_fd_sc_hd__xor2_2)
                                                   0.39     20.80 r
  u_core/u_core/u_muldiv/mult_125/S2_14_2/SUM (sky130_fd_sc_hd__fah_1)
                                                   0.63     21.43 f
  u_core/u_core/u_muldiv/mult_125/S2_15_1/COUT (sky130_fd_sc_hd__fah_1)
                                                   0.54     21.97 f
  u_core/u_core/u_muldiv/mult_125/S2_16_1/COUT (sky130_fd_sc_hd__fah_1)
                                                   0.65     22.61 f
  u_core/u_core/u_muldiv/mult_125/S2_17_1/COUT (sky130_fd_sc_hd__fah_1)
                                                   0.69     23.30 f
  u_core/u_core/u_muldiv/mult_125/ctmTdsLR_6_18998/X (sky130_fd_sc_hd__xor2_1)
                                                   0.36     23.66 f
  u_core/u_core/u_muldiv/mult_125/ctmTdsLR_5_18997/X (sky130_fd_sc_hd__xor2_1)
                                                   0.40     24.05 f
  u_core/u_core/u_muldiv/mult_125/S1_19_0/COUT (sky130_fd_sc_hd__fah_1)
                                                   0.58     24.64 f
  u_core/u_core/u_muldiv/mult_125/S1_20_0/COUT (sky130_fd_sc_hd__fah_1)
                                                   0.64     25.28 f
  u_core/u_core/u_muldiv/mult_125/S1_21_0/COUT (sky130_fd_sc_hd__fah_1)
                                                   0.65     25.94 f
  u_core/u_core/u_muldiv/mult_125/S1_22_0/COUT (sky130_fd_sc_hd__fah_1)
                                                   0.67     26.61 f
  u_core/u_core/u_muldiv/mult_125/S1_23_0/COUT (sky130_fd_sc_hd__fah_1)
                                                   0.66     27.27 f
  u_core/u_core/u_muldiv/mult_125/S1_24_0/COUT (sky130_fd_sc_hd__fah_1)
                                                   0.68     27.94 f
  u_core/u_core/u_muldiv/mult_125/S1_25_0/COUT (sky130_fd_sc_hd__fah_1)
                                                   0.67     28.62 f
  u_core/u_core/u_muldiv/mult_125/S1_26_0/COUT (sky130_fd_sc_hd__fah_1)
                                                   0.66     29.27 f
  u_core/u_core/u_muldiv/mult_125/S1_27_0/COUT (sky130_fd_sc_hd__fah_1)
                                                   0.68     29.95 f
  u_core/u_core/u_muldiv/mult_125/ctmTdsLR_2_18641/Y (sky130_fd_sc_hd__o21ai_2)
                                                   0.24     30.19 r
  u_core/u_core/u_muldiv/mult_125/ctmTdsLR_1_18640/Y (sky130_fd_sc_hd__nand2_2)
                                                   0.18     30.37 f
  u_core/u_core/u_muldiv/mult_125/ctmTdsLR_1_12102/Y (sky130_fd_sc_hd__o21ai_2)
                                                   0.24     30.61 r
  u_core/u_core/u_muldiv/mult_125/ctmTdsLR_2_12103/Y (sky130_fd_sc_hd__nand2_2)
                                                   0.20     30.81 f
  u_core/u_core/u_muldiv/mult_125/U294/Y (sky130_fd_sc_hd__nand2_1)
                                                   0.16     30.97 r
  u_core/u_core/u_muldiv/mult_125/U131/Y (sky130_fd_sc_hd__nand3_2)
                                                   0.20     31.17 f
  u_core/u_core/u_muldiv/mult_125/ctmTdsLR_8_21804/Y (sky130_fd_sc_hd__o21ai_2)
                                                   0.26     31.44 r
  u_core/u_core/u_muldiv/mult_125/ctmTdsLR_7_21803/Y (sky130_fd_sc_hd__nand2_2)
                                                   0.21     31.64 f
  u_core/u_core/u_muldiv/mult_125/ctmTdsLR_6_21802/Y (sky130_fd_sc_hd__nor2_2)
                                                   0.17     31.82 r
  u_core/u_core/u_muldiv/mult_125/ctmTdsLR_4_21800/Y (sky130_fd_sc_hd__o2bb2ai_1)
                                                   0.25     32.07 f
  u_core/u_core/u_muldiv/mult_125/S1_33_0/COUT (sky130_fd_sc_hd__fah_1)
                                                   0.74     32.81 f
  u_core/u_core/u_muldiv/mult_125/ctmTdsLR_7_20548/Y (sky130_fd_sc_hd__o21ai_1)
                                                   0.30     33.11 r
  u_core/u_core/u_muldiv/mult_125/ctmTdsLR_6_20547/Y (sky130_fd_sc_hd__nand2_2)
                                                   0.22     33.33 f
  u_core/u_core/u_muldiv/mult_125/ctmTdsLR_5_20546/Y (sky130_fd_sc_hd__nor2_1)
                                                   0.18     33.51 r
  u_core/u_core/u_muldiv/mult_125/ctmTdsLR_3_20544/Y (sky130_fd_sc_hd__o2bb2ai_1)
                                                   0.21     33.73 f
  u_core/u_core/u_muldiv/mult_125/ctmTdsLR_6_21404/X (sky130_fd_sc_hd__maj3_1)
                                                   0.88     34.61 f
  u_core/u_core/u_muldiv/mult_125/ctmTdsLR_5_21403/Y (sky130_fd_sc_hd__nor2_1)
                                                   0.23     34.84 r
  u_core/u_core/u_muldiv/mult_125/ctmTdsLR_3_21401/Y (sky130_fd_sc_hd__o2bb2ai_1)
                                                   0.26     35.10 f
  u_core/u_core/u_muldiv/mult_125/ctmTdsLR_7_19299/Y (sky130_fd_sc_hd__o21ai_1)
                                                   0.30     35.39 r
  u_core/u_core/u_muldiv/mult_125/ctmTdsLR_6_19298/Y (sky130_fd_sc_hd__nand2_2)
                                                   0.22     35.61 f
  u_core/u_core/u_muldiv/mult_125/ctmTdsLR_5_19297/Y (sky130_fd_sc_hd__nor2_1)
                                                   0.18     35.79 r
  u_core/u_core/u_muldiv/mult_125/ctmTdsLR_3_19295/Y (sky130_fd_sc_hd__o2bb2ai_1)
                                                   0.24     36.04 f
  u_core/u_core/u_muldiv/mult_125/S1_40_0/COUT (sky130_fd_sc_hd__fah_1)
                                                   0.72     36.76 f
  u_core/u_core/u_muldiv/mult_125/U820/Y (sky130_fd_sc_hd__nand2_1)
                                                   0.24     37.00 r
  u_core/u_core/u_muldiv/mult_125/U229/Y (sky130_fd_sc_hd__nand3_4)
                                                   0.23     37.23 f
  u_core/u_core/u_muldiv/mult_125/U826/Y (sky130_fd_sc_hd__nand2_1)
                                                   0.17     37.40 r
  u_core/u_core/u_muldiv/mult_125/U216/Y (sky130_fd_sc_hd__nand3_2)
                                                   0.21     37.61 f
  u_core/u_core/u_muldiv/mult_125/S1_43_0/COUT (sky130_fd_sc_hd__fah_1)
                                                   0.66     38.27 f
  u_core/u_core/u_muldiv/mult_125/S1_44_0/COUT (sky130_fd_sc_hd__fah_1)
                                                   0.66     38.93 f
  u_core/u_core/u_muldiv/mult_125/S1_45_0/COUT (sky130_fd_sc_hd__fah_1)
                                                   0.65     39.58 f
  u_core/u_core/u_muldiv/mult_125/S1_46_0/COUT (sky130_fd_sc_hd__fa_2)
                                                   0.78     40.37 f
  u_core/u_core/u_muldiv/mult_125/S1_47_0/COUT (sky130_fd_sc_hd__fah_1)
                                                   0.66     41.02 f
  u_core/u_core/u_muldiv/mult_125/S1_48_0/COUT (sky130_fd_sc_hd__fah_1)
                                                   0.70     41.73 f
  u_core/u_core/u_muldiv/mult_125/ctmTdsLR_6_20586/Y (sky130_fd_sc_hd__nor2_2)
                                                   0.22     41.95 r
  u_core/u_core/u_muldiv/mult_125/ctmTdsLR_4_20584/Y (sky130_fd_sc_hd__o21ai_2)
                                                   0.17     42.12 f
  u_core/u_core/u_muldiv/mult_125/ctmTdsLR_3_20583/X (sky130_fd_sc_hd__maj3_1)
                                                   0.87     42.99 f
  u_core/u_core/u_muldiv/mult_125/ctmTdsLR_3_20965/Y (sky130_fd_sc_hd__nor2_1)
                                                   0.22     43.21 r
  u_core/u_core/u_muldiv/mult_125/ctmTdsLR_1_20963/Y (sky130_fd_sc_hd__o2bb2ai_1)
                                                   0.33     43.54 f
  u_core/u_core/u_muldiv/mult_125/ctmTdsLR_3_21815/Y (sky130_fd_sc_hd__nor2_2)
                                                   0.27     43.81 r
  u_core/u_core/u_muldiv/mult_125/ctmTdsLR_1_21813/Y (sky130_fd_sc_hd__o2bb2ai_2)
                                                   0.21     44.02 f
  u_core/u_core/u_muldiv/mult_125/U814/Y (sky130_fd_sc_hd__nand2_1)
                                                   0.15     44.17 r
  u_core/u_core/u_muldiv/mult_125/U235/Y (sky130_fd_sc_hd__nand3_2)
                                                   0.25     44.43 f
  u_core/u_core/u_muldiv/mult_125/U818/Y (sky130_fd_sc_hd__nand2_1)
                                                   0.20     44.63 r
  u_core/u_core/u_muldiv/mult_125/U230/Y (sky130_fd_sc_hd__nand3_2)
                                                   0.27     44.89 f
  u_core/u_core/u_muldiv/mult_125/U656/Y (sky130_fd_sc_hd__nand2_1)
                                                   0.18     45.08 r
  u_core/u_core/u_muldiv/mult_125/U231/Y (sky130_fd_sc_hd__nand3_2)
                                                   0.26     45.33 f
  u_core/u_core/u_muldiv/mult_125/ctmTdsLR_1_11826/Y (sky130_fd_sc_hd__o21ai_1)
                                                   0.30     45.64 r
  u_core/u_core/u_muldiv/mult_125/ctmTdsLR_2_11827/Y (sky130_fd_sc_hd__nand2_2)
                                                   0.20     45.83 f
  u_core/u_core/u_muldiv/mult_125/ctmTdsLR_8_5233/X (sky130_fd_sc_hd__o21a_1)
                                                   0.35     46.19 f
  u_core/u_core/u_muldiv/mult_125/ctmTdsLR_9_5234/Y (sky130_fd_sc_hd__nor2_2)
                                                   0.21     46.39 r
  u_core/u_core/u_muldiv/mult_125/ctmTdsLR_1_11212/X (sky130_fd_sc_hd__or2b_2)
                                                   0.25     46.64 r
  u_core/u_core/u_muldiv/mult_125/ctmTdsLR_16_5241/Y (sky130_fd_sc_hd__nand2_1)
                                                   0.14     46.78 f
  u_core/u_core/u_muldiv/mult_125/ctmTdsLR_17_5242/Y (sky130_fd_sc_hd__xnor2_1)
                                                   0.24     47.02 f
  u_core/u_core/u_muldiv/U24/X (sky130_fd_sc_hd__a22o_2)
                                                   0.55     47.57 f
  u_core/u_core/u_muldiv/mult_result_q_reg[26]/D (sky130_fd_sc_hd__dfrtp_1)
                                                   0.00     47.57 f
  data arrival time                                         47.57

  clock clk (rise edge)                           45.00     45.00
  clock network delay (propagated)                 3.63     48.63
  u_core/u_core/u_muldiv/mult_result_q_reg[26]/CLK (sky130_fd_sc_hd__dfrtp_1)
                                                   0.00     48.63 r
  clock uncertainty                               -0.90     47.73
  library setup time                               0.05     47.77
  data required time                                        47.77
  ------------------------------------------------------------------------
  data required time                                        47.77
  data arrival time                                        -47.57
  ------------------------------------------------------------------------
  slack (MET)                                                0.20



  Startpoint: u_soc/u_retime/u_read_resp/rd_ptr_q_reg[0] (rising edge-triggered flip-flop clocked by clk)
  Endpoint: u_core/u_core/u_fetch/branch_pc_q_reg[0] (rising edge-triggered flip-flop clocked by clk)
  Mode: func
  Corner: ss_100C_1v60
  Scenario: func@ss_100C_1v60.setup
  Path Group: REG2REG
  Path Type: max

  Point                                            Incr      Path  
  ------------------------------------------------------------------------
  clock clk (rise edge)                            0.00      0.00
  clock network delay (propagated)                 3.30      3.30

  u_soc/u_retime/u_read_resp/rd_ptr_q_reg[0]/CLK (sky130_fd_sc_hd__dfrtp_1)
                                                   0.00      3.30 r
  u_soc/u_retime/u_read_resp/rd_ptr_q_reg[0]/Q (sky130_fd_sc_hd__dfrtp_1)
                                                   1.11      4.41 f
  u_soc/u_retime/u_read_resp/gre_BUF_4_inst_27247/X (sky130_fd_sc_hd__buf_4)
                                                   0.32      4.73 f
  u_soc/u_retime/u_read_resp/ctmTdsLR_1_8476/Y (sky130_fd_sc_hd__inv_12)
                                                   0.36      5.09 r
  u_soc/u_retime/u_read_resp/U122/Y (sky130_fd_sc_hd__o22ai_1)
                                                   0.39      5.48 f
  u_soc/u_axi_tap/HFSBUF_21_847/X (sky130_fd_sc_hd__buf_4)
                                                   0.53      6.01 f
  u_soc/u_axi_tap/U149/Y (sky130_fd_sc_hd__a222oi_1)
                                                   0.49      6.51 r
  u_soc/u_axi_tap/HFSBUF_2_685/X (sky130_fd_sc_hd__clkbuf_2)
                                                   0.42      6.93 r
  u_soc/u_axi_tap/U78/Y (sky130_fd_sc_hd__nand2_8)
                                                   0.54      7.47 f
  u_core/u_core/u_lsu/HFSINV_63_3026/Y (sky130_fd_sc_hd__inv_2)
                                                   0.63      8.09 r
  u_core/u_core/u_lsu/ctmTdsLR_1_18406/X (sky130_fd_sc_hd__o22a_2)
                                                   0.44      8.53 r
  u_core/u_core/u_lsu/ctmTdsLR_3_8590/Y (sky130_fd_sc_hd__nand3_4)
                                                   0.35      8.88 f
  u_core/u_core/u_decode/HFSINV_360_3434/Y (sky130_fd_sc_hd__bufinv_8)
                                                   0.60      9.48 r
  u_core/u_core/u_decode/U58/X (sky130_fd_sc_hd__o221a_2)
                                                   0.80     10.27 r
  u_core/u_core/HFSINV_266_3829/Y (sky130_fd_sc_hd__clkinv_4)
                                                   0.44     10.71 f
  u_core/u_core/u_exec/add_324/U1_1/COUT (sky130_fd_sc_hd__fa_1)
                                                   1.15     11.86 f
  u_core/u_core/u_exec/add_324/U1_2/COUT (sky130_fd_sc_hd__fa_1)
                                                   0.89     12.75 f
  u_core/u_core/u_exec/add_324/U1_3/COUT (sky130_fd_sc_hd__fa_1)
                                                   0.93     13.68 f
  u_core/u_core/u_exec/add_324/U1_4/COUT (sky130_fd_sc_hd__fa_1)
                                                   0.89     14.57 f
  u_core/u_core/u_exec/add_324/U1_5/COUT (sky130_fd_sc_hd__fa_1)
                                                   0.90     15.47 f
  u_core/u_core/u_exec/add_324/U1_6/COUT (sky130_fd_sc_hd__fa_1)
                                                   0.89     16.37 f
  u_core/u_core/u_exec/add_324/U1_7/COUT (sky130_fd_sc_hd__fa_1)
                                                   0.91     17.28 f
  u_core/u_core/u_exec/add_324/U1_8/COUT (sky130_fd_sc_hd__fa_1)
                                                   0.93     18.21 f
  u_core/u_core/u_exec/add_324/U1_9/COUT (sky130_fd_sc_hd__fa_1)
                                                   0.92     19.13 f
  u_core/u_core/u_exec/add_324/U1_10/COUT (sky130_fd_sc_hd__fa_1)
                                                   0.92     20.05 f
  u_core/u_core/u_exec/add_324/U1_11/COUT (sky130_fd_sc_hd__fa_1)
                                                   0.90     20.96 f
  u_core/u_core/u_exec/add_324/U1_12/COUT (sky130_fd_sc_hd__fa_1)
                                                   0.91     21.86 f
  u_core/u_core/u_exec/add_324/U1_13/COUT (sky130_fd_sc_hd__fa_1)
                                                   0.91     22.77 f
  u_core/u_core/u_exec/add_324/U1_14/COUT (sky130_fd_sc_hd__fa_1)
                                                   0.89     23.66 f
  u_core/u_core/u_exec/add_324/U1_15/COUT (sky130_fd_sc_hd__fa_1)
                                                   0.90     24.56 f
  u_core/u_core/u_exec/add_324/U1_16/COUT (sky130_fd_sc_hd__fa_1)
                                                   0.91     25.47 f
  u_core/u_core/u_exec/add_324/U1_17/COUT (sky130_fd_sc_hd__fa_1)
                                                   0.91     26.38 f
  u_core/u_core/u_exec/add_324/U1_18/COUT (sky130_fd_sc_hd__fa_1)
                                                   0.88     27.26 f
  u_core/u_core/u_exec/add_324/U1_19/COUT (sky130_fd_sc_hd__fa_1)
                                                   0.91     28.17 f
  u_core/u_core/u_exec/add_324/U1_20/COUT (sky130_fd_sc_hd__fa_1)
                                                   0.91     29.08 f
  u_core/u_core/u_exec/add_324/U1_21/COUT (sky130_fd_sc_hd__fa_1)
                                                   0.91     30.00 f
  u_core/u_core/u_exec/add_324/U1_22/COUT (sky130_fd_sc_hd__fa_1)
                                                   0.91     30.91 f
  u_core/u_core/u_exec/add_324/U1_23/COUT (sky130_fd_sc_hd__fa_1)
                                                   0.92     31.83 f
  u_core/u_core/u_exec/add_324/U1_24/COUT (sky130_fd_sc_hd__fa_1)
                                                   0.90     32.74 f
  u_core/u_core/u_exec/add_324/U1_25/COUT (sky130_fd_sc_hd__fa_1)
                                                   0.91     33.65 f
  u_core/u_core/u_exec/add_324/U1_26/COUT (sky130_fd_sc_hd__fa_1)
                                                   0.91     34.56 f
  u_core/u_core/u_exec/add_324/U1_27/COUT (sky130_fd_sc_hd__fa_1)
                                                   0.92     35.48 f
  u_core/u_core/u_exec/add_324/U1_28/COUT (sky130_fd_sc_hd__fa_1)
                                                   0.94     36.42 f
  u_core/u_core/u_exec/add_324/U1_29/COUT (sky130_fd_sc_hd__fa_1)
                                                   0.90     37.32 f
  u_core/u_core/u_exec/add_324/U1_30/SUM (sky130_fd_sc_hd__fa_1)
                                                   1.01     38.33 f
  u_core/u_core/u_exec/U169/Y (sky130_fd_sc_hd__a222oi_1)
                                                   0.41     38.74 r
  u_core/u_core/u_exec/U130/Y (sky130_fd_sc_hd__inv_1)
                                                   0.36     39.10 f
  u_core/u_core/u_decode/U669/X (sky130_fd_sc_hd__a22o_2)
                                                   0.64     39.74 f
  u_core/u_core/u_fetch/U358/Y (sky130_fd_sc_hd__inv_2)
                                                   0.27     40.01 r
  u_core/u_core/u_fetch/U284/Y (sky130_fd_sc_hd__o221ai_1)
                                                   0.66     40.67 f
  u_core/u_core/u_mmu/U395/Y (sky130_fd_sc_hd__xnor2_1)
                                                   0.52     41.19 r
  u_core/u_core/u_mmu/U394/Y (sky130_fd_sc_hd__nand4_1)
                                                   0.26     41.44 f
  u_core/u_core/u_mmu/U402/Y (sky130_fd_sc_hd__nor4_1)
                                                   0.46     41.91 r
  u_core/u_core/u_mmu/U274/Y (sky130_fd_sc_hd__nand3_1)
                                                   0.36     42.26 f
  u_core/u_core/u_mmu/U473/Y (sky130_fd_sc_hd__inv_1)
                                                   0.29     42.55 r
  u_core/u_core/u_mmu/U275/Y (sky130_fd_sc_hd__o211ai_1)
                                                   0.32     42.87 f
  u_core/u_core/u_mmu/U500/Y (sky130_fd_sc_hd__nand2_1)
                                                   0.24     43.12 r
  u_core/u_core/u_fetch/U375/Y (sky130_fd_sc_hd__nand3_2)
                                                   0.30     43.41 f
  u_core/u_core/u_fetch/HFSINV_202_3922/Y (sky130_fd_sc_hd__clkinv_4)
                                                   0.48     43.89 r
  u_core/u_core/u_fetch/U258/Y (sky130_fd_sc_hd__nand2_4)
                                                   0.77     44.66 f
  u_core/u_core/u_fetch/U368/Y (sky130_fd_sc_hd__nand2_2)
                                                   1.35     46.01 r
  u_core/u_core/u_fetch/U261/Y (sky130_fd_sc_hd__o22ai_1)
                                                   0.66     46.66 f
  u_core/u_core/u_fetch/branch_pc_q_reg[0]/D (sky130_fd_sc_hd__dfrtp_1)
                                                   0.00     46.67 f
  data arrival time                                         46.67

  clock clk (rise edge)                           45.00     45.00
  clock network delay (propagated)                 2.86     47.86
  u_core/u_core/u_fetch/branch_pc_q_reg[0]/CLK (sky130_fd_sc_hd__dfrtp_1)
                                                   0.00     47.86 r
  clock uncertainty                               -0.90     46.96
  library setup time                              -0.08     46.88
  data required time                                        46.88
  ------------------------------------------------------------------------
  data required time                                        46.88
  data arrival time                                        -46.67
  ------------------------------------------------------------------------
  slack (MET)                                                0.21



  Startpoint: u_soc/u_retime/u_read_resp/rd_ptr_q_reg[0] (rising edge-triggered flip-flop clocked by clk)
  Endpoint: u_core/u_core/u_mmu/pte_addr_q_reg[18] (rising edge-triggered flip-flop clocked by clk)
  Mode: func
  Corner: ss_100C_1v60
  Scenario: func@ss_100C_1v60.setup
  Path Group: REG2REG
  Path Type: max

  Point                                            Incr      Path  
  ------------------------------------------------------------------------
  clock clk (rise edge)                            0.00      0.00
  clock network delay (propagated)                 3.30      3.30

  u_soc/u_retime/u_read_resp/rd_ptr_q_reg[0]/CLK (sky130_fd_sc_hd__dfrtp_1)
                                                   0.00      3.30 r
  u_soc/u_retime/u_read_resp/rd_ptr_q_reg[0]/Q (sky130_fd_sc_hd__dfrtp_1)
                                                   1.11      4.41 f
  u_soc/u_retime/u_read_resp/gre_BUF_4_inst_27247/X (sky130_fd_sc_hd__buf_4)
                                                   0.32      4.73 f
  u_soc/u_retime/u_read_resp/ctmTdsLR_1_8476/Y (sky130_fd_sc_hd__inv_12)
                                                   0.36      5.09 r
  u_soc/u_retime/u_read_resp/U122/Y (sky130_fd_sc_hd__o22ai_1)
                                                   0.39      5.48 f
  u_soc/u_axi_tap/HFSBUF_21_847/X (sky130_fd_sc_hd__buf_4)
                                                   0.53      6.01 f
  u_soc/u_axi_tap/U149/Y (sky130_fd_sc_hd__a222oi_1)
                                                   0.49      6.51 r
  u_soc/u_axi_tap/HFSBUF_2_685/X (sky130_fd_sc_hd__clkbuf_2)
                                                   0.42      6.93 r
  u_soc/u_axi_tap/U78/Y (sky130_fd_sc_hd__nand2_8)
                                                   0.54      7.47 f
  u_core/u_core/u_lsu/HFSINV_63_3026/Y (sky130_fd_sc_hd__inv_2)
                                                   0.63      8.09 r
  u_core/u_core/u_lsu/ctmTdsLR_1_18406/X (sky130_fd_sc_hd__o22a_2)
                                                   0.44      8.53 r
  u_core/u_core/u_lsu/ctmTdsLR_3_8590/Y (sky130_fd_sc_hd__nand3_4)
                                                   0.35      8.88 f
  u_core/u_core/u_decode/HFSINV_360_3434/Y (sky130_fd_sc_hd__bufinv_8)
                                                   0.60      9.48 r
  u_core/u_core/u_decode/U58/X (sky130_fd_sc_hd__o221a_2)
                                                   0.80     10.27 r
  u_core/u_core/HFSINV_266_3829/Y (sky130_fd_sc_hd__clkinv_4)
                                                   0.44     10.71 f
  u_core/u_core/u_exec/add_324/U1_1/COUT (sky130_fd_sc_hd__fa_1)
                                                   1.15     11.86 f
  u_core/u_core/u_exec/add_324/U1_2/COUT (sky130_fd_sc_hd__fa_1)
                                                   0.89     12.75 f
  u_core/u_core/u_exec/add_324/U1_3/COUT (sky130_fd_sc_hd__fa_1)
                                                   0.93     13.68 f
  u_core/u_core/u_exec/add_324/U1_4/COUT (sky130_fd_sc_hd__fa_1)
                                                   0.89     14.57 f
  u_core/u_core/u_exec/add_324/U1_5/COUT (sky130_fd_sc_hd__fa_1)
                                                   0.90     15.47 f
  u_core/u_core/u_exec/add_324/U1_6/COUT (sky130_fd_sc_hd__fa_1)
                                                   0.89     16.37 f
  u_core/u_core/u_exec/add_324/U1_7/COUT (sky130_fd_sc_hd__fa_1)
                                                   0.91     17.28 f
  u_core/u_core/u_exec/add_324/U1_8/COUT (sky130_fd_sc_hd__fa_1)
                                                   0.93     18.21 f
  u_core/u_core/u_exec/add_324/U1_9/COUT (sky130_fd_sc_hd__fa_1)
                                                   0.92     19.13 f
  u_core/u_core/u_exec/add_324/U1_10/COUT (sky130_fd_sc_hd__fa_1)
                                                   0.92     20.05 f
  u_core/u_core/u_exec/add_324/U1_11/COUT (sky130_fd_sc_hd__fa_1)
                                                   0.90     20.96 f
  u_core/u_core/u_exec/add_324/U1_12/COUT (sky130_fd_sc_hd__fa_1)
                                                   0.91     21.86 f
  u_core/u_core/u_exec/add_324/U1_13/COUT (sky130_fd_sc_hd__fa_1)
                                                   0.91     22.77 f
  u_core/u_core/u_exec/add_324/U1_14/COUT (sky130_fd_sc_hd__fa_1)
                                                   0.89     23.66 f
  u_core/u_core/u_exec/add_324/U1_15/COUT (sky130_fd_sc_hd__fa_1)
                                                   0.90     24.56 f
  u_core/u_core/u_exec/add_324/U1_16/COUT (sky130_fd_sc_hd__fa_1)
                                                   0.91     25.47 f
  u_core/u_core/u_exec/add_324/U1_17/COUT (sky130_fd_sc_hd__fa_1)
                                                   0.91     26.38 f
  u_core/u_core/u_exec/add_324/U1_18/COUT (sky130_fd_sc_hd__fa_1)
                                                   0.88     27.26 f
  u_core/u_core/u_exec/add_324/U1_19/COUT (sky130_fd_sc_hd__fa_1)
                                                   0.91     28.17 f
  u_core/u_core/u_exec/add_324/U1_20/COUT (sky130_fd_sc_hd__fa_1)
                                                   0.91     29.08 f
  u_core/u_core/u_exec/add_324/U1_21/COUT (sky130_fd_sc_hd__fa_1)
                                                   0.91     30.00 f
  u_core/u_core/u_exec/add_324/U1_22/COUT (sky130_fd_sc_hd__fa_1)
                                                   0.91     30.91 f
  u_core/u_core/u_exec/add_324/U1_23/COUT (sky130_fd_sc_hd__fa_1)
                                                   0.92     31.83 f
  u_core/u_core/u_exec/add_324/U1_24/COUT (sky130_fd_sc_hd__fa_1)
                                                   0.90     32.74 f
  u_core/u_core/u_exec/add_324/U1_25/COUT (sky130_fd_sc_hd__fa_1)
                                                   0.91     33.65 f
  u_core/u_core/u_exec/add_324/U1_26/COUT (sky130_fd_sc_hd__fa_1)
                                                   0.91     34.56 f
  u_core/u_core/u_exec/add_324/U1_27/COUT (sky130_fd_sc_hd__fa_1)
                                                   0.92     35.48 f
  u_core/u_core/u_exec/add_324/U1_28/COUT (sky130_fd_sc_hd__fa_1)
                                                   0.94     36.42 f
  u_core/u_core/u_exec/add_324/U1_29/COUT (sky130_fd_sc_hd__fa_1)
                                                   0.90     37.32 f
  u_core/u_core/u_exec/add_324/U1_30/SUM (sky130_fd_sc_hd__fa_1)
                                                   1.01     38.33 f
  u_core/u_core/u_exec/U169/Y (sky130_fd_sc_hd__a222oi_1)
                                                   0.41     38.74 r
  u_core/u_core/u_exec/U130/Y (sky130_fd_sc_hd__inv_1)
                                                   0.36     39.10 f
  u_core/u_core/u_decode/U669/X (sky130_fd_sc_hd__a22o_2)
                                                   0.64     39.74 f
  u_core/u_core/u_fetch/U358/Y (sky130_fd_sc_hd__inv_2)
                                                   0.27     40.01 r
  u_core/u_core/u_fetch/U284/Y (sky130_fd_sc_hd__o221ai_1)
                                                   0.66     40.67 f
  u_core/u_core/u_mmu/U395/Y (sky130_fd_sc_hd__xnor2_1)
                                                   0.50     41.16 f
  u_core/u_core/u_mmu/U394/Y (sky130_fd_sc_hd__nand4_1)
                                                   0.18     41.34 r
  u_core/u_core/u_mmu/U402/Y (sky130_fd_sc_hd__nor4_1)
                                                   0.11     41.45 f
  u_core/u_core/u_mmu/U274/Y (sky130_fd_sc_hd__nand3_1)
                                                   0.19     41.65 r
  u_core/u_core/u_mmu/U473/Y (sky130_fd_sc_hd__inv_1)
                                                   0.23     41.88 f
  u_core/u_core/u_mmu/U26/Y (sky130_fd_sc_hd__o21ai_0)
                                                   0.74     42.61 r
  u_core/u_core/u_mmu/U28/Y (sky130_fd_sc_hd__nand3_2)
                                                   0.77     43.38 f
  u_core/u_core/u_mmu/HFSINV_2973_3885/Y (sky130_fd_sc_hd__inv_4)
                                                   0.86     44.24 r
  u_core/u_core/u_mmu/U30/X (sky130_fd_sc_hd__a21o_1)
                                                   0.43     44.68 r
  u_core/u_core/u_mmu/U12/Y (sky130_fd_sc_hd__inv_4)
                                                   0.35     45.03 f
  u_core/u_core/u_mmu/U82/Y (sky130_fd_sc_hd__nor2_8)
                                                   1.00     46.03 r
  u_core/u_core/u_mmu/U43/Y (sky130_fd_sc_hd__a222oi_1)
                                                   0.48     46.52 f
  u_core/u_core/u_mmu/U454/Y (sky130_fd_sc_hd__inv_1)
                                                   0.23     46.74 r
  u_core/u_core/u_mmu/pte_addr_q_reg[18]/D (sky130_fd_sc_hd__dfrtp_1)
                                                   0.00     46.74 r
  data arrival time                                         46.74

  clock clk (rise edge)                           45.00     45.00
  clock network delay (propagated)                 2.80     47.80
  u_core/u_core/u_mmu/pte_addr_q_reg[18]/CLK (sky130_fd_sc_hd__dfrtp_1)
                                                   0.00     47.80 r
  clock uncertainty                               -0.90     46.90
  library setup time                               0.06     46.96
  data required time                                        46.96
  ------------------------------------------------------------------------
  data required time                                        46.96
  data arrival time                                        -46.74
  ------------------------------------------------------------------------
  slack (MET)                                                0.21



  Startpoint: u_soc/u_retime/u_read_resp/rd_ptr_q_reg[0] (rising edge-triggered flip-flop clocked by clk)
  Endpoint: u_core/u_core/u_mmu/pte_addr_q_reg[19] (rising edge-triggered flip-flop clocked by clk)
  Mode: func
  Corner: ss_100C_1v60
  Scenario: func@ss_100C_1v60.setup
  Path Group: REG2REG
  Path Type: max

  Point                                            Incr      Path  
  ------------------------------------------------------------------------
  clock clk (rise edge)                            0.00      0.00
  clock network delay (propagated)                 3.30      3.30

  u_soc/u_retime/u_read_resp/rd_ptr_q_reg[0]/CLK (sky130_fd_sc_hd__dfrtp_1)
                                                   0.00      3.30 r
  u_soc/u_retime/u_read_resp/rd_ptr_q_reg[0]/Q (sky130_fd_sc_hd__dfrtp_1)
                                                   1.11      4.41 f
  u_soc/u_retime/u_read_resp/gre_BUF_4_inst_27247/X (sky130_fd_sc_hd__buf_4)
                                                   0.32      4.73 f
  u_soc/u_retime/u_read_resp/ctmTdsLR_1_8476/Y (sky130_fd_sc_hd__inv_12)
                                                   0.36      5.09 r
  u_soc/u_retime/u_read_resp/U122/Y (sky130_fd_sc_hd__o22ai_1)
                                                   0.39      5.48 f
  u_soc/u_axi_tap/HFSBUF_21_847/X (sky130_fd_sc_hd__buf_4)
                                                   0.53      6.01 f
  u_soc/u_axi_tap/U149/Y (sky130_fd_sc_hd__a222oi_1)
                                                   0.49      6.51 r
  u_soc/u_axi_tap/HFSBUF_2_685/X (sky130_fd_sc_hd__clkbuf_2)
                                                   0.42      6.93 r
  u_soc/u_axi_tap/U78/Y (sky130_fd_sc_hd__nand2_8)
                                                   0.54      7.47 f
  u_core/u_core/u_lsu/HFSINV_63_3026/Y (sky130_fd_sc_hd__inv_2)
                                                   0.63      8.09 r
  u_core/u_core/u_lsu/ctmTdsLR_1_18406/X (sky130_fd_sc_hd__o22a_2)
                                                   0.44      8.53 r
  u_core/u_core/u_lsu/ctmTdsLR_3_8590/Y (sky130_fd_sc_hd__nand3_4)
                                                   0.35      8.88 f
  u_core/u_core/u_decode/HFSINV_360_3434/Y (sky130_fd_sc_hd__bufinv_8)
                                                   0.60      9.48 r
  u_core/u_core/u_decode/U58/X (sky130_fd_sc_hd__o221a_2)
                                                   0.80     10.27 r
  u_core/u_core/HFSINV_266_3829/Y (sky130_fd_sc_hd__clkinv_4)
                                                   0.44     10.71 f
  u_core/u_core/u_exec/add_324/U1_1/COUT (sky130_fd_sc_hd__fa_1)
                                                   1.15     11.86 f
  u_core/u_core/u_exec/add_324/U1_2/COUT (sky130_fd_sc_hd__fa_1)
                                                   0.89     12.75 f
  u_core/u_core/u_exec/add_324/U1_3/COUT (sky130_fd_sc_hd__fa_1)
                                                   0.93     13.68 f
  u_core/u_core/u_exec/add_324/U1_4/COUT (sky130_fd_sc_hd__fa_1)
                                                   0.89     14.57 f
  u_core/u_core/u_exec/add_324/U1_5/COUT (sky130_fd_sc_hd__fa_1)
                                                   0.90     15.47 f
  u_core/u_core/u_exec/add_324/U1_6/COUT (sky130_fd_sc_hd__fa_1)
                                                   0.89     16.37 f
  u_core/u_core/u_exec/add_324/U1_7/COUT (sky130_fd_sc_hd__fa_1)
                                                   0.91     17.28 f
  u_core/u_core/u_exec/add_324/U1_8/COUT (sky130_fd_sc_hd__fa_1)
                                                   0.93     18.21 f
  u_core/u_core/u_exec/add_324/U1_9/COUT (sky130_fd_sc_hd__fa_1)
                                                   0.92     19.13 f
  u_core/u_core/u_exec/add_324/U1_10/COUT (sky130_fd_sc_hd__fa_1)
                                                   0.92     20.05 f
  u_core/u_core/u_exec/add_324/U1_11/COUT (sky130_fd_sc_hd__fa_1)
                                                   0.90     20.96 f
  u_core/u_core/u_exec/add_324/U1_12/COUT (sky130_fd_sc_hd__fa_1)
                                                   0.91     21.86 f
  u_core/u_core/u_exec/add_324/U1_13/COUT (sky130_fd_sc_hd__fa_1)
                                                   0.91     22.77 f
  u_core/u_core/u_exec/add_324/U1_14/COUT (sky130_fd_sc_hd__fa_1)
                                                   0.89     23.66 f
  u_core/u_core/u_exec/add_324/U1_15/COUT (sky130_fd_sc_hd__fa_1)
                                                   0.90     24.56 f
  u_core/u_core/u_exec/add_324/U1_16/COUT (sky130_fd_sc_hd__fa_1)
                                                   0.91     25.47 f
  u_core/u_core/u_exec/add_324/U1_17/COUT (sky130_fd_sc_hd__fa_1)
                                                   0.91     26.38 f
  u_core/u_core/u_exec/add_324/U1_18/COUT (sky130_fd_sc_hd__fa_1)
                                                   0.88     27.26 f
  u_core/u_core/u_exec/add_324/U1_19/COUT (sky130_fd_sc_hd__fa_1)
                                                   0.91     28.17 f
  u_core/u_core/u_exec/add_324/U1_20/COUT (sky130_fd_sc_hd__fa_1)
                                                   0.91     29.08 f
  u_core/u_core/u_exec/add_324/U1_21/COUT (sky130_fd_sc_hd__fa_1)
                                                   0.91     30.00 f
  u_core/u_core/u_exec/add_324/U1_22/COUT (sky130_fd_sc_hd__fa_1)
                                                   0.91     30.91 f
  u_core/u_core/u_exec/add_324/U1_23/COUT (sky130_fd_sc_hd__fa_1)
                                                   0.92     31.83 f
  u_core/u_core/u_exec/add_324/U1_24/COUT (sky130_fd_sc_hd__fa_1)
                                                   0.90     32.74 f
  u_core/u_core/u_exec/add_324/U1_25/COUT (sky130_fd_sc_hd__fa_1)
                                                   0.91     33.65 f
  u_core/u_core/u_exec/add_324/U1_26/COUT (sky130_fd_sc_hd__fa_1)
                                                   0.91     34.56 f
  u_core/u_core/u_exec/add_324/U1_27/COUT (sky130_fd_sc_hd__fa_1)
                                                   0.92     35.48 f
  u_core/u_core/u_exec/add_324/U1_28/COUT (sky130_fd_sc_hd__fa_1)
                                                   0.94     36.42 f
  u_core/u_core/u_exec/add_324/U1_29/COUT (sky130_fd_sc_hd__fa_1)
                                                   0.90     37.32 f
  u_core/u_core/u_exec/add_324/U1_30/SUM (sky130_fd_sc_hd__fa_1)
                                                   1.01     38.33 f
  u_core/u_core/u_exec/U169/Y (sky130_fd_sc_hd__a222oi_1)
                                                   0.41     38.74 r
  u_core/u_core/u_exec/U130/Y (sky130_fd_sc_hd__inv_1)
                                                   0.36     39.10 f
  u_core/u_core/u_decode/U669/X (sky130_fd_sc_hd__a22o_2)
                                                   0.64     39.74 f
  u_core/u_core/u_fetch/U358/Y (sky130_fd_sc_hd__inv_2)
                                                   0.27     40.01 r
  u_core/u_core/u_fetch/U284/Y (sky130_fd_sc_hd__o221ai_1)
                                                   0.66     40.67 f
  u_core/u_core/u_mmu/U395/Y (sky130_fd_sc_hd__xnor2_1)
                                                   0.50     41.16 f
  u_core/u_core/u_mmu/U394/Y (sky130_fd_sc_hd__nand4_1)
                                                   0.18     41.34 r
  u_core/u_core/u_mmu/U402/Y (sky130_fd_sc_hd__nor4_1)
                                                   0.11     41.45 f
  u_core/u_core/u_mmu/U274/Y (sky130_fd_sc_hd__nand3_1)
                                                   0.19     41.65 r
  u_core/u_core/u_mmu/U473/Y (sky130_fd_sc_hd__inv_1)
                                                   0.23     41.88 f
  u_core/u_core/u_mmu/U26/Y (sky130_fd_sc_hd__o21ai_0)
                                                   0.74     42.61 r
  u_core/u_core/u_mmu/U28/Y (sky130_fd_sc_hd__nand3_2)
                                                   0.77     43.38 f
  u_core/u_core/u_mmu/HFSINV_2973_3885/Y (sky130_fd_sc_hd__inv_4)
                                                   0.86     44.24 r
  u_core/u_core/u_mmu/U30/X (sky130_fd_sc_hd__a21o_1)
                                                   0.43     44.68 r
  u_core/u_core/u_mmu/U12/Y (sky130_fd_sc_hd__inv_4)
                                                   0.35     45.03 f
  u_core/u_core/u_mmu/U82/Y (sky130_fd_sc_hd__nor2_8)
                                                   1.00     46.03 r
  u_core/u_core/u_mmu/U41/Y (sky130_fd_sc_hd__a222oi_1)
                                                   0.48     46.51 f
  u_core/u_core/u_mmu/U453/Y (sky130_fd_sc_hd__inv_1)
                                                   0.23     46.74 r
  u_core/u_core/u_mmu/pte_addr_q_reg[19]/D (sky130_fd_sc_hd__dfrtp_1)
                                                   0.00     46.74 r
  data arrival time                                         46.74

  clock clk (rise edge)                           45.00     45.00
  clock network delay (propagated)                 2.80     47.80
  u_core/u_core/u_mmu/pte_addr_q_reg[19]/CLK (sky130_fd_sc_hd__dfrtp_1)
                                                   0.00     47.80 r
  clock uncertainty                               -0.90     46.90
  library setup time                               0.06     46.96
  data required time                                        46.96
  ------------------------------------------------------------------------
  data required time                                        46.96
  data arrival time                                        -46.74
  ------------------------------------------------------------------------
  slack (MET)                                                0.21



  Startpoint: u_soc/u_retime/u_read_resp/rd_ptr_q_reg[0] (rising edge-triggered flip-flop clocked by clk)
  Endpoint: u_core/u_core/u_mmu/pte_addr_q_reg[6] (rising edge-triggered flip-flop clocked by clk)
  Mode: func
  Corner: ss_100C_1v60
  Scenario: func@ss_100C_1v60.setup
  Path Group: REG2REG
  Path Type: max

  Point                                            Incr      Path  
  ------------------------------------------------------------------------
  clock clk (rise edge)                            0.00      0.00
  clock network delay (propagated)                 3.30      3.30

  u_soc/u_retime/u_read_resp/rd_ptr_q_reg[0]/CLK (sky130_fd_sc_hd__dfrtp_1)
                                                   0.00      3.30 r
  u_soc/u_retime/u_read_resp/rd_ptr_q_reg[0]/Q (sky130_fd_sc_hd__dfrtp_1)
                                                   1.11      4.41 f
  u_soc/u_retime/u_read_resp/gre_BUF_4_inst_27247/X (sky130_fd_sc_hd__buf_4)
                                                   0.32      4.73 f
  u_soc/u_retime/u_read_resp/ctmTdsLR_1_8476/Y (sky130_fd_sc_hd__inv_12)
                                                   0.36      5.09 r
  u_soc/u_retime/u_read_resp/U122/Y (sky130_fd_sc_hd__o22ai_1)
                                                   0.39      5.48 f
  u_soc/u_axi_tap/HFSBUF_21_847/X (sky130_fd_sc_hd__buf_4)
                                                   0.53      6.01 f
  u_soc/u_axi_tap/U149/Y (sky130_fd_sc_hd__a222oi_1)
                                                   0.49      6.51 r
  u_soc/u_axi_tap/HFSBUF_2_685/X (sky130_fd_sc_hd__clkbuf_2)
                                                   0.42      6.93 r
  u_soc/u_axi_tap/U78/Y (sky130_fd_sc_hd__nand2_8)
                                                   0.54      7.47 f
  u_core/u_core/u_lsu/HFSINV_63_3026/Y (sky130_fd_sc_hd__inv_2)
                                                   0.63      8.09 r
  u_core/u_core/u_lsu/ctmTdsLR_1_18406/X (sky130_fd_sc_hd__o22a_2)
                                                   0.44      8.53 r
  u_core/u_core/u_lsu/ctmTdsLR_3_8590/Y (sky130_fd_sc_hd__nand3_4)
                                                   0.35      8.88 f
  u_core/u_core/u_decode/HFSINV_360_3434/Y (sky130_fd_sc_hd__bufinv_8)
                                                   0.60      9.48 r
  u_core/u_core/u_decode/U58/X (sky130_fd_sc_hd__o221a_2)
                                                   0.80     10.27 r
  u_core/u_core/HFSINV_266_3829/Y (sky130_fd_sc_hd__clkinv_4)
                                                   0.44     10.71 f
  u_core/u_core/u_exec/add_324/U1_1/COUT (sky130_fd_sc_hd__fa_1)
                                                   1.15     11.86 f
  u_core/u_core/u_exec/add_324/U1_2/COUT (sky130_fd_sc_hd__fa_1)
                                                   0.89     12.75 f
  u_core/u_core/u_exec/add_324/U1_3/COUT (sky130_fd_sc_hd__fa_1)
                                                   0.93     13.68 f
  u_core/u_core/u_exec/add_324/U1_4/COUT (sky130_fd_sc_hd__fa_1)
                                                   0.89     14.57 f
  u_core/u_core/u_exec/add_324/U1_5/COUT (sky130_fd_sc_hd__fa_1)
                                                   0.90     15.47 f
  u_core/u_core/u_exec/add_324/U1_6/COUT (sky130_fd_sc_hd__fa_1)
                                                   0.89     16.37 f
  u_core/u_core/u_exec/add_324/U1_7/COUT (sky130_fd_sc_hd__fa_1)
                                                   0.91     17.28 f
  u_core/u_core/u_exec/add_324/U1_8/COUT (sky130_fd_sc_hd__fa_1)
                                                   0.93     18.21 f
  u_core/u_core/u_exec/add_324/U1_9/COUT (sky130_fd_sc_hd__fa_1)
                                                   0.92     19.13 f
  u_core/u_core/u_exec/add_324/U1_10/COUT (sky130_fd_sc_hd__fa_1)
                                                   0.92     20.05 f
  u_core/u_core/u_exec/add_324/U1_11/COUT (sky130_fd_sc_hd__fa_1)
                                                   0.90     20.96 f
  u_core/u_core/u_exec/add_324/U1_12/COUT (sky130_fd_sc_hd__fa_1)
                                                   0.91     21.86 f
  u_core/u_core/u_exec/add_324/U1_13/COUT (sky130_fd_sc_hd__fa_1)
                                                   0.91     22.77 f
  u_core/u_core/u_exec/add_324/U1_14/COUT (sky130_fd_sc_hd__fa_1)
                                                   0.89     23.66 f
  u_core/u_core/u_exec/add_324/U1_15/COUT (sky130_fd_sc_hd__fa_1)
                                                   0.90     24.56 f
  u_core/u_core/u_exec/add_324/U1_16/COUT (sky130_fd_sc_hd__fa_1)
                                                   0.91     25.47 f
  u_core/u_core/u_exec/add_324/U1_17/COUT (sky130_fd_sc_hd__fa_1)
                                                   0.91     26.38 f
  u_core/u_core/u_exec/add_324/U1_18/COUT (sky130_fd_sc_hd__fa_1)
                                                   0.88     27.26 f
  u_core/u_core/u_exec/add_324/U1_19/COUT (sky130_fd_sc_hd__fa_1)
                                                   0.91     28.17 f
  u_core/u_core/u_exec/add_324/U1_20/COUT (sky130_fd_sc_hd__fa_1)
                                                   0.91     29.08 f
  u_core/u_core/u_exec/add_324/U1_21/COUT (sky130_fd_sc_hd__fa_1)
                                                   0.91     30.00 f
  u_core/u_core/u_exec/add_324/U1_22/COUT (sky130_fd_sc_hd__fa_1)
                                                   0.91     30.91 f
  u_core/u_core/u_exec/add_324/U1_23/COUT (sky130_fd_sc_hd__fa_1)
                                                   0.92     31.83 f
  u_core/u_core/u_exec/add_324/U1_24/COUT (sky130_fd_sc_hd__fa_1)
                                                   0.90     32.74 f
  u_core/u_core/u_exec/add_324/U1_25/COUT (sky130_fd_sc_hd__fa_1)
                                                   0.91     33.65 f
  u_core/u_core/u_exec/add_324/U1_26/COUT (sky130_fd_sc_hd__fa_1)
                                                   0.91     34.56 f
  u_core/u_core/u_exec/add_324/U1_27/COUT (sky130_fd_sc_hd__fa_1)
                                                   0.92     35.48 f
  u_core/u_core/u_exec/add_324/U1_28/COUT (sky130_fd_sc_hd__fa_1)
                                                   0.94     36.42 f
  u_core/u_core/u_exec/add_324/U1_29/COUT (sky130_fd_sc_hd__fa_1)
                                                   0.90     37.32 f
  u_core/u_core/u_exec/add_324/U1_30/SUM (sky130_fd_sc_hd__fa_1)
                                                   1.01     38.33 f
  u_core/u_core/u_exec/U169/Y (sky130_fd_sc_hd__a222oi_1)
                                                   0.41     38.74 r
  u_core/u_core/u_exec/U130/Y (sky130_fd_sc_hd__inv_1)
                                                   0.36     39.10 f
  u_core/u_core/u_decode/U669/X (sky130_fd_sc_hd__a22o_2)
                                                   0.64     39.74 f
  u_core/u_core/u_fetch/U358/Y (sky130_fd_sc_hd__inv_2)
                                                   0.27     40.01 r
  u_core/u_core/u_fetch/U284/Y (sky130_fd_sc_hd__o221ai_1)
                                                   0.66     40.67 f
  u_core/u_core/u_mmu/U395/Y (sky130_fd_sc_hd__xnor2_1)
                                                   0.52     41.19 r
  u_core/u_core/u_mmu/U394/Y (sky130_fd_sc_hd__nand4_1)
                                                   0.26     41.44 f
  u_core/u_core/u_mmu/U402/Y (sky130_fd_sc_hd__nor4_1)
                                                   0.46     41.91 r
  u_core/u_core/u_mmu/U274/Y (sky130_fd_sc_hd__nand3_1)
                                                   0.36     42.26 f
  u_core/u_core/u_mmu/U473/Y (sky130_fd_sc_hd__inv_1)
                                                   0.29     42.55 r
  u_core/u_core/u_mmu/U26/Y (sky130_fd_sc_hd__o21ai_0)
                                                   0.43     42.98 f
  u_core/u_core/u_mmu/U28/Y (sky130_fd_sc_hd__nand3_2)
                                                   0.51     43.48 r
  u_core/u_core/u_mmu/HFSINV_2973_3885/Y (sky130_fd_sc_hd__inv_4)
                                                   0.47     43.95 f
  u_core/u_core/u_mmu/U30/X (sky130_fd_sc_hd__a21o_1)
                                                   0.49     44.44 f
  u_core/u_core/u_mmu/U12/Y (sky130_fd_sc_hd__inv_4)
                                                   0.63     45.07 r
  u_core/u_core/u_mmu/U82/Y (sky130_fd_sc_hd__nor2_8)
                                                   0.51     45.58 f
  u_core/u_core/u_mmu/U67/Y (sky130_fd_sc_hd__a222oi_1)
                                                   0.99     46.57 r
  u_core/u_core/u_mmu/U466/Y (sky130_fd_sc_hd__inv_1)
                                                   0.38     46.96 f
  u_core/u_core/u_mmu/pte_addr_q_reg[6]/D (sky130_fd_sc_hd__dfrtp_1)
                                                   0.00     46.96 f
  data arrival time                                         46.96

  clock clk (rise edge)                           45.00     45.00
  clock network delay (propagated)                 3.15     48.15
  u_core/u_core/u_mmu/pte_addr_q_reg[6]/CLK (sky130_fd_sc_hd__dfrtp_1)
                                                   0.00     48.15 r
  clock uncertainty                               -0.90     47.25
  library setup time                              -0.07     47.18
  data required time                                        47.18
  ------------------------------------------------------------------------
  data required time                                        47.18
  data arrival time                                        -46.96
  ------------------------------------------------------------------------
  slack (MET)                                                0.22



  Startpoint: u_soc/u_retime/u_read_resp/rd_ptr_q_reg[0] (rising edge-triggered flip-flop clocked by clk)
  Endpoint: u_core/u_core/u_mmu/pte_addr_q_reg[29] (rising edge-triggered flip-flop clocked by clk)
  Mode: func
  Corner: ss_100C_1v60
  Scenario: func@ss_100C_1v60.setup
  Path Group: REG2REG
  Path Type: max

  Point                                            Incr      Path  
  ------------------------------------------------------------------------
  clock clk (rise edge)                            0.00      0.00
  clock network delay (propagated)                 3.30      3.30

  u_soc/u_retime/u_read_resp/rd_ptr_q_reg[0]/CLK (sky130_fd_sc_hd__dfrtp_1)
                                                   0.00      3.30 r
  u_soc/u_retime/u_read_resp/rd_ptr_q_reg[0]/Q (sky130_fd_sc_hd__dfrtp_1)
                                                   1.11      4.41 f
  u_soc/u_retime/u_read_resp/gre_BUF_4_inst_27247/X (sky130_fd_sc_hd__buf_4)
                                                   0.32      4.73 f
  u_soc/u_retime/u_read_resp/ctmTdsLR_1_8476/Y (sky130_fd_sc_hd__inv_12)
                                                   0.36      5.09 r
  u_soc/u_retime/u_read_resp/U122/Y (sky130_fd_sc_hd__o22ai_1)
                                                   0.39      5.48 f
  u_soc/u_axi_tap/HFSBUF_21_847/X (sky130_fd_sc_hd__buf_4)
                                                   0.53      6.01 f
  u_soc/u_axi_tap/U149/Y (sky130_fd_sc_hd__a222oi_1)
                                                   0.49      6.51 r
  u_soc/u_axi_tap/HFSBUF_2_685/X (sky130_fd_sc_hd__clkbuf_2)
                                                   0.42      6.93 r
  u_soc/u_axi_tap/U78/Y (sky130_fd_sc_hd__nand2_8)
                                                   0.54      7.47 f
  u_core/u_core/u_lsu/HFSINV_63_3026/Y (sky130_fd_sc_hd__inv_2)
                                                   0.63      8.09 r
  u_core/u_core/u_lsu/ctmTdsLR_1_18406/X (sky130_fd_sc_hd__o22a_2)
                                                   0.44      8.53 r
  u_core/u_core/u_lsu/ctmTdsLR_3_8590/Y (sky130_fd_sc_hd__nand3_4)
                                                   0.35      8.88 f
  u_core/u_core/u_decode/HFSINV_360_3434/Y (sky130_fd_sc_hd__bufinv_8)
                                                   0.60      9.48 r
  u_core/u_core/u_decode/U58/X (sky130_fd_sc_hd__o221a_2)
                                                   0.80     10.27 r
  u_core/u_core/HFSINV_266_3829/Y (sky130_fd_sc_hd__clkinv_4)
                                                   0.44     10.71 f
  u_core/u_core/u_exec/add_324/U1_1/COUT (sky130_fd_sc_hd__fa_1)
                                                   1.15     11.86 f
  u_core/u_core/u_exec/add_324/U1_2/COUT (sky130_fd_sc_hd__fa_1)
                                                   0.89     12.75 f
  u_core/u_core/u_exec/add_324/U1_3/COUT (sky130_fd_sc_hd__fa_1)
                                                   0.93     13.68 f
  u_core/u_core/u_exec/add_324/U1_4/COUT (sky130_fd_sc_hd__fa_1)
                                                   0.89     14.57 f
  u_core/u_core/u_exec/add_324/U1_5/COUT (sky130_fd_sc_hd__fa_1)
                                                   0.90     15.47 f
  u_core/u_core/u_exec/add_324/U1_6/COUT (sky130_fd_sc_hd__fa_1)
                                                   0.89     16.37 f
  u_core/u_core/u_exec/add_324/U1_7/COUT (sky130_fd_sc_hd__fa_1)
                                                   0.91     17.28 f
  u_core/u_core/u_exec/add_324/U1_8/COUT (sky130_fd_sc_hd__fa_1)
                                                   0.93     18.21 f
  u_core/u_core/u_exec/add_324/U1_9/COUT (sky130_fd_sc_hd__fa_1)
                                                   0.92     19.13 f
  u_core/u_core/u_exec/add_324/U1_10/COUT (sky130_fd_sc_hd__fa_1)
                                                   0.92     20.05 f
  u_core/u_core/u_exec/add_324/U1_11/COUT (sky130_fd_sc_hd__fa_1)
                                                   0.90     20.96 f
  u_core/u_core/u_exec/add_324/U1_12/COUT (sky130_fd_sc_hd__fa_1)
                                                   0.91     21.86 f
  u_core/u_core/u_exec/add_324/U1_13/COUT (sky130_fd_sc_hd__fa_1)
                                                   0.91     22.77 f
  u_core/u_core/u_exec/add_324/U1_14/COUT (sky130_fd_sc_hd__fa_1)
                                                   0.89     23.66 f
  u_core/u_core/u_exec/add_324/U1_15/COUT (sky130_fd_sc_hd__fa_1)
                                                   0.90     24.56 f
  u_core/u_core/u_exec/add_324/U1_16/COUT (sky130_fd_sc_hd__fa_1)
                                                   0.91     25.47 f
  u_core/u_core/u_exec/add_324/U1_17/COUT (sky130_fd_sc_hd__fa_1)
                                                   0.91     26.38 f
  u_core/u_core/u_exec/add_324/U1_18/COUT (sky130_fd_sc_hd__fa_1)
                                                   0.88     27.26 f
  u_core/u_core/u_exec/add_324/U1_19/COUT (sky130_fd_sc_hd__fa_1)
                                                   0.91     28.17 f
  u_core/u_core/u_exec/add_324/U1_20/COUT (sky130_fd_sc_hd__fa_1)
                                                   0.91     29.08 f
  u_core/u_core/u_exec/add_324/U1_21/COUT (sky130_fd_sc_hd__fa_1)
                                                   0.91     30.00 f
  u_core/u_core/u_exec/add_324/U1_22/COUT (sky130_fd_sc_hd__fa_1)
                                                   0.91     30.91 f
  u_core/u_core/u_exec/add_324/U1_23/COUT (sky130_fd_sc_hd__fa_1)
                                                   0.92     31.83 f
  u_core/u_core/u_exec/add_324/U1_24/COUT (sky130_fd_sc_hd__fa_1)
                                                   0.90     32.74 f
  u_core/u_core/u_exec/add_324/U1_25/COUT (sky130_fd_sc_hd__fa_1)
                                                   0.91     33.65 f
  u_core/u_core/u_exec/add_324/U1_26/COUT (sky130_fd_sc_hd__fa_1)
                                                   0.91     34.56 f
  u_core/u_core/u_exec/add_324/U1_27/COUT (sky130_fd_sc_hd__fa_1)
                                                   0.92     35.48 f
  u_core/u_core/u_exec/add_324/U1_28/COUT (sky130_fd_sc_hd__fa_1)
                                                   0.94     36.42 f
  u_core/u_core/u_exec/add_324/U1_29/COUT (sky130_fd_sc_hd__fa_1)
                                                   0.90     37.32 f
  u_core/u_core/u_exec/add_324/U1_30/SUM (sky130_fd_sc_hd__fa_1)
                                                   1.01     38.33 f
  u_core/u_core/u_exec/U169/Y (sky130_fd_sc_hd__a222oi_1)
                                                   0.41     38.74 r
  u_core/u_core/u_exec/U130/Y (sky130_fd_sc_hd__inv_1)
                                                   0.36     39.10 f
  u_core/u_core/u_decode/U669/X (sky130_fd_sc_hd__a22o_2)
                                                   0.64     39.74 f
  u_core/u_core/u_fetch/U358/Y (sky130_fd_sc_hd__inv_2)
                                                   0.27     40.01 r
  u_core/u_core/u_fetch/U284/Y (sky130_fd_sc_hd__o221ai_1)
                                                   0.66     40.67 f
  u_core/u_core/u_mmu/U395/Y (sky130_fd_sc_hd__xnor2_1)
                                                   0.52     41.19 r
  u_core/u_core/u_mmu/U394/Y (sky130_fd_sc_hd__nand4_1)
                                                   0.26     41.44 f
  u_core/u_core/u_mmu/U402/Y (sky130_fd_sc_hd__nor4_1)
                                                   0.46     41.91 r
  u_core/u_core/u_mmu/U274/Y (sky130_fd_sc_hd__nand3_1)
                                                   0.36     42.26 f
  u_core/u_core/u_mmu/U473/Y (sky130_fd_sc_hd__inv_1)
                                                   0.29     42.55 r
  u_core/u_core/u_mmu/U26/Y (sky130_fd_sc_hd__o21ai_0)
                                                   0.43     42.98 f
  u_core/u_core/u_mmu/U28/Y (sky130_fd_sc_hd__nand3_2)
                                                   0.51     43.48 r
  u_core/u_core/u_mmu/HFSINV_2973_3885/Y (sky130_fd_sc_hd__inv_4)
                                                   0.47     43.95 f
  u_core/u_core/u_mmu/U30/X (sky130_fd_sc_hd__a21o_1)
                                                   0.49     44.44 f
  u_core/u_core/u_mmu/U12/Y (sky130_fd_sc_hd__inv_4)
                                                   0.63     45.07 r
  u_core/u_core/u_mmu/U82/Y (sky130_fd_sc_hd__nor2_8)
                                                   0.51     45.58 f
  u_core/u_core/u_mmu/U21/Y (sky130_fd_sc_hd__a222oi_1)
                                                   0.92     46.51 r
  u_core/u_core/u_mmu/U443/Y (sky130_fd_sc_hd__inv_1)
                                                   0.43     46.94 f
  u_core/u_core/u_mmu/pte_addr_q_reg[29]/D (sky130_fd_sc_hd__dfrtp_1)
                                                   0.00     46.94 f
  data arrival time                                         46.94

  clock clk (rise edge)                           45.00     45.00
  clock network delay (propagated)                 3.15     48.15
  u_core/u_core/u_mmu/pte_addr_q_reg[29]/CLK (sky130_fd_sc_hd__dfrtp_1)
                                                   0.00     48.15 r
  clock uncertainty                               -0.90     47.25
  library setup time                              -0.08     47.17
  data required time                                        47.17
  ------------------------------------------------------------------------
  data required time                                        47.17
  data arrival time                                        -46.94
  ------------------------------------------------------------------------
  slack (MET)                                                0.23



  Startpoint: u_soc/u_retime/u_read_resp/rd_ptr_q_reg[0] (rising edge-triggered flip-flop clocked by clk)
  Endpoint: u_core/u_core/u_fetch/branch_pc_q_reg[21] (rising edge-triggered flip-flop clocked by clk)
  Mode: func
  Corner: ss_100C_1v60
  Scenario: func@ss_100C_1v60.setup
  Path Group: REG2REG
  Path Type: max

  Point                                            Incr      Path  
  ------------------------------------------------------------------------
  clock clk (rise edge)                            0.00      0.00
  clock network delay (propagated)                 3.30      3.30

  u_soc/u_retime/u_read_resp/rd_ptr_q_reg[0]/CLK (sky130_fd_sc_hd__dfrtp_1)
                                                   0.00      3.30 r
  u_soc/u_retime/u_read_resp/rd_ptr_q_reg[0]/Q (sky130_fd_sc_hd__dfrtp_1)
                                                   1.11      4.41 f
  u_soc/u_retime/u_read_resp/gre_BUF_4_inst_27247/X (sky130_fd_sc_hd__buf_4)
                                                   0.32      4.73 f
  u_soc/u_retime/u_read_resp/ctmTdsLR_1_8476/Y (sky130_fd_sc_hd__inv_12)
                                                   0.36      5.09 r
  u_soc/u_retime/u_read_resp/U122/Y (sky130_fd_sc_hd__o22ai_1)
                                                   0.39      5.48 f
  u_soc/u_axi_tap/HFSBUF_21_847/X (sky130_fd_sc_hd__buf_4)
                                                   0.53      6.01 f
  u_soc/u_axi_tap/U149/Y (sky130_fd_sc_hd__a222oi_1)
                                                   0.49      6.51 r
  u_soc/u_axi_tap/HFSBUF_2_685/X (sky130_fd_sc_hd__clkbuf_2)
                                                   0.42      6.93 r
  u_soc/u_axi_tap/U78/Y (sky130_fd_sc_hd__nand2_8)
                                                   0.54      7.47 f
  u_core/u_core/u_lsu/HFSINV_63_3026/Y (sky130_fd_sc_hd__inv_2)
                                                   0.63      8.09 r
  u_core/u_core/u_lsu/ctmTdsLR_1_18406/X (sky130_fd_sc_hd__o22a_2)
                                                   0.44      8.53 r
  u_core/u_core/u_lsu/ctmTdsLR_3_8590/Y (sky130_fd_sc_hd__nand3_4)
                                                   0.35      8.88 f
  u_core/u_core/u_decode/HFSINV_360_3434/Y (sky130_fd_sc_hd__bufinv_8)
                                                   0.60      9.48 r
  u_core/u_core/u_decode/U58/X (sky130_fd_sc_hd__o221a_2)
                                                   0.80     10.27 r
  u_core/u_core/HFSINV_266_3829/Y (sky130_fd_sc_hd__clkinv_4)
                                                   0.44     10.71 f
  u_core/u_core/u_exec/add_324/U1_1/COUT (sky130_fd_sc_hd__fa_1)
                                                   1.15     11.86 f
  u_core/u_core/u_exec/add_324/U1_2/COUT (sky130_fd_sc_hd__fa_1)
                                                   0.89     12.75 f
  u_core/u_core/u_exec/add_324/U1_3/COUT (sky130_fd_sc_hd__fa_1)
                                                   0.93     13.68 f
  u_core/u_core/u_exec/add_324/U1_4/COUT (sky130_fd_sc_hd__fa_1)
                                                   0.89     14.57 f
  u_core/u_core/u_exec/add_324/U1_5/COUT (sky130_fd_sc_hd__fa_1)
                                                   0.90     15.47 f
  u_core/u_core/u_exec/add_324/U1_6/COUT (sky130_fd_sc_hd__fa_1)
                                                   0.89     16.37 f
  u_core/u_core/u_exec/add_324/U1_7/COUT (sky130_fd_sc_hd__fa_1)
                                                   0.91     17.28 f
  u_core/u_core/u_exec/add_324/U1_8/COUT (sky130_fd_sc_hd__fa_1)
                                                   0.93     18.21 f
  u_core/u_core/u_exec/add_324/U1_9/COUT (sky130_fd_sc_hd__fa_1)
                                                   0.92     19.13 f
  u_core/u_core/u_exec/add_324/U1_10/COUT (sky130_fd_sc_hd__fa_1)
                                                   0.92     20.05 f
  u_core/u_core/u_exec/add_324/U1_11/COUT (sky130_fd_sc_hd__fa_1)
                                                   0.90     20.96 f
  u_core/u_core/u_exec/add_324/U1_12/COUT (sky130_fd_sc_hd__fa_1)
                                                   0.91     21.86 f
  u_core/u_core/u_exec/add_324/U1_13/COUT (sky130_fd_sc_hd__fa_1)
                                                   0.91     22.77 f
  u_core/u_core/u_exec/add_324/U1_14/COUT (sky130_fd_sc_hd__fa_1)
                                                   0.89     23.66 f
  u_core/u_core/u_exec/add_324/U1_15/COUT (sky130_fd_sc_hd__fa_1)
                                                   0.90     24.56 f
  u_core/u_core/u_exec/add_324/U1_16/COUT (sky130_fd_sc_hd__fa_1)
                                                   0.91     25.47 f
  u_core/u_core/u_exec/add_324/U1_17/COUT (sky130_fd_sc_hd__fa_1)
                                                   0.91     26.38 f
  u_core/u_core/u_exec/add_324/U1_18/COUT (sky130_fd_sc_hd__fa_1)
                                                   0.88     27.26 f
  u_core/u_core/u_exec/add_324/U1_19/COUT (sky130_fd_sc_hd__fa_1)
                                                   0.91     28.17 f
  u_core/u_core/u_exec/add_324/U1_20/COUT (sky130_fd_sc_hd__fa_1)
                                                   0.91     29.08 f
  u_core/u_core/u_exec/add_324/U1_21/COUT (sky130_fd_sc_hd__fa_1)
                                                   0.91     30.00 f
  u_core/u_core/u_exec/add_324/U1_22/COUT (sky130_fd_sc_hd__fa_1)
                                                   0.91     30.91 f
  u_core/u_core/u_exec/add_324/U1_23/COUT (sky130_fd_sc_hd__fa_1)
                                                   0.92     31.83 f
  u_core/u_core/u_exec/add_324/U1_24/COUT (sky130_fd_sc_hd__fa_1)
                                                   0.90     32.74 f
  u_core/u_core/u_exec/add_324/U1_25/COUT (sky130_fd_sc_hd__fa_1)
                                                   0.91     33.65 f
  u_core/u_core/u_exec/add_324/U1_26/COUT (sky130_fd_sc_hd__fa_1)
                                                   0.91     34.56 f
  u_core/u_core/u_exec/add_324/U1_27/COUT (sky130_fd_sc_hd__fa_1)
                                                   0.92     35.48 f
  u_core/u_core/u_exec/add_324/U1_28/COUT (sky130_fd_sc_hd__fa_1)
                                                   0.94     36.42 f
  u_core/u_core/u_exec/add_324/U1_29/COUT (sky130_fd_sc_hd__fa_1)
                                                   0.90     37.32 f
  u_core/u_core/u_exec/add_324/U1_30/SUM (sky130_fd_sc_hd__fa_1)
                                                   1.01     38.33 f
  u_core/u_core/u_exec/U169/Y (sky130_fd_sc_hd__a222oi_1)
                                                   0.41     38.74 r
  u_core/u_core/u_exec/U130/Y (sky130_fd_sc_hd__inv_1)
                                                   0.36     39.10 f
  u_core/u_core/u_decode/U669/X (sky130_fd_sc_hd__a22o_2)
                                                   0.64     39.74 f
  u_core/u_core/u_fetch/U358/Y (sky130_fd_sc_hd__inv_2)
                                                   0.27     40.01 r
  u_core/u_core/u_fetch/U284/Y (sky130_fd_sc_hd__o221ai_1)
                                                   0.66     40.67 f
  u_core/u_core/u_mmu/U395/Y (sky130_fd_sc_hd__xnor2_1)
                                                   0.52     41.19 r
  u_core/u_core/u_mmu/U394/Y (sky130_fd_sc_hd__nand4_1)
                                                   0.26     41.44 f
  u_core/u_core/u_mmu/U402/Y (sky130_fd_sc_hd__nor4_1)
                                                   0.46     41.91 r
  u_core/u_core/u_mmu/U274/Y (sky130_fd_sc_hd__nand3_1)
                                                   0.36     42.26 f
  u_core/u_core/u_mmu/U473/Y (sky130_fd_sc_hd__inv_1)
                                                   0.29     42.55 r
  u_core/u_core/u_mmu/U275/Y (sky130_fd_sc_hd__o211ai_1)
                                                   0.32     42.87 f
  u_core/u_core/u_mmu/U500/Y (sky130_fd_sc_hd__nand2_1)
                                                   0.24     43.12 r
  u_core/u_core/u_fetch/U375/Y (sky130_fd_sc_hd__nand3_2)
                                                   0.30     43.41 f
  u_core/u_core/u_fetch/HFSINV_202_3922/Y (sky130_fd_sc_hd__clkinv_4)
                                                   0.48     43.89 r
  u_core/u_core/u_fetch/U258/Y (sky130_fd_sc_hd__nand2_4)
                                                   0.77     44.66 f
  u_core/u_core/u_fetch/U368/Y (sky130_fd_sc_hd__nand2_2)
                                                   1.35     46.01 r
  u_core/u_core/u_fetch/U247/Y (sky130_fd_sc_hd__o22ai_1)
                                                   0.62     46.63 f
  u_core/u_core/u_fetch/branch_pc_q_reg[21]/D (sky130_fd_sc_hd__dfrtp_1)
                                                   0.00     46.63 f
  data arrival time                                         46.63

  clock clk (rise edge)                           45.00     45.00
  clock network delay (propagated)                 2.83     47.83
  u_core/u_core/u_fetch/branch_pc_q_reg[21]/CLK (sky130_fd_sc_hd__dfrtp_1)
                                                   0.00     47.83 r
  clock uncertainty                               -0.90     46.93
  library setup time                              -0.07     46.86
  data required time                                        46.86
  ------------------------------------------------------------------------
  data required time                                        46.86
  data arrival time                                        -46.63
  ------------------------------------------------------------------------
  slack (MET)                                                0.23



  Startpoint: u_soc/u_retime/u_read_resp/rd_ptr_q_reg[0] (rising edge-triggered flip-flop clocked by clk)
  Endpoint: u_core/u_core/u_fetch/branch_pc_q_reg[12] (rising edge-triggered flip-flop clocked by clk)
  Mode: func
  Corner: ss_100C_1v60
  Scenario: func@ss_100C_1v60.setup
  Path Group: REG2REG
  Path Type: max

  Point                                            Incr      Path  
  ------------------------------------------------------------------------
  clock clk (rise edge)                            0.00      0.00
  clock network delay (propagated)                 3.30      3.30

  u_soc/u_retime/u_read_resp/rd_ptr_q_reg[0]/CLK (sky130_fd_sc_hd__dfrtp_1)
                                                   0.00      3.30 r
  u_soc/u_retime/u_read_resp/rd_ptr_q_reg[0]/Q (sky130_fd_sc_hd__dfrtp_1)
                                                   1.11      4.41 f
  u_soc/u_retime/u_read_resp/gre_BUF_4_inst_27247/X (sky130_fd_sc_hd__buf_4)
                                                   0.32      4.73 f
  u_soc/u_retime/u_read_resp/ctmTdsLR_1_8476/Y (sky130_fd_sc_hd__inv_12)
                                                   0.36      5.09 r
  u_soc/u_retime/u_read_resp/U122/Y (sky130_fd_sc_hd__o22ai_1)
                                                   0.39      5.48 f
  u_soc/u_axi_tap/HFSBUF_21_847/X (sky130_fd_sc_hd__buf_4)
                                                   0.53      6.01 f
  u_soc/u_axi_tap/U149/Y (sky130_fd_sc_hd__a222oi_1)
                                                   0.49      6.51 r
  u_soc/u_axi_tap/HFSBUF_2_685/X (sky130_fd_sc_hd__clkbuf_2)
                                                   0.42      6.93 r
  u_soc/u_axi_tap/U78/Y (sky130_fd_sc_hd__nand2_8)
                                                   0.54      7.47 f
  u_core/u_core/u_lsu/HFSINV_63_3026/Y (sky130_fd_sc_hd__inv_2)
                                                   0.63      8.09 r
  u_core/u_core/u_lsu/ctmTdsLR_1_18406/X (sky130_fd_sc_hd__o22a_2)
                                                   0.44      8.53 r
  u_core/u_core/u_lsu/ctmTdsLR_3_8590/Y (sky130_fd_sc_hd__nand3_4)
                                                   0.35      8.88 f
  u_core/u_core/u_decode/HFSINV_360_3434/Y (sky130_fd_sc_hd__bufinv_8)
                                                   0.60      9.48 r
  u_core/u_core/u_decode/U58/X (sky130_fd_sc_hd__o221a_2)
                                                   0.80     10.27 r
  u_core/u_core/HFSINV_266_3829/Y (sky130_fd_sc_hd__clkinv_4)
                                                   0.44     10.71 f
  u_core/u_core/u_exec/add_324/U1_1/COUT (sky130_fd_sc_hd__fa_1)
                                                   1.15     11.86 f
  u_core/u_core/u_exec/add_324/U1_2/COUT (sky130_fd_sc_hd__fa_1)
                                                   0.89     12.75 f
  u_core/u_core/u_exec/add_324/U1_3/COUT (sky130_fd_sc_hd__fa_1)
                                                   0.93     13.68 f
  u_core/u_core/u_exec/add_324/U1_4/COUT (sky130_fd_sc_hd__fa_1)
                                                   0.89     14.57 f
  u_core/u_core/u_exec/add_324/U1_5/COUT (sky130_fd_sc_hd__fa_1)
                                                   0.90     15.47 f
  u_core/u_core/u_exec/add_324/U1_6/COUT (sky130_fd_sc_hd__fa_1)
                                                   0.89     16.37 f
  u_core/u_core/u_exec/add_324/U1_7/COUT (sky130_fd_sc_hd__fa_1)
                                                   0.91     17.28 f
  u_core/u_core/u_exec/add_324/U1_8/COUT (sky130_fd_sc_hd__fa_1)
                                                   0.93     18.21 f
  u_core/u_core/u_exec/add_324/U1_9/COUT (sky130_fd_sc_hd__fa_1)
                                                   0.92     19.13 f
  u_core/u_core/u_exec/add_324/U1_10/COUT (sky130_fd_sc_hd__fa_1)
                                                   0.92     20.05 f
  u_core/u_core/u_exec/add_324/U1_11/COUT (sky130_fd_sc_hd__fa_1)
                                                   0.90     20.96 f
  u_core/u_core/u_exec/add_324/U1_12/COUT (sky130_fd_sc_hd__fa_1)
                                                   0.91     21.86 f
  u_core/u_core/u_exec/add_324/U1_13/COUT (sky130_fd_sc_hd__fa_1)
                                                   0.91     22.77 f
  u_core/u_core/u_exec/add_324/U1_14/COUT (sky130_fd_sc_hd__fa_1)
                                                   0.89     23.66 f
  u_core/u_core/u_exec/add_324/U1_15/COUT (sky130_fd_sc_hd__fa_1)
                                                   0.90     24.56 f
  u_core/u_core/u_exec/add_324/U1_16/COUT (sky130_fd_sc_hd__fa_1)
                                                   0.91     25.47 f
  u_core/u_core/u_exec/add_324/U1_17/COUT (sky130_fd_sc_hd__fa_1)
                                                   0.91     26.38 f
  u_core/u_core/u_exec/add_324/U1_18/COUT (sky130_fd_sc_hd__fa_1)
                                                   0.88     27.26 f
  u_core/u_core/u_exec/add_324/U1_19/COUT (sky130_fd_sc_hd__fa_1)
                                                   0.91     28.17 f
  u_core/u_core/u_exec/add_324/U1_20/COUT (sky130_fd_sc_hd__fa_1)
                                                   0.91     29.08 f
  u_core/u_core/u_exec/add_324/U1_21/COUT (sky130_fd_sc_hd__fa_1)
                                                   0.91     30.00 f
  u_core/u_core/u_exec/add_324/U1_22/COUT (sky130_fd_sc_hd__fa_1)
                                                   0.91     30.91 f
  u_core/u_core/u_exec/add_324/U1_23/COUT (sky130_fd_sc_hd__fa_1)
                                                   0.92     31.83 f
  u_core/u_core/u_exec/add_324/U1_24/COUT (sky130_fd_sc_hd__fa_1)
                                                   0.90     32.74 f
  u_core/u_core/u_exec/add_324/U1_25/COUT (sky130_fd_sc_hd__fa_1)
                                                   0.91     33.65 f
  u_core/u_core/u_exec/add_324/U1_26/COUT (sky130_fd_sc_hd__fa_1)
                                                   0.91     34.56 f
  u_core/u_core/u_exec/add_324/U1_27/COUT (sky130_fd_sc_hd__fa_1)
                                                   0.92     35.48 f
  u_core/u_core/u_exec/add_324/U1_28/COUT (sky130_fd_sc_hd__fa_1)
                                                   0.94     36.42 f
  u_core/u_core/u_exec/add_324/U1_29/COUT (sky130_fd_sc_hd__fa_1)
                                                   0.90     37.32 f
  u_core/u_core/u_exec/add_324/U1_30/SUM (sky130_fd_sc_hd__fa_1)
                                                   1.01     38.33 f
  u_core/u_core/u_exec/U169/Y (sky130_fd_sc_hd__a222oi_1)
                                                   0.41     38.74 r
  u_core/u_core/u_exec/U130/Y (sky130_fd_sc_hd__inv_1)
                                                   0.36     39.10 f
  u_core/u_core/u_decode/U669/X (sky130_fd_sc_hd__a22o_2)
                                                   0.64     39.74 f
  u_core/u_core/u_fetch/U358/Y (sky130_fd_sc_hd__inv_2)
                                                   0.27     40.01 r
  u_core/u_core/u_fetch/U284/Y (sky130_fd_sc_hd__o221ai_1)
                                                   0.66     40.67 f
  u_core/u_core/u_mmu/U395/Y (sky130_fd_sc_hd__xnor2_1)
                                                   0.52     41.19 r
  u_core/u_core/u_mmu/U394/Y (sky130_fd_sc_hd__nand4_1)
                                                   0.26     41.44 f
  u_core/u_core/u_mmu/U402/Y (sky130_fd_sc_hd__nor4_1)
                                                   0.46     41.91 r
  u_core/u_core/u_mmu/U274/Y (sky130_fd_sc_hd__nand3_1)
                                                   0.36     42.26 f
  u_core/u_core/u_mmu/U473/Y (sky130_fd_sc_hd__inv_1)
                                                   0.29     42.55 r
  u_core/u_core/u_mmu/U275/Y (sky130_fd_sc_hd__o211ai_1)
                                                   0.32     42.87 f
  u_core/u_core/u_mmu/U500/Y (sky130_fd_sc_hd__nand2_1)
                                                   0.24     43.12 r
  u_core/u_core/u_fetch/U375/Y (sky130_fd_sc_hd__nand3_2)
                                                   0.30     43.41 f
  u_core/u_core/u_fetch/HFSINV_202_3922/Y (sky130_fd_sc_hd__clkinv_4)
                                                   0.48     43.89 r
  u_core/u_core/u_fetch/U258/Y (sky130_fd_sc_hd__nand2_4)
                                                   0.77     44.66 f
  u_core/u_core/u_fetch/U368/Y (sky130_fd_sc_hd__nand2_2)
                                                   1.35     46.01 r
  u_core/u_core/u_fetch/U238/Y (sky130_fd_sc_hd__o22ai_1)
                                                   0.62     46.63 f
  u_core/u_core/u_fetch/branch_pc_q_reg[12]/D (sky130_fd_sc_hd__dfrtp_1)
                                                   0.00     46.63 f
  data arrival time                                         46.63

  clock clk (rise edge)                           45.00     45.00
  clock network delay (propagated)                 2.85     47.85
  u_core/u_core/u_fetch/branch_pc_q_reg[12]/CLK (sky130_fd_sc_hd__dfrtp_1)
                                                   0.00     47.85 r
  clock uncertainty                               -0.90     46.95
  library setup time                              -0.07     46.88
  data required time                                        46.88
  ------------------------------------------------------------------------
  data required time                                        46.88
  data arrival time                                        -46.63
  ------------------------------------------------------------------------
  slack (MET)                                                0.25



  Startpoint: u_soc/u_retime/u_read_resp/rd_ptr_q_reg[0] (rising edge-triggered flip-flop clocked by clk)
  Endpoint: u_core/u_core/u_fetch/branch_pc_q_reg[26] (rising edge-triggered flip-flop clocked by clk)
  Mode: func
  Corner: ss_100C_1v60
  Scenario: func@ss_100C_1v60.setup
  Path Group: REG2REG
  Path Type: max

  Point                                            Incr      Path  
  ------------------------------------------------------------------------
  clock clk (rise edge)                            0.00      0.00
  clock network delay (propagated)                 3.30      3.30

  u_soc/u_retime/u_read_resp/rd_ptr_q_reg[0]/CLK (sky130_fd_sc_hd__dfrtp_1)
                                                   0.00      3.30 r
  u_soc/u_retime/u_read_resp/rd_ptr_q_reg[0]/Q (sky130_fd_sc_hd__dfrtp_1)
                                                   1.11      4.41 f
  u_soc/u_retime/u_read_resp/gre_BUF_4_inst_27247/X (sky130_fd_sc_hd__buf_4)
                                                   0.32      4.73 f
  u_soc/u_retime/u_read_resp/ctmTdsLR_1_8476/Y (sky130_fd_sc_hd__inv_12)
                                                   0.36      5.09 r
  u_soc/u_retime/u_read_resp/U122/Y (sky130_fd_sc_hd__o22ai_1)
                                                   0.39      5.48 f
  u_soc/u_axi_tap/HFSBUF_21_847/X (sky130_fd_sc_hd__buf_4)
                                                   0.53      6.01 f
  u_soc/u_axi_tap/U149/Y (sky130_fd_sc_hd__a222oi_1)
                                                   0.49      6.51 r
  u_soc/u_axi_tap/HFSBUF_2_685/X (sky130_fd_sc_hd__clkbuf_2)
                                                   0.42      6.93 r
  u_soc/u_axi_tap/U78/Y (sky130_fd_sc_hd__nand2_8)
                                                   0.54      7.47 f
  u_core/u_core/u_lsu/HFSINV_63_3026/Y (sky130_fd_sc_hd__inv_2)
                                                   0.63      8.09 r
  u_core/u_core/u_lsu/ctmTdsLR_1_18406/X (sky130_fd_sc_hd__o22a_2)
                                                   0.44      8.53 r
  u_core/u_core/u_lsu/ctmTdsLR_3_8590/Y (sky130_fd_sc_hd__nand3_4)
                                                   0.35      8.88 f
  u_core/u_core/u_decode/HFSINV_360_3434/Y (sky130_fd_sc_hd__bufinv_8)
                                                   0.60      9.48 r
  u_core/u_core/u_decode/U58/X (sky130_fd_sc_hd__o221a_2)
                                                   0.80     10.27 r
  u_core/u_core/HFSINV_266_3829/Y (sky130_fd_sc_hd__clkinv_4)
                                                   0.44     10.71 f
  u_core/u_core/u_exec/add_324/U1_1/COUT (sky130_fd_sc_hd__fa_1)
                                                   1.15     11.86 f
  u_core/u_core/u_exec/add_324/U1_2/COUT (sky130_fd_sc_hd__fa_1)
                                                   0.89     12.75 f
  u_core/u_core/u_exec/add_324/U1_3/COUT (sky130_fd_sc_hd__fa_1)
                                                   0.93     13.68 f
  u_core/u_core/u_exec/add_324/U1_4/COUT (sky130_fd_sc_hd__fa_1)
                                                   0.89     14.57 f
  u_core/u_core/u_exec/add_324/U1_5/COUT (sky130_fd_sc_hd__fa_1)
                                                   0.90     15.47 f
  u_core/u_core/u_exec/add_324/U1_6/COUT (sky130_fd_sc_hd__fa_1)
                                                   0.89     16.37 f
  u_core/u_core/u_exec/add_324/U1_7/COUT (sky130_fd_sc_hd__fa_1)
                                                   0.91     17.28 f
  u_core/u_core/u_exec/add_324/U1_8/COUT (sky130_fd_sc_hd__fa_1)
                                                   0.93     18.21 f
  u_core/u_core/u_exec/add_324/U1_9/COUT (sky130_fd_sc_hd__fa_1)
                                                   0.92     19.13 f
  u_core/u_core/u_exec/add_324/U1_10/COUT (sky130_fd_sc_hd__fa_1)
                                                   0.92     20.05 f
  u_core/u_core/u_exec/add_324/U1_11/COUT (sky130_fd_sc_hd__fa_1)
                                                   0.90     20.96 f
  u_core/u_core/u_exec/add_324/U1_12/COUT (sky130_fd_sc_hd__fa_1)
                                                   0.91     21.86 f
  u_core/u_core/u_exec/add_324/U1_13/COUT (sky130_fd_sc_hd__fa_1)
                                                   0.91     22.77 f
  u_core/u_core/u_exec/add_324/U1_14/COUT (sky130_fd_sc_hd__fa_1)
                                                   0.89     23.66 f
  u_core/u_core/u_exec/add_324/U1_15/COUT (sky130_fd_sc_hd__fa_1)
                                                   0.90     24.56 f
  u_core/u_core/u_exec/add_324/U1_16/COUT (sky130_fd_sc_hd__fa_1)
                                                   0.91     25.47 f
  u_core/u_core/u_exec/add_324/U1_17/COUT (sky130_fd_sc_hd__fa_1)
                                                   0.91     26.38 f
  u_core/u_core/u_exec/add_324/U1_18/COUT (sky130_fd_sc_hd__fa_1)
                                                   0.88     27.26 f
  u_core/u_core/u_exec/add_324/U1_19/COUT (sky130_fd_sc_hd__fa_1)
                                                   0.91     28.17 f
  u_core/u_core/u_exec/add_324/U1_20/COUT (sky130_fd_sc_hd__fa_1)
                                                   0.91     29.08 f
  u_core/u_core/u_exec/add_324/U1_21/COUT (sky130_fd_sc_hd__fa_1)
                                                   0.91     30.00 f
  u_core/u_core/u_exec/add_324/U1_22/COUT (sky130_fd_sc_hd__fa_1)
                                                   0.91     30.91 f
  u_core/u_core/u_exec/add_324/U1_23/COUT (sky130_fd_sc_hd__fa_1)
                                                   0.92     31.83 f
  u_core/u_core/u_exec/add_324/U1_24/COUT (sky130_fd_sc_hd__fa_1)
                                                   0.90     32.74 f
  u_core/u_core/u_exec/add_324/U1_25/COUT (sky130_fd_sc_hd__fa_1)
                                                   0.91     33.65 f
  u_core/u_core/u_exec/add_324/U1_26/COUT (sky130_fd_sc_hd__fa_1)
                                                   0.91     34.56 f
  u_core/u_core/u_exec/add_324/U1_27/COUT (sky130_fd_sc_hd__fa_1)
                                                   0.92     35.48 f
  u_core/u_core/u_exec/add_324/U1_28/COUT (sky130_fd_sc_hd__fa_1)
                                                   0.94     36.42 f
  u_core/u_core/u_exec/add_324/U1_29/COUT (sky130_fd_sc_hd__fa_1)
                                                   0.90     37.32 f
  u_core/u_core/u_exec/add_324/U1_30/SUM (sky130_fd_sc_hd__fa_1)
                                                   1.01     38.33 f
  u_core/u_core/u_exec/U169/Y (sky130_fd_sc_hd__a222oi_1)
                                                   0.41     38.74 r
  u_core/u_core/u_exec/U130/Y (sky130_fd_sc_hd__inv_1)
                                                   0.36     39.10 f
  u_core/u_core/u_decode/U669/X (sky130_fd_sc_hd__a22o_2)
                                                   0.64     39.74 f
  u_core/u_core/u_fetch/U358/Y (sky130_fd_sc_hd__inv_2)
                                                   0.27     40.01 r
  u_core/u_core/u_fetch/U284/Y (sky130_fd_sc_hd__o221ai_1)
                                                   0.66     40.67 f
  u_core/u_core/u_mmu/U395/Y (sky130_fd_sc_hd__xnor2_1)
                                                   0.52     41.19 r
  u_core/u_core/u_mmu/U394/Y (sky130_fd_sc_hd__nand4_1)
                                                   0.26     41.44 f
  u_core/u_core/u_mmu/U402/Y (sky130_fd_sc_hd__nor4_1)
                                                   0.46     41.91 r
  u_core/u_core/u_mmu/U274/Y (sky130_fd_sc_hd__nand3_1)
                                                   0.36     42.26 f
  u_core/u_core/u_mmu/U473/Y (sky130_fd_sc_hd__inv_1)
                                                   0.29     42.55 r
  u_core/u_core/u_mmu/U275/Y (sky130_fd_sc_hd__o211ai_1)
                                                   0.32     42.87 f
  u_core/u_core/u_mmu/U500/Y (sky130_fd_sc_hd__nand2_1)
                                                   0.24     43.12 r
  u_core/u_core/u_fetch/U375/Y (sky130_fd_sc_hd__nand3_2)
                                                   0.30     43.41 f
  u_core/u_core/u_fetch/HFSINV_202_3922/Y (sky130_fd_sc_hd__clkinv_4)
                                                   0.48     43.89 r
  u_core/u_core/u_fetch/U258/Y (sky130_fd_sc_hd__nand2_4)
                                                   0.77     44.66 f
  u_core/u_core/u_fetch/U368/Y (sky130_fd_sc_hd__nand2_2)
                                                   1.35     46.01 r
  u_core/u_core/u_fetch/U252/Y (sky130_fd_sc_hd__o22ai_1)
                                                   0.62     46.63 f
  u_core/u_core/u_fetch/branch_pc_q_reg[26]/D (sky130_fd_sc_hd__dfrtp_1)
                                                   0.00     46.63 f
  data arrival time                                         46.63

  clock clk (rise edge)                           45.00     45.00
  clock network delay (propagated)                 2.85     47.85
  u_core/u_core/u_fetch/branch_pc_q_reg[26]/CLK (sky130_fd_sc_hd__dfrtp_1)
                                                   0.00     47.85 r
  clock uncertainty                               -0.90     46.95
  library setup time                              -0.07     46.88
  data required time                                        46.88
  ------------------------------------------------------------------------
  data required time                                        46.88
  data arrival time                                        -46.63
  ------------------------------------------------------------------------
  slack (MET)                                                0.25



  Startpoint: u_soc/u_retime/u_read_resp/rd_ptr_q_reg[0] (rising edge-triggered flip-flop clocked by clk)
  Endpoint: u_core/u_core/u_mmu/pte_addr_q_reg[31] (rising edge-triggered flip-flop clocked by clk)
  Mode: func
  Corner: ss_100C_1v60
  Scenario: func@ss_100C_1v60.setup
  Path Group: REG2REG
  Path Type: max

  Point                                            Incr      Path  
  ------------------------------------------------------------------------
  clock clk (rise edge)                            0.00      0.00
  clock network delay (propagated)                 3.30      3.30

  u_soc/u_retime/u_read_resp/rd_ptr_q_reg[0]/CLK (sky130_fd_sc_hd__dfrtp_1)
                                                   0.00      3.30 r
  u_soc/u_retime/u_read_resp/rd_ptr_q_reg[0]/Q (sky130_fd_sc_hd__dfrtp_1)
                                                   1.11      4.41 f
  u_soc/u_retime/u_read_resp/gre_BUF_4_inst_27247/X (sky130_fd_sc_hd__buf_4)
                                                   0.32      4.73 f
  u_soc/u_retime/u_read_resp/ctmTdsLR_1_8476/Y (sky130_fd_sc_hd__inv_12)
                                                   0.36      5.09 r
  u_soc/u_retime/u_read_resp/U122/Y (sky130_fd_sc_hd__o22ai_1)
                                                   0.39      5.48 f
  u_soc/u_axi_tap/HFSBUF_21_847/X (sky130_fd_sc_hd__buf_4)
                                                   0.53      6.01 f
  u_soc/u_axi_tap/U149/Y (sky130_fd_sc_hd__a222oi_1)
                                                   0.49      6.51 r
  u_soc/u_axi_tap/HFSBUF_2_685/X (sky130_fd_sc_hd__clkbuf_2)
                                                   0.42      6.93 r
  u_soc/u_axi_tap/U78/Y (sky130_fd_sc_hd__nand2_8)
                                                   0.54      7.47 f
  u_core/u_core/u_lsu/HFSINV_63_3026/Y (sky130_fd_sc_hd__inv_2)
                                                   0.63      8.09 r
  u_core/u_core/u_lsu/ctmTdsLR_1_18406/X (sky130_fd_sc_hd__o22a_2)
                                                   0.44      8.53 r
  u_core/u_core/u_lsu/ctmTdsLR_3_8590/Y (sky130_fd_sc_hd__nand3_4)
                                                   0.35      8.88 f
  u_core/u_core/u_decode/HFSINV_360_3434/Y (sky130_fd_sc_hd__bufinv_8)
                                                   0.60      9.48 r
  u_core/u_core/u_decode/U58/X (sky130_fd_sc_hd__o221a_2)
                                                   0.80     10.27 r
  u_core/u_core/HFSINV_266_3829/Y (sky130_fd_sc_hd__clkinv_4)
                                                   0.44     10.71 f
  u_core/u_core/u_exec/add_324/U1_1/COUT (sky130_fd_sc_hd__fa_1)
                                                   1.15     11.86 f
  u_core/u_core/u_exec/add_324/U1_2/COUT (sky130_fd_sc_hd__fa_1)
                                                   0.89     12.75 f
  u_core/u_core/u_exec/add_324/U1_3/COUT (sky130_fd_sc_hd__fa_1)
                                                   0.93     13.68 f
  u_core/u_core/u_exec/add_324/U1_4/COUT (sky130_fd_sc_hd__fa_1)
                                                   0.89     14.57 f
  u_core/u_core/u_exec/add_324/U1_5/COUT (sky130_fd_sc_hd__fa_1)
                                                   0.90     15.47 f
  u_core/u_core/u_exec/add_324/U1_6/COUT (sky130_fd_sc_hd__fa_1)
                                                   0.89     16.37 f
  u_core/u_core/u_exec/add_324/U1_7/COUT (sky130_fd_sc_hd__fa_1)
                                                   0.91     17.28 f
  u_core/u_core/u_exec/add_324/U1_8/COUT (sky130_fd_sc_hd__fa_1)
                                                   0.93     18.21 f
  u_core/u_core/u_exec/add_324/U1_9/COUT (sky130_fd_sc_hd__fa_1)
                                                   0.92     19.13 f
  u_core/u_core/u_exec/add_324/U1_10/COUT (sky130_fd_sc_hd__fa_1)
                                                   0.92     20.05 f
  u_core/u_core/u_exec/add_324/U1_11/COUT (sky130_fd_sc_hd__fa_1)
                                                   0.90     20.96 f
  u_core/u_core/u_exec/add_324/U1_12/COUT (sky130_fd_sc_hd__fa_1)
                                                   0.91     21.86 f
  u_core/u_core/u_exec/add_324/U1_13/COUT (sky130_fd_sc_hd__fa_1)
                                                   0.91     22.77 f
  u_core/u_core/u_exec/add_324/U1_14/COUT (sky130_fd_sc_hd__fa_1)
                                                   0.89     23.66 f
  u_core/u_core/u_exec/add_324/U1_15/COUT (sky130_fd_sc_hd__fa_1)
                                                   0.90     24.56 f
  u_core/u_core/u_exec/add_324/U1_16/COUT (sky130_fd_sc_hd__fa_1)
                                                   0.91     25.47 f
  u_core/u_core/u_exec/add_324/U1_17/COUT (sky130_fd_sc_hd__fa_1)
                                                   0.91     26.38 f
  u_core/u_core/u_exec/add_324/U1_18/COUT (sky130_fd_sc_hd__fa_1)
                                                   0.88     27.26 f
  u_core/u_core/u_exec/add_324/U1_19/COUT (sky130_fd_sc_hd__fa_1)
                                                   0.91     28.17 f
  u_core/u_core/u_exec/add_324/U1_20/COUT (sky130_fd_sc_hd__fa_1)
                                                   0.91     29.08 f
  u_core/u_core/u_exec/add_324/U1_21/COUT (sky130_fd_sc_hd__fa_1)
                                                   0.91     30.00 f
  u_core/u_core/u_exec/add_324/U1_22/COUT (sky130_fd_sc_hd__fa_1)
                                                   0.91     30.91 f
  u_core/u_core/u_exec/add_324/U1_23/COUT (sky130_fd_sc_hd__fa_1)
                                                   0.92     31.83 f
  u_core/u_core/u_exec/add_324/U1_24/COUT (sky130_fd_sc_hd__fa_1)
                                                   0.90     32.74 f
  u_core/u_core/u_exec/add_324/U1_25/COUT (sky130_fd_sc_hd__fa_1)
                                                   0.91     33.65 f
  u_core/u_core/u_exec/add_324/U1_26/COUT (sky130_fd_sc_hd__fa_1)
                                                   0.91     34.56 f
  u_core/u_core/u_exec/add_324/U1_27/COUT (sky130_fd_sc_hd__fa_1)
                                                   0.92     35.48 f
  u_core/u_core/u_exec/add_324/U1_28/COUT (sky130_fd_sc_hd__fa_1)
                                                   0.94     36.42 f
  u_core/u_core/u_exec/add_324/U1_29/COUT (sky130_fd_sc_hd__fa_1)
                                                   0.90     37.32 f
  u_core/u_core/u_exec/add_324/U1_30/SUM (sky130_fd_sc_hd__fa_1)
                                                   1.01     38.33 f
  u_core/u_core/u_exec/U169/Y (sky130_fd_sc_hd__a222oi_1)
                                                   0.41     38.74 r
  u_core/u_core/u_exec/U130/Y (sky130_fd_sc_hd__inv_1)
                                                   0.36     39.10 f
  u_core/u_core/u_decode/U669/X (sky130_fd_sc_hd__a22o_2)
                                                   0.64     39.74 f
  u_core/u_core/u_fetch/U358/Y (sky130_fd_sc_hd__inv_2)
                                                   0.27     40.01 r
  u_core/u_core/u_fetch/U284/Y (sky130_fd_sc_hd__o221ai_1)
                                                   0.66     40.67 f
  u_core/u_core/u_mmu/U395/Y (sky130_fd_sc_hd__xnor2_1)
                                                   0.52     41.19 r
  u_core/u_core/u_mmu/U394/Y (sky130_fd_sc_hd__nand4_1)
                                                   0.26     41.44 f
  u_core/u_core/u_mmu/U402/Y (sky130_fd_sc_hd__nor4_1)
                                                   0.46     41.91 r
  u_core/u_core/u_mmu/U274/Y (sky130_fd_sc_hd__nand3_1)
                                                   0.36     42.26 f
  u_core/u_core/u_mmu/U473/Y (sky130_fd_sc_hd__inv_1)
                                                   0.29     42.55 r
  u_core/u_core/u_mmu/U26/Y (sky130_fd_sc_hd__o21ai_0)
                                                   0.43     42.98 f
  u_core/u_core/u_mmu/U28/Y (sky130_fd_sc_hd__nand3_2)
                                                   0.51     43.48 r
  u_core/u_core/u_mmu/HFSINV_2973_3885/Y (sky130_fd_sc_hd__inv_4)
                                                   0.47     43.95 f
  u_core/u_core/u_mmu/U30/X (sky130_fd_sc_hd__a21o_1)
                                                   0.49     44.44 f
  u_core/u_core/u_mmu/U12/Y (sky130_fd_sc_hd__inv_4)
                                                   0.63     45.07 r
  u_core/u_core/u_mmu/U82/Y (sky130_fd_sc_hd__nor2_8)
                                                   0.51     45.58 f
  u_core/u_core/u_mmu/U17/Y (sky130_fd_sc_hd__a222oi_1)
                                                   0.98     46.57 r
  u_core/u_core/u_mmu/U441/Y (sky130_fd_sc_hd__inv_1)
                                                   0.34     46.91 f
  u_core/u_core/u_mmu/pte_addr_q_reg[31]/D (sky130_fd_sc_hd__dfrtp_1)
                                                   0.00     46.91 f
  data arrival time                                         46.91

  clock clk (rise edge)                           45.00     45.00
  clock network delay (propagated)                 3.15     48.15
  u_core/u_core/u_mmu/pte_addr_q_reg[31]/CLK (sky130_fd_sc_hd__dfrtp_1)
                                                   0.00     48.15 r
  clock uncertainty                               -0.90     47.25
  library setup time                              -0.06     47.19
  data required time                                        47.19
  ------------------------------------------------------------------------
  data required time                                        47.19
  data arrival time                                        -46.91
  ------------------------------------------------------------------------
  slack (MET)                                                0.28



  Startpoint: u_soc/u_retime/u_read_resp/rd_ptr_q_reg[0] (rising edge-triggered flip-flop clocked by clk)
  Endpoint: u_core/u_core/u_fetch/branch_pc_q_reg[1] (rising edge-triggered flip-flop clocked by clk)
  Mode: func
  Corner: ss_100C_1v60
  Scenario: func@ss_100C_1v60.setup
  Path Group: REG2REG
  Path Type: max

  Point                                            Incr      Path  
  ------------------------------------------------------------------------
  clock clk (rise edge)                            0.00      0.00
  clock network delay (propagated)                 3.30      3.30

  u_soc/u_retime/u_read_resp/rd_ptr_q_reg[0]/CLK (sky130_fd_sc_hd__dfrtp_1)
                                                   0.00      3.30 r
  u_soc/u_retime/u_read_resp/rd_ptr_q_reg[0]/Q (sky130_fd_sc_hd__dfrtp_1)
                                                   1.11      4.41 f
  u_soc/u_retime/u_read_resp/gre_BUF_4_inst_27247/X (sky130_fd_sc_hd__buf_4)
                                                   0.32      4.73 f
  u_soc/u_retime/u_read_resp/ctmTdsLR_1_8476/Y (sky130_fd_sc_hd__inv_12)
                                                   0.36      5.09 r
  u_soc/u_retime/u_read_resp/U122/Y (sky130_fd_sc_hd__o22ai_1)
                                                   0.39      5.48 f
  u_soc/u_axi_tap/HFSBUF_21_847/X (sky130_fd_sc_hd__buf_4)
                                                   0.53      6.01 f
  u_soc/u_axi_tap/U149/Y (sky130_fd_sc_hd__a222oi_1)
                                                   0.49      6.51 r
  u_soc/u_axi_tap/HFSBUF_2_685/X (sky130_fd_sc_hd__clkbuf_2)
                                                   0.42      6.93 r
  u_soc/u_axi_tap/U78/Y (sky130_fd_sc_hd__nand2_8)
                                                   0.54      7.47 f
  u_core/u_core/u_lsu/HFSINV_63_3026/Y (sky130_fd_sc_hd__inv_2)
                                                   0.63      8.09 r
  u_core/u_core/u_lsu/ctmTdsLR_1_18406/X (sky130_fd_sc_hd__o22a_2)
                                                   0.44      8.53 r
  u_core/u_core/u_lsu/ctmTdsLR_3_8590/Y (sky130_fd_sc_hd__nand3_4)
                                                   0.35      8.88 f
  u_core/u_core/u_decode/HFSINV_360_3434/Y (sky130_fd_sc_hd__bufinv_8)
                                                   0.60      9.48 r
  u_core/u_core/u_decode/U58/X (sky130_fd_sc_hd__o221a_2)
                                                   0.80     10.27 r
  u_core/u_core/HFSINV_266_3829/Y (sky130_fd_sc_hd__clkinv_4)
                                                   0.44     10.71 f
  u_core/u_core/u_exec/add_324/U1_1/COUT (sky130_fd_sc_hd__fa_1)
                                                   1.15     11.86 f
  u_core/u_core/u_exec/add_324/U1_2/COUT (sky130_fd_sc_hd__fa_1)
                                                   0.89     12.75 f
  u_core/u_core/u_exec/add_324/U1_3/COUT (sky130_fd_sc_hd__fa_1)
                                                   0.93     13.68 f
  u_core/u_core/u_exec/add_324/U1_4/COUT (sky130_fd_sc_hd__fa_1)
                                                   0.89     14.57 f
  u_core/u_core/u_exec/add_324/U1_5/COUT (sky130_fd_sc_hd__fa_1)
                                                   0.90     15.47 f
  u_core/u_core/u_exec/add_324/U1_6/COUT (sky130_fd_sc_hd__fa_1)
                                                   0.89     16.37 f
  u_core/u_core/u_exec/add_324/U1_7/COUT (sky130_fd_sc_hd__fa_1)
                                                   0.91     17.28 f
  u_core/u_core/u_exec/add_324/U1_8/COUT (sky130_fd_sc_hd__fa_1)
                                                   0.93     18.21 f
  u_core/u_core/u_exec/add_324/U1_9/COUT (sky130_fd_sc_hd__fa_1)
                                                   0.92     19.13 f
  u_core/u_core/u_exec/add_324/U1_10/COUT (sky130_fd_sc_hd__fa_1)
                                                   0.92     20.05 f
  u_core/u_core/u_exec/add_324/U1_11/COUT (sky130_fd_sc_hd__fa_1)
                                                   0.90     20.96 f
  u_core/u_core/u_exec/add_324/U1_12/COUT (sky130_fd_sc_hd__fa_1)
                                                   0.91     21.86 f
  u_core/u_core/u_exec/add_324/U1_13/COUT (sky130_fd_sc_hd__fa_1)
                                                   0.91     22.77 f
  u_core/u_core/u_exec/add_324/U1_14/COUT (sky130_fd_sc_hd__fa_1)
                                                   0.89     23.66 f
  u_core/u_core/u_exec/add_324/U1_15/COUT (sky130_fd_sc_hd__fa_1)
                                                   0.90     24.56 f
  u_core/u_core/u_exec/add_324/U1_16/COUT (sky130_fd_sc_hd__fa_1)
                                                   0.91     25.47 f
  u_core/u_core/u_exec/add_324/U1_17/COUT (sky130_fd_sc_hd__fa_1)
                                                   0.91     26.38 f
  u_core/u_core/u_exec/add_324/U1_18/COUT (sky130_fd_sc_hd__fa_1)
                                                   0.88     27.26 f
  u_core/u_core/u_exec/add_324/U1_19/COUT (sky130_fd_sc_hd__fa_1)
                                                   0.91     28.17 f
  u_core/u_core/u_exec/add_324/U1_20/COUT (sky130_fd_sc_hd__fa_1)
                                                   0.91     29.08 f
  u_core/u_core/u_exec/add_324/U1_21/COUT (sky130_fd_sc_hd__fa_1)
                                                   0.91     30.00 f
  u_core/u_core/u_exec/add_324/U1_22/COUT (sky130_fd_sc_hd__fa_1)
                                                   0.91     30.91 f
  u_core/u_core/u_exec/add_324/U1_23/COUT (sky130_fd_sc_hd__fa_1)
                                                   0.92     31.83 f
  u_core/u_core/u_exec/add_324/U1_24/COUT (sky130_fd_sc_hd__fa_1)
                                                   0.90     32.74 f
  u_core/u_core/u_exec/add_324/U1_25/COUT (sky130_fd_sc_hd__fa_1)
                                                   0.91     33.65 f
  u_core/u_core/u_exec/add_324/U1_26/COUT (sky130_fd_sc_hd__fa_1)
                                                   0.91     34.56 f
  u_core/u_core/u_exec/add_324/U1_27/COUT (sky130_fd_sc_hd__fa_1)
                                                   0.92     35.48 f
  u_core/u_core/u_exec/add_324/U1_28/COUT (sky130_fd_sc_hd__fa_1)
                                                   0.94     36.42 f
  u_core/u_core/u_exec/add_324/U1_29/COUT (sky130_fd_sc_hd__fa_1)
                                                   0.90     37.32 f
  u_core/u_core/u_exec/add_324/U1_30/SUM (sky130_fd_sc_hd__fa_1)
                                                   1.01     38.33 f
  u_core/u_core/u_exec/U169/Y (sky130_fd_sc_hd__a222oi_1)
                                                   0.41     38.74 r
  u_core/u_core/u_exec/U130/Y (sky130_fd_sc_hd__inv_1)
                                                   0.36     39.10 f
  u_core/u_core/u_decode/U669/X (sky130_fd_sc_hd__a22o_2)
                                                   0.64     39.74 f
  u_core/u_core/u_fetch/U358/Y (sky130_fd_sc_hd__inv_2)
                                                   0.27     40.01 r
  u_core/u_core/u_fetch/U284/Y (sky130_fd_sc_hd__o221ai_1)
                                                   0.66     40.67 f
  u_core/u_core/u_mmu/U395/Y (sky130_fd_sc_hd__xnor2_1)
                                                   0.52     41.19 r
  u_core/u_core/u_mmu/U394/Y (sky130_fd_sc_hd__nand4_1)
                                                   0.26     41.44 f
  u_core/u_core/u_mmu/U402/Y (sky130_fd_sc_hd__nor4_1)
                                                   0.46     41.91 r
  u_core/u_core/u_mmu/U274/Y (sky130_fd_sc_hd__nand3_1)
                                                   0.36     42.26 f
  u_core/u_core/u_mmu/U473/Y (sky130_fd_sc_hd__inv_1)
                                                   0.29     42.55 r
  u_core/u_core/u_mmu/U275/Y (sky130_fd_sc_hd__o211ai_1)
                                                   0.32     42.87 f
  u_core/u_core/u_mmu/U500/Y (sky130_fd_sc_hd__nand2_1)
                                                   0.24     43.12 r
  u_core/u_core/u_fetch/U375/Y (sky130_fd_sc_hd__nand3_2)
                                                   0.30     43.41 f
  u_core/u_core/u_fetch/HFSINV_202_3922/Y (sky130_fd_sc_hd__clkinv_4)
                                                   0.48     43.89 r
  u_core/u_core/u_fetch/U258/Y (sky130_fd_sc_hd__nand2_4)
                                                   0.77     44.66 f
  u_core/u_core/u_fetch/U368/Y (sky130_fd_sc_hd__nand2_2)
                                                   1.35     46.01 r
  u_core/u_core/u_fetch/U262/Y (sky130_fd_sc_hd__o22ai_1)
                                                   0.59     46.60 f
  u_core/u_core/u_fetch/branch_pc_q_reg[1]/D (sky130_fd_sc_hd__dfrtp_1)
                                                   0.00     46.60 f
  data arrival time                                         46.60

  clock clk (rise edge)                           45.00     45.00
  clock network delay (propagated)                 2.86     47.86
  u_core/u_core/u_fetch/branch_pc_q_reg[1]/CLK (sky130_fd_sc_hd__dfrtp_1)
                                                   0.00     47.86 r
  clock uncertainty                               -0.90     46.96
  library setup time                              -0.06     46.90
  data required time                                        46.90
  ------------------------------------------------------------------------
  data required time                                        46.90
  data arrival time                                        -46.60
  ------------------------------------------------------------------------
  slack (MET)                                                0.29



  Startpoint: u_core/u_dport_bridge/u_resp/rd_ptr_q_reg[0] (rising edge-triggered flip-flop clocked by clk)
  Endpoint: u_core/u_core/u_fetch/fetch_pc_q_reg[30] (rising edge-triggered flip-flop clocked by clk)
  Mode: func
  Corner: ss_100C_1v60
  Scenario: func@ss_100C_1v60.setup
  Path Group: REG2REG
  Path Type: max

  Point                                            Incr      Path  
  ------------------------------------------------------------------------
  clock clk (rise edge)                            0.00      0.00
  clock network delay (propagated)                 3.23      3.23

  u_core/u_dport_bridge/u_resp/rd_ptr_q_reg[0]/CLK (sky130_fd_sc_hd__dfrtp_2)
                                                   0.00      3.23 r
  u_core/u_dport_bridge/u_resp/rd_ptr_q_reg[0]/Q (sky130_fd_sc_hd__dfrtp_2)
                                                   1.31      4.54 f
  u_core/u_dport_bridge/u_resp/U24/Y (sky130_fd_sc_hd__clkinv_4)
                                                   0.18      4.72 r
  u_core/u_dport_bridge/u_resp/U20/Y (sky130_fd_sc_hd__nor2_2)
                                                   0.14      4.85 f
  u_core/u_dport_bridge/u_resp/U105/X (sky130_fd_sc_hd__a22o_1)
                                                   0.44      5.29 f
  u_core/u_dport_bridge/u_resp/U21/X (sky130_fd_sc_hd__a221o_1)
                                                   0.54      5.83 f
  u_core/u_core/u_arb/U8/Y (sky130_fd_sc_hd__inv_1)
                                                   0.16      5.99 r
  u_core/u_core/u_arb/ctmTdsLR_1_11299/Y (sky130_fd_sc_hd__nor2_1)
                                                   0.12      6.11 f
  u_core/u_core/u_arb/ctmTdsLR_2_11300/Y (sky130_fd_sc_hd__nand2_2)
                                                   0.19      6.30 r
  u_core/u_core/u_arb/ZINV_99_inst_17993/Y (sky130_fd_sc_hd__inv_4)
                                                   0.14      6.43 f
  u_core/u_core/u_arb/U22/Y (sky130_fd_sc_hd__nor2_8)
                                                   0.38      6.81 r
  u_core/u_core/u_lsu/ctmTdsLR_1_8988/Y (sky130_fd_sc_hd__nand2b_1)
                                                   0.25      7.07 f
  u_core/u_core/u_lsu/ctmTdsLR_2_8989/Y (sky130_fd_sc_hd__inv_2)
                                                   0.19      7.26 r
  u_core/u_core/u_decode/U110/X (sky130_fd_sc_hd__buf_6)
                                                   0.33      7.59 r
  u_core/u_core/u_decode/ctmTdsLR_4_18455/Y (sky130_fd_sc_hd__nand2_1)
                                                   0.22      7.81 f
  u_core/u_core/u_decode/ctmTdsLR_1_18452/Y (sky130_fd_sc_hd__nand4_1)
                                                   0.19      8.00 r
  u_core/u_core/u_decode/gre_d_INV_14_inst_27360/Y (sky130_fd_sc_hd__clkinv_1)
                                                   0.28      8.28 f
  u_core/u_core/u_decode/ctmTdsLR_3_8748/Y (sky130_fd_sc_hd__nand3_4)
                                                   0.22      8.51 r
  u_core/u_core/u_decode/ropt_d_inst_28070/X (sky130_fd_sc_hd__buf_12)
                                                   0.25      8.75 r
  u_core/u_core/u_decode/ctmTdsLR_1_8897/Y (sky130_fd_sc_hd__clkinv_4)
                                                   0.16      8.91 f
  u_core/u_core/u_decode/ctmTdsLR_1_12132/X (sky130_fd_sc_hd__and2_1)
                                                   0.38      9.30 f
  u_core/u_core/u_decode/ctmTdsLR_1_5710/Y (sky130_fd_sc_hd__nand2_2)
                                                   0.18      9.48 r
  u_core/u_core/u_decode/ctmTdsLR_4_4558/Y (sky130_fd_sc_hd__nand2_2)
                                                   0.17      9.65 f
  u_core/u_core/ZBUF_1488_inst_9349/X (sky130_fd_sc_hd__buf_12)
                                                   0.33      9.98 f
  u_core/u_core/ZINV_651_inst_9347/Y (sky130_fd_sc_hd__bufinv_8)
                                                   0.68     10.67 r
  u_core/u_core/u_exec/ZINV_139_inst_9346/Y (sky130_fd_sc_hd__inv_4)
                                                   0.31     10.98 f
  u_core/u_core/u_exec/sub_277_C332/U8/Y (sky130_fd_sc_hd__nor2b_1)
                                                   0.35     11.33 f
  u_core/u_core/u_exec/sub_277_C332/U77/X (sky130_fd_sc_hd__and2_1)
                                                   0.37     11.70 f
  u_core/u_core/u_exec/sub_277_C332/U76/Y (sky130_fd_sc_hd__o22ai_1)
                                                   0.36     12.06 r
  u_core/u_core/u_exec/sub_277_C332/U75/Y (sky130_fd_sc_hd__nor2_2)
                                                   0.17     12.23 f
  u_core/u_core/u_exec/sub_277_C332/U13/Y (sky130_fd_sc_hd__a2bb2oi_1)
                                                   0.30     12.53 f
  u_core/u_core/u_exec/sub_277_C332/U74/X (sky130_fd_sc_hd__and2_1)
                                                   0.37     12.90 f
  u_core/u_core/u_exec/sub_277_C332/U73/Y (sky130_fd_sc_hd__o22ai_1)
                                                   0.29     13.19 r
  u_core/u_core/u_exec/sub_277_C332/U72/Y (sky130_fd_sc_hd__nor2_1)
                                                   0.17     13.36 f
  u_core/u_core/u_exec/sub_277_C332/U11/Y (sky130_fd_sc_hd__a2bb2oi_1)
                                                   0.37     13.73 f
  u_core/u_core/u_exec/sub_277_C332/U71/X (sky130_fd_sc_hd__and2_1)
                                                   0.47     14.20 f
  u_core/u_core/u_exec/sub_277_C332/U70/Y (sky130_fd_sc_hd__o22ai_2)
                                                   0.21     14.42 r
  u_core/u_core/u_exec/sub_277_C332/U69/Y (sky130_fd_sc_hd__nor2_1)
                                                   0.18     14.60 f
  u_core/u_core/u_exec/sub_277_C332/U5/Y (sky130_fd_sc_hd__a2bb2oi_1)
                                                   0.30     14.90 f
  u_core/u_core/u_exec/sub_277_C332/U68/X (sky130_fd_sc_hd__and2_1)
                                                   0.36     15.25 f
  u_core/u_core/u_exec/sub_277_C332/U67/Y (sky130_fd_sc_hd__o22ai_1)
                                                   0.32     15.57 r
  u_core/u_core/u_exec/sub_277_C332/U66/Y (sky130_fd_sc_hd__nor2_1)
                                                   0.19     15.76 f
  u_core/u_core/u_exec/sub_277_C332/U65/Y (sky130_fd_sc_hd__a2bb2oi_1)
                                                   0.32     16.08 f
  u_core/u_core/u_exec/sub_277_C332/U64/X (sky130_fd_sc_hd__and2_1)
                                                   0.39     16.48 f
  u_core/u_core/u_exec/sub_277_C332/U63/Y (sky130_fd_sc_hd__o22ai_1)
                                                   0.27     16.74 r
  u_core/u_core/u_exec/sub_277_C332/U62/Y (sky130_fd_sc_hd__nor2_1)
                                                   0.18     16.93 f
  u_core/u_core/u_exec/sub_277_C332/U61/Y (sky130_fd_sc_hd__a2bb2oi_1)
                                                   0.35     17.27 f
  u_core/u_core/u_exec/sub_277_C332/U60/X (sky130_fd_sc_hd__and2_1)
                                                   0.45     17.72 f
  u_core/u_core/u_exec/sub_277_C332/U59/Y (sky130_fd_sc_hd__o22ai_2)
                                                   0.20     17.92 r
  u_core/u_core/u_exec/sub_277_C332/U58/Y (sky130_fd_sc_hd__nor2_1)
                                                   0.18     18.10 f
  u_core/u_core/u_exec/sub_277_C332/U57/Y (sky130_fd_sc_hd__a2bb2oi_1)
                                                   0.33     18.43 f
  u_core/u_core/u_exec/sub_277_C332/U56/X (sky130_fd_sc_hd__and2_1)
                                                   0.41     18.85 f
  u_core/u_core/u_exec/sub_277_C332/U55/Y (sky130_fd_sc_hd__o22ai_1)
                                                   0.32     19.16 r
  u_core/u_core/u_exec/sub_277_C332/U54/Y (sky130_fd_sc_hd__nor2_1)
                                                   0.20     19.36 f
  u_core/u_core/u_exec/sub_277_C332/U4/Y (sky130_fd_sc_hd__a2bb2oi_1)
                                                   0.34     19.70 f
  u_core/u_core/u_exec/sub_277_C332/U53/X (sky130_fd_sc_hd__and2_1)
                                                   0.41     20.12 f
  u_core/u_core/u_exec/sub_277_C332/U52/Y (sky130_fd_sc_hd__o22ai_1)
                                                   0.27     20.39 r
  u_core/u_core/u_exec/sub_277_C332/U51/Y (sky130_fd_sc_hd__nor2_1)
                                                   0.18     20.57 f
  u_core/u_core/u_exec/sub_277_C332/U50/Y (sky130_fd_sc_hd__a2bb2oi_1)
                                                   0.32     20.89 f
  u_core/u_core/u_exec/sub_277_C332/U49/X (sky130_fd_sc_hd__and2_1)
                                                   0.39     21.29 f
  u_core/u_core/u_exec/sub_277_C332/U48/Y (sky130_fd_sc_hd__o22ai_1)
                                                   0.29     21.58 r
  u_core/u_core/u_exec/sub_277_C332/U47/Y (sky130_fd_sc_hd__nor2_1)
                                                   0.17     21.75 f
  u_core/u_core/u_exec/sub_277_C332/U1/Y (sky130_fd_sc_hd__a2bb2oi_1)
                                                   0.33     22.07 f
  u_core/u_core/u_exec/sub_277_C332/U46/X (sky130_fd_sc_hd__and2_1)
                                                   0.41     22.48 f
  u_core/u_core/u_exec/sub_277_C332/U45/Y (sky130_fd_sc_hd__o22ai_1)
                                                   0.40     22.88 r
  u_core/u_core/u_exec/sub_277_C332/U44/Y (sky130_fd_sc_hd__nor2_1)
                                                   0.23     23.11 f
  u_core/u_core/u_exec/sub_277_C332/U2/Y (sky130_fd_sc_hd__a2bb2oi_1)
                                                   0.34     23.45 f
  u_core/u_core/u_exec/sub_277_C332/U43/X (sky130_fd_sc_hd__and2_1)
                                                   0.42     23.87 f
  u_core/u_core/u_exec/sub_277_C332/U42/Y (sky130_fd_sc_hd__o22ai_1)
                                                   0.30     24.17 r
  u_core/u_core/u_exec/sub_277_C332/U41/Y (sky130_fd_sc_hd__nor2_1)
                                                   0.18     24.35 f
  u_core/u_core/u_exec/sub_277_C332/U40/Y (sky130_fd_sc_hd__a2bb2oi_1)
                                                   0.35     24.70 f
  u_core/u_core/u_exec/sub_277_C332/U39/X (sky130_fd_sc_hd__and2_1)
                                                   0.45     25.16 f
  u_core/u_core/u_exec/sub_277_C332/U38/Y (sky130_fd_sc_hd__o22ai_2)
                                                   0.25     25.40 r
  u_core/u_core/u_exec/sub_277_C332/U37/Y (sky130_fd_sc_hd__nor2_2)
                                                   0.14     25.55 f
  u_core/u_core/u_exec/sub_277_C332/U36/Y (sky130_fd_sc_hd__a2bb2oi_1)
                                                   0.32     25.87 f
  u_core/u_core/u_exec/sub_277_C332/U35/X (sky130_fd_sc_hd__and2_1)
                                                   0.40     26.27 f
  u_core/u_core/u_exec/sub_277_C332/U34/Y (sky130_fd_sc_hd__o22ai_1)
                                                   0.31     26.58 r
  u_core/u_core/u_exec/sub_277_C332/U33/Y (sky130_fd_sc_hd__nor2_1)
                                                   0.18     26.76 f
  u_core/u_core/u_exec/sub_277_C332/U32/X (sky130_fd_sc_hd__o2bb2a_2)
                                                   0.60     27.36 f
  u_core/u_core/u_exec/sub_277_C332/ctmTdsLR_1_12171/X (sky130_fd_sc_hd__a21o_1)
                                                   0.34     27.70 f
  u_core/u_core/u_exec/sub_277_C332/ctmTdsLR_2_12172/Y (sky130_fd_sc_hd__o21ai_2)
                                                   0.15     27.85 r
  u_core/u_core/u_exec/sub_277_C332/U29/Y (sky130_fd_sc_hd__nor2_2)
                                                   0.14     27.99 f
  u_core/u_core/u_exec/sub_277_C332/U28/Y (sky130_fd_sc_hd__a2bb2oi_1)
                                                   0.32     28.31 f
  u_core/u_core/u_exec/sub_277_C332/U27/X (sky130_fd_sc_hd__and2_2)
                                                   0.46     28.76 f
  u_core/u_core/u_exec/sub_277_C332/U26/Y (sky130_fd_sc_hd__o22ai_1)
                                                   0.40     29.16 r
  u_core/u_core/u_exec/sub_277_C332/U25/Y (sky130_fd_sc_hd__nor2_1)
                                                   0.22     29.39 f
  u_core/u_core/u_exec/sub_277_C332/U24/Y (sky130_fd_sc_hd__o2bb2ai_1)
                                                   0.37     29.75 r
  u_core/u_core/u_exec/sub_277_C332/ctmTdsLR_2_11441/Y (sky130_fd_sc_hd__xnor2_1)
                                                   0.24     30.00 f
  u_core/u_core/u_exec/U11/Y (sky130_fd_sc_hd__a22oi_1)
                                                   0.39     30.39 r
  u_core/u_core/u_exec/U58/X (sky130_fd_sc_hd__o32a_2)
                                                   0.39     30.77 r
  u_core/u_core/u_exec/U57/Y (sky130_fd_sc_hd__a2bb2oi_1)
                                                   0.32     31.09 r
  u_core/u_core/u_exec/U159/X (sky130_fd_sc_hd__o41a_2)
                                                   0.39     31.48 r
  u_core/u_core/u_exec/U56/Y (sky130_fd_sc_hd__o2bb2ai_2)
                                                   0.15     31.63 f
  u_core/u_core/u_exec/U158/X (sky130_fd_sc_hd__o31a_2)
                                                   1.02     32.65 f
  u_core/u_core/u_decode/U413/Y (sky130_fd_sc_hd__nor2_4)
                                                   0.68     33.33 r
  u_core/u_core/u_fetch/U356/Y (sky130_fd_sc_hd__inv_2)
                                                   0.37     33.70 f
  u_core/u_core/u_fetch/U214/Y (sky130_fd_sc_hd__nor2_4)
                                                   0.31     34.01 r
  u_core/u_core/u_fetch/U425/Y (sky130_fd_sc_hd__inv_6)
                                                   0.35     34.35 f
  u_core/u_core/u_fetch/U233/Y (sky130_fd_sc_hd__nand2_2)
                                                   0.63     34.98 r
  u_core/u_core/u_fetch/U212/Y (sky130_fd_sc_hd__o221ai_2)
                                                   0.66     35.65 f
  u_core/u_core/u_fetch/add_131/U26/X (sky130_fd_sc_hd__and2_1)
                                                   0.58     36.23 f
  u_core/u_core/u_fetch/add_131/U27/X (sky130_fd_sc_hd__and2_1)
                                                   0.38     36.61 f
  u_core/u_core/u_fetch/add_131/U11/X (sky130_fd_sc_hd__and2_1)
                                                   0.38     36.99 f
  u_core/u_core/u_fetch/add_131/U25/X (sky130_fd_sc_hd__and2_1)
                                                   0.38     37.37 f
  u_core/u_core/u_fetch/add_131/U10/X (sky130_fd_sc_hd__and2_1)
                                                   0.37     37.74 f
  u_core/u_core/u_fetch/add_131/U24/X (sky130_fd_sc_hd__and2_1)
                                                   0.39     38.13 f
  u_core/u_core/u_fetch/add_131/U9/X (sky130_fd_sc_hd__and2_1)
                                                   0.39     38.52 f
  u_core/u_core/u_fetch/add_131/U23/X (sky130_fd_sc_hd__and2_1)
                                                   0.38     38.90 f
  u_core/u_core/u_fetch/add_131/U8/X (sky130_fd_sc_hd__and2_1)
                                                   0.40     39.30 f
  u_core/u_core/u_fetch/add_131/U22/X (sky130_fd_sc_hd__and2_1)
                                                   0.39     39.69 f
  u_core/u_core/u_fetch/add_131/U12/X (sky130_fd_sc_hd__and2_1)
                                                   0.39     40.08 f
  u_core/u_core/u_fetch/add_131/U21/X (sky130_fd_sc_hd__and2_1)
                                                   0.38     40.46 f
  u_core/u_core/u_fetch/add_131/U7/X (sky130_fd_sc_hd__and2_1)
                                                   0.41     40.87 f
  u_core/u_core/u_fetch/add_131/U20/X (sky130_fd_sc_hd__and2_1)
                                                   0.40     41.26 f
  u_core/u_core/u_fetch/add_131/U6/X (sky130_fd_sc_hd__and2_1)
                                                   0.41     41.67 f
  u_core/u_core/u_fetch/add_131/U17/X (sky130_fd_sc_hd__and2_1)
                                                   0.40     42.07 f
  u_core/u_core/u_fetch/add_131/U3/X (sky130_fd_sc_hd__and2_1)
                                                   0.40     42.47 f
  u_core/u_core/u_fetch/add_131/U16/X (sky130_fd_sc_hd__and2_1)
                                                   0.39     42.86 f
  u_core/u_core/u_fetch/add_131/U19/X (sky130_fd_sc_hd__and2_1)
                                                   0.39     43.25 f
  u_core/u_core/u_fetch/add_131/U5/X (sky130_fd_sc_hd__and2_1)
                                                   0.39     43.64 f
  u_core/u_core/u_fetch/add_131/U15/X (sky130_fd_sc_hd__and2_1)
                                                   0.39     44.03 f
  u_core/u_core/u_fetch/add_131/U2/X (sky130_fd_sc_hd__and2_1)
                                                   0.38     44.41 f
  u_core/u_core/u_fetch/add_131/U14/X (sky130_fd_sc_hd__and2_1)
                                                   0.39     44.80 f
  u_core/u_core/u_fetch/add_131/U18/X (sky130_fd_sc_hd__and2_1)
                                                   0.38     45.18 f
  u_core/u_core/u_fetch/add_131/U4/X (sky130_fd_sc_hd__and2_1)
                                                   0.39     45.57 f
  u_core/u_core/u_fetch/add_131/U13/X (sky130_fd_sc_hd__and2_1)
                                                   0.42     45.99 f
  u_core/u_core/u_fetch/add_131/U1/X (sky130_fd_sc_hd__and2_1)
                                                   0.43     46.42 f
  u_core/u_core/u_fetch/add_131/U29/X (sky130_fd_sc_hd__xor2_1)
                                                   0.34     46.76 f
  u_core/u_core/u_fetch/U75/Y (sky130_fd_sc_hd__o2bb2ai_1)
                                                   0.41     47.17 f
  u_core/u_core/u_fetch/fetch_pc_q_reg[30]/D (sky130_fd_sc_hd__dfrtp_1)
                                                   0.00     47.17 f
  data arrival time                                         47.17

  clock clk (rise edge)                           45.00     45.00
  clock network delay (propagated)                 3.60     48.60
  u_core/u_core/u_fetch/fetch_pc_q_reg[30]/CLK (sky130_fd_sc_hd__dfrtp_1)
                                                   0.00     48.60 r
  clock uncertainty                               -0.90     47.70
  library setup time                              -0.24     47.46
  data required time                                        47.46
  ------------------------------------------------------------------------
  data required time                                        47.46
  data arrival time                                        -47.17
  ------------------------------------------------------------------------
  slack (MET)                                                0.29


1
